leaf_spots,yellowing,wilting,mold,leaf_curl,discoloration,label
0.25539604426379736,0.5152902928120286,0.0,0.42726261353330786,0.0,0.44512375041825436,banana_healthy
7.491782388314215,2.7104908144577493,2.8070884414432777,7.279858321874259,0.8408395043409117,2.83056483439523,banana_cordana
7.131197932395953,3.3599477625070304,1.3366631390386305,7.395403665129475,0.40780743335957603,6.387138723834322,radish_black_leaf_spot
9.181988726574021,2.7714928627505793,1.2396925814074247,4.712516055892744,0.8939520549683247,8.652827671218917,banana_sigatoka
2.048363119398298,6.062381438115083,0.38879062878019166,0.0,2.366717314958579,5.6132258688483425,groundnut_nutrition_deficiency
2.6872703831957865,0.6426923057973897,2.2794636412935905,1.4473206691316824,7.9121906628806755,3.1295919510222916,chilli_leafcurl
0.4279913363074429,0.5559440424735896,0.0,0.0,0.4805126061992136,0.7980205172615119,radish_healthy
0.4982852552897236,0.0,0.3202398976004119,0.0,0.16202851411078031,0.0,banana_healthy
7.940477676103453,1.3222823823817496,2.7067201973549873,5.667030151180888,1.6548990228894835,5.751894715884874,chilli_anthracnose
8.307172575702525,3.656899709335227,4.502336945415789,7.098988537917125,1.5641893295206206,6.740297546033955,banana_yb_sigatoka
4.065810121857981,3.2951332312958312,1.9387347046879302,5.279022385004244,0.0,3.9220109712328144,groundnut_early_rust
1.1795714178508976,9.238825335315278,1.304900180947127,2.3636195509699554,3.8118585124835405,6.302945034187243,chilli_yellowish
0.0,0.0,0.0078091669748015236,0.4511385868933236,0.0,0.7596419618208844,banana_healthy
7.820283187840573,1.360853146559359,3.4543327824636805,5.313500637480627,0.5568674329045562,4.172066160810702,banana_cordana
5.418269311551954,2.5770897112986746,3.756970927522204,1.366043544004425,8.243305181255508,1.2924300896859924,banana_insectpest
3.005027817467914,3.025998494044276,2.484981251726815,8.095995026292298,2.1458036117827213,2.8530947706128265,cauliflower_downy_mildew
2.054733080081377,5.271550720692123,6.356263400252579,2.4021926798421416,0.5645732471516716,6.1670463726575555,cauliflower_Blackrot
2.918032634185421,7.829009883828802,6.69919215037457,3.452750515009825,3.827896519865863,7.678236647005035,groundnut_nutrition_deficiency
1.0483840078518125,8.289205453212434,2.9545720554583985,1.7503915159546057,4.537933333831024,6.538486193901811,groundnut_nutrition_deficiency
2.6508844474273494,2.117666587903566,3.1376818491179885,3.0552806960647967,3.6933216275550738,1.5676473442709653,radish_flea_beetle
0.0,5.589840308696836,3.647671409202849,0.0,3.721061338609685,7.375549750523499,groundnut_nutrition_deficiency
6.049687545896308,2.630222844656235,2.8482157970550195,3.942016385518787,0.1555687986464851,8.621076722105883,cauliflower_bacterial_spot_rot
10.0,5.595106755496098,3.746980001473874,8.409585727764187,1.6518615620007098,4.000874705611719,groundnut_late_leaf_spot
8.165694090101056,1.7366455552587685,3.063671175519143,7.0383477073623,1.4277482472273972,7.012539044224245,banana_pestalotiopsis
1.3788629621127957,0.3404705216168988,0.0,0.0,0.04586151181349094,0.0,radish_healthy
6.836864961986762,4.012787102543036,3.0788498394045494,6.876428701841424,3.578447756663579,5.8689130430073115,chilli_leafspot
0.0910415566186249,0.18958009623432176,0.0,0.0,0.7710667270447144,0.5797489767868169,radish_healthy
1.0245006006555017,4.241191371189486,6.877139635512721,2.4400956894707084,0.5393503104030606,6.242736489145463,banana_panama
0.0,0.0,0.772643670156846,0.0,0.25353527063324,0.2128972370236221,radish_healthy
4.376355441906203,4.922154270735967,4.249504080860749,3.1831380599776655,2.7893996851362157,7.639356817785478,cauliflower_Blackrot
0.0,0.0,0.4408482134788711,0.28313535402934414,0.0,0.0,chilli_healthy
7.425734879938738,5.618792756100073,4.9462484973420615,5.376199025129729,0.401060262802154,7.7577023275268875,banana_yb_sigatoka
0.0,0.0,0.12305320789115122,0.5581807259171487,0.17400876190634243,0.22891652446112346,radish_healthy
0.6852680719983567,0.34760145004199966,0.14187551183075056,0.0,0.0,0.6248094526483333,banana_healthy
0.22530170643126943,0.0,0.0,0.0,0.0,0.0,banana_healthy
8.812234564801296,6.129302239456004,4.800883659189529,5.0268801304334145,3.162481488106147,4.539090898147042,groundnut_late_leaf_spot
8.819755094072027,2.3366759841280444,1.2590043492032266,2.940219007281203,1.484706399701163,2.91705328347378,radish_black_leaf_spot
5.351788670387562,4.624141873771342,4.987332278142976,5.123384312953853,2.8407144767325527,6.148149067402971,cauliflower_bacterial_spot_rot
0.0,6.795690103844914,7.681274527656674,2.520146113597954,1.862430997392329,5.317121925974764,banana_moko
7.368833528715219,2.7964686362919022,3.1461615867760435,6.359796556953292,2.241007806417328,4.985082377381841,groundnut_late_leaf_spot
9.523535915119812,3.5058193088478973,4.629143559660167,5.8277020935454384,2.502217470988466,6.404018737446104,banana_yb_sigatoka
0.0,0.6458578037606197,0.4756924917503852,0.0,0.0,0.0,chilli_healthy
4.744588204250298,1.5594356040486275,5.4654807678953174,0.4215716690285414,3.9458866609745233,0.523848285244028,radish_flea_beetle
7.1875071393851595,2.214130177055669,4.59584201041309,2.289869579945769,3.45676248929028,3.700908216522163,radish_flea_beetle
8.098504279552918,2.06373942223483,3.256161084189616,4.176782630837675,1.8775232880212478,6.008681237350006,chilli_leafspot
3.7903841321951868,2.077005217629419,5.612811365430569,5.126690598447469,1.254087145795179,4.400139535258805,cauliflower_bacterial_spot_rot
4.697175821610932,3.7004537037887397,5.888505456857302,4.803861388258889,2.3537968270516334,5.7651300250993405,cauliflower_bacterial_spot_rot
3.336888000835704,2.992399031441693,2.406605475713948,5.476774965013614,3.4648582345945296,5.4799793338985685,cauliflower_bacterial_spot_rot
2.609113328180856,5.1360013566863625,3.7087256928267656,2.1472746892465806,2.544336743339703,7.8505418243762914,cauliflower_Blackrot
3.8719751584710336,4.550397151351268,1.4634840825612114,5.865808288511508,1.2353311505582025,6.430341050345733,groundnut_early_leaf_spot
0.4780643028705,0.0,0.11350786847795294,0.0,0.35041454991250104,0.0,groundnut_healthy
0.48110885069974174,0.47634337745408506,0.0,0.13682299373489504,0.0,0.06651036904529811,groundnut_healthy
0.05554417565241658,0.0,0.5814512862720697,0.0,0.015474044133915092,0.0,cauliflower_healthy
7.930381886727283,2.4559624148749877,4.959112797753638,4.303890906836971,2.358170513392563,3.018152343883771,chilli_leafspot
2.040143201383984,1.8302524552700516,1.4689761543824058,3.048912083317939,4.828502369608182,2.3923170980707993,chilli_whitefly
4.08065976605433,10.0,0.7082427964092881,1.037675029923542,3.573161269211862,5.416325612621195,chilli_yellowish
4.802332402472788,2.0764597196597743,3.02705432046965,7.900534629480769,3.6652527629662917,6.224579410708108,radish_downey_mildew
2.160222067610431,3.6926009125049997,2.6550837501285507,1.6530554873998078,5.990369020688377,2.681731361459359,chilli_whitefly
0.2190118026640485,0.0,0.646994606645834,0.0,0.5275272744712757,0.0,cauliflower_healthy
7.606870968689466,3.41513240157608,1.8439149904597607,5.067181488795224,3.9961411973942718,5.709609585407247,chilli_leafspot
0.12275922166368017,0.0,0.0,0.07120243331406616,0.0,0.15508791359141907,chilli_healthy
5.555275674137675,0.671411819837058,3.561392875617681,1.8184409357209732,5.325052957369018,3.7096190901100803,banana_insectpest
2.178257033253551,7.533916356368989,3.3670323249024454,0.0,1.9648003705337618,7.131811711760573,chilli_yellowish
7.995112595454278,3.9504884168199275,3.8996945705260173,3.5821185209920703,2.401192465464204,4.652022374676032,banana_pestalotiopsis
2.177562656759315,7.9451797366023005,4.100954584312465,0.482974884809954,4.541393253042159,8.189271309067077,chilli_yellowish
3.5798097411490133,2.324773863511956,2.0089566069500404,1.5704470729379825,2.1034726562353905,7.005424553721366,groundnut_early_rust
4.929031925451284,2.1869224171972137,3.432931283656847,3.822601362632382,0.4427148852287348,4.554473071902276,banana_cordana
0.7085006793637181,3.0516023419618388,4.8732275165375505,2.9976371053711874,4.344535501415382,2.377395548613974,chilli_whitefly
3.7328908191952737,3.5423459454263386,2.3426005760220443,6.462458096004991,2.5210831270406366,4.033825940124631,radish_downey_mildew
1.3788664411565943,5.268545541966678,1.9802925247126975,2.426071928137701,9.032318911048346,6.362957472495616,banana_bract_mosaic_virus
6.23857441187927,3.7742201957770822,4.012594529382749,4.578398077453146,2.021303055407943,5.221774044594416,chilli_anthracnose
8.987586310403985,5.0498502086766734,1.711568584563043,6.54998152695053,1.1422312892102355,9.153429818070654,banana_yb_sigatoka
5.580113876776953,1.2667827778873242,2.9630013844320433,3.1903769414547347,1.485644935192529,6.077788678506528,groundnut_early_rust
6.772366742288643,2.530081777665285,2.7768259835000344,4.701707999178666,2.404686695001173,7.770164142211007,groundnut_rust
2.3599608987008227,3.7007965424424123,3.2609718169397253,1.9051732625519362,6.947646288982556,5.464968198089293,radish_mosaic
7.589402086495871,1.227060007416684,4.096642684136823,2.2286107787451517,2.260578380353225,1.2337513885920999,radish_flea_beetle
8.071009033513075,0.6232424057464034,2.173835154620628,4.903784099752096,0.4410931580894366,5.1047220065561705,radish_black_leaf_spot
6.8171203598870305,4.071463305331211,1.7902721918874864,6.101967555162993,0.6945283854688902,6.178909383381708,banana_yb_sigatoka
2.9806875558794172,5.244945420564669,8.961543007003543,2.040229642866305,0.0,4.59818660657976,banana_panama
8.54564527570013,4.9206008785442785,3.310665018855247,4.72103674638149,2.7138252480766933,6.2641457290288045,banana_yb_sigatoka
0.3819726818577331,0.0,0.0,0.0,0.0,1.1965061473833933,cauliflower_healthy
0.6455261163512168,0.9508828543507721,0.0,0.6378859103791612,0.0,0.0,chilli_healthy
2.6236054556571533,3.4219296411452564,1.8253091079634287,1.5154903334255065,3.8189890701201112,2.938786118275583,radish_flea_beetle
0.0,0.0,0.40371492514779944,0.0,0.39418240038867813,0.0,groundnut_healthy
4.429780029223807,5.979529505879406,3.1765074982056176,0.0,5.976095997026606,8.075916856998454,radish_mosaic
4.449641123237926,4.322182721918381,0.0,3.069796678766716,0.7377037550944896,5.339158941639292,groundnut_early_rust
6.394790976694779,5.7346059423423,3.6831471879240767,6.086002264656293,1.7091494502738664,8.154652694297317,banana_yb_sigatoka
9.053846678523975,4.007097414468714,3.5458525652793,5.005776276276593,3.286269037850165,4.479882034831826,chilli_leafspot
0.8114379922356048,0.348111841281424,0.7783282838272887,0.07589797443625021,0.3817562835873985,0.6123622609548778,groundnut_healthy
1.9560920307884826,7.791579997698845,9.308220165224537,2.1022847224540233,0.0,4.974506264868509,banana_moko
4.513986714259163,3.1553060121783605,4.576255783997064,4.037019391308327,1.1799427561758447,7.330409303946869,cauliflower_bacterial_spot_rot
2.3947823346855155,7.55102622746993,3.6029914407025685,1.4203132575604576,1.7411155684911204,6.041114731799334,groundnut_nutrition_deficiency
7.15510585678107,2.1357743859887472,2.9397243784920764,6.848514742024953,0.5915604286670084,7.93911415202227,groundnut_rust
0.0,7.270471098413525,1.3973681851569388,0.0,1.940464165201716,5.790748626675775,groundnut_nutrition_deficiency
2.7508008173180074,3.971410932300461,0.7149290023266652,1.5789668982918224,5.7318446576089785,7.856800592910511,banana_bract_mosaic_virus
3.988853726118621,2.368377287223485,6.176089238218507,1.5885453661309232,7.334018361573603,2.3889439648810384,banana_insectpest
7.853358856260842,1.534934976223186,0.7176463632241499,3.3463432126953796,2.6648546850077044,4.861314989832079,radish_black_leaf_spot
9.324464016467116,3.5386130547501784,2.923932177558227,6.5793481488723815,3.3002997237319946,4.599847168181873,banana_pestalotiopsis
0.04608708411960868,0.0,0.0,0.0,0.0,0.0,radish_healthy
8.599785963168571,2.6106318212544,2.566523768502752,6.146989110449345,2.1048289103123166,6.123024249269497,banana_yb_sigatoka
0.8746560003906076,8.170045889492025,5.407326116900885,2.5098753250068833,4.117763423464787,7.989591475419103,chilli_yellowish
4.902591667619851,4.509998522324095,3.1987614023799447,3.660891229839057,2.1552219004630833,7.848679933609575,groundnut_early_rust
0.45232874095492054,0.0,0.6080258626142202,0.0,0.30021653836550083,0.0,groundnut_healthy
3.647534278384392,2.6496744833126153,3.13664027247575,0.11266060044860282,5.954194193871094,5.405662861392679,radish_mosaic
3.4340559547098106,3.1721757142594704,1.3292937832740939,1.4526542500774249,7.878628835081209,6.921099686712415,banana_bract_mosaic_virus
5.578141829034741,1.6807329267248121,3.941469440867043,3.0766772263096684,3.6675302645225916,5.876959357904248,groundnut_rust
0.19145187320862833,7.149044595935721,5.744864923427475,1.8206531682020135,0.0,5.428135438279771,banana_panama
5.470466897948276,1.6909976593617024,1.2232444051195048,1.0442389461305381,4.938284862412761,4.508070242212033,radish_flea_beetle
8.139464962529589,1.2181224378601159,0.0,6.121183893487128,0.0,3.7302815177287796,banana_cordana
3.264757587406426,1.7888438483929356,6.233786798634613,8.762374140298483,1.2851765286682613,3.189337551250192,radish_downey_mildew
0.3859015001370896,0.0,0.0,0.03184497771344424,0.0,0.0,groundnut_healthy
4.416399347308376,0.7370888477087931,1.0450939075263086,2.1064021171021037,0.0,5.312870069273872,groundnut_early_rust
4.985365320087327,1.1046367751649147,0.9246983625439413,3.2566346793947396,0.0,4.686163809159777,groundnut_early_rust
1.1524043519644496,8.794250483230993,2.597659830579196,0.47735288887306515,0.178610144265396,5.873124100072361,chilli_yellowish
0.7688679923606863,2.0295768538526517,1.3982078188938083,0.8511073286763525,10.0,4.987431067340022,chilli_leafcurl
1.6216440136566508,5.870772759200345,8.29530033837969,2.0372639674325477,3.778352922123843,4.660138353265721,banana_moko
0.5761801766833914,2.6319008787718676,1.7752499513954152,1.020722973809885,4.4955736081081685,4.198979513540623,chilli_whitefly
4.728875790431962,6.507537483036387,2.249955626657262,1.2241037362312048,6.05363013919474,6.089602855312152,radish_mosaic
6.636332779121203,5.88366350490503,3.0576213805896924,7.304782054390354,3.2536534901175207,3.8384717428724207,groundnut_late_leaf_spot
1.7347490437555393,7.083243763189683,8.231116302477567,5.870531562328791,0.0,5.81986761774657,banana_moko
6.160300881290562,2.1323122741054266,5.371466776120582,4.652007516398857,0.9673713584225132,5.913026736487158,cauliflower_bacterial_spot_rot
7.146436127660625,4.140549059379822,3.2834683755170797,4.873013316275182,1.5387351480884948,4.753079607587393,banana_pestalotiopsis
3.4247722620764103,6.271184450004537,4.715729831417849,2.699393683347367,5.181720512192862,4.681283226752605,chilli_whitefly
6.022560827775777,3.0620520762998558,3.7989892489083688,1.3879626135931176,2.358609642859247,3.7074093069887146,radish_flea_beetle
0.11551516287142088,0.0,0.49699357845266484,0.595503274875346,0.0,0.0,groundnut_healthy
4.383474147001523,1.1905848430904165,1.2755533171478517,9.068174370279468,2.842924780611276,2.894361309835202,radish_downey_mildew
5.50541213376982,2.0979077223753744,1.9536594397415423,3.178382928984815,0.0,2.733834943681165,groundnut_early_leaf_spot
2.0670367278133965,6.6284203432143265,9.375233090016097,0.0,1.9800675892089092,4.873017491002763,banana_moko
6.944060525650756,5.007435164414995,2.7483610149441406,5.637836435681911,2.606623239079668,8.864556335727954,groundnut_rust
8.05596483987916,4.374928515315484,1.9987516652458541,5.718505164456975,2.825911652926896,7.6572867744850726,banana_yb_sigatoka
4.427239802053608,3.1228586380171834,2.2441591810351498,5.115716455434205,0.0,6.203792007100425,chilli_anthracnose
2.2217103762244035,6.062210959317855,4.089322276610874,0.6732330988115065,2.8173320943842115,9.461128455757718,groundnut_nutrition_deficiency
3.8539787557526255,1.3663032318759853,1.113902354236546,3.284817743387437,1.0941214086371196,6.335085305130422,groundnut_early_rust
2.49266010239314,6.722716627050784,9.671817509521887,4.007218937077923,3.0473892212067613,3.8406119319554994,banana_moko
0.7640332702676771,7.055295065959782,6.711573609298697,3.0972990514809884,1.4232224702141103,8.047257947339434,banana_moko
3.5213466925498604,4.597141122987386,2.0745122409007206,8.733057539662386,2.9161085755810436,2.704478417756901,radish_downey_mildew
9.208736650095373,3.2581899494797972,0.056992332180962224,7.755687417290486,0.6808959109653376,6.668249666841775,banana_sigatoka
2.6505739844633256,3.0973495001022036,1.9806990363404335,8.181459465605057,0.9691072203616922,4.032985160032975,cauliflower_downy_mildew
0.0,0.0,0.09599689431113377,0.7961125368243874,0.0,0.0,cauliflower_healthy
9.40961735903364,3.0554240853641157,3.6534158669141314,6.136792307270031,1.188486187263908,5.28805979419033,groundnut_late_leaf_spot
7.762311643820768,6.56075048126715,4.041366551450935,6.2728860947899445,0.93218627487063,5.847064530106132,banana_yb_sigatoka
0.0,6.548655676431016,8.527941242706412,1.0850984592765027,0.08756363054064342,5.5276661015603885,banana_panama
0.0,0.0912939021071681,0.0,0.12521514150052243,0.3401435828588784,0.0,cauliflower_healthy
3.1228140717769532,6.525866113992991,2.866006476851882,0.0,5.370575680464271,7.587249473473502,banana_bract_mosaic_virus
7.5985616312499475,3.605949688699837,3.3292653151789384,7.67992257807127,1.7731726001298407,6.175770733983982,banana_sigatoka
6.738437938047125,2.2264534427058322,3.2478067501749965,5.107073944249699,2.0756211906790742,6.6284216896549975,chilli_anthracnose
5.8287410265747415,3.307405351475667,2.304281873765415,2.9887541297750824,0.0,5.740551698660009,groundnut_early_rust
4.0826546032340465,4.305528303922262,3.6262694809621014,4.665602274290495,2.675263832098495,4.826310884803737,chilli_anthracnose
3.4907556009689102,0.8359753090396167,4.0735026392024105,2.3984905265638976,3.39638433696219,1.7663617626442378,radish_flea_beetle
4.51352362543048,0.0,3.151956719309223,3.1345657783910776,6.840367192070827,1.676089532923058,radish_flea_beetle
10.0,4.518931732509175,3.6367147978671897,4.708221540126121,1.5378735477866565,4.120836581542865,groundnut_late_leaf_spot
4.805229111307008,3.2335291181532293,2.459828462452793,3.519836724036928,1.5577543233327584,5.478033160520807,groundnut_early_leaf_spot
7.153354463265847,3.984752392846839,3.788278447583577,5.133183114461965,2.0718917288954044,7.1485055710291325,banana_yb_sigatoka
3.3822010235978075,5.8752985420636135,2.4262239327524657,1.6343852448875236,5.209173204231893,2.726017888769797,chilli_whitefly
6.747606672561411,1.839294314422721,3.468581152649202,6.290144898778108,1.0200643642148162,7.537523574481611,chilli_anthracnose
0.6431595064869017,0.0,0.0,0.08497425984889824,0.0,0.43751225099677954,radish_healthy
0.6675750068699873,7.607552426799042,5.323096860866895,1.2472910445661165,3.7326340730511918,7.195161363880213,chilli_yellowish
5.036224888454738,6.384881059032596,3.7803734369956112,3.0301506111668366,5.301131831883991,3.4392670985529494,chilli_whitefly
9.55847832729589,3.71609909919538,4.581673547804869,6.411594136885567,2.78111794699994,6.658339185840794,groundnut_late_leaf_spot
7.843502207819466,2.703812003428131,0.5592275212146858,1.5023903336287465,3.981439709939563,5.291865887902671,chilli_leafspot
2.8681466929569743,3.800009735947148,2.0006167441389575,5.867697410207568,1.9618864120517745,5.746288362579699,radish_downey_mildew
0.2150445780858761,0.0,0.0,0.0,0.27125211483225775,0.6293806198800342,cauliflower_healthy
6.162992201488586,1.9173828439581893,1.5128349824716096,5.626643053605691,2.4863486541612807,8.373579333062878,groundnut_rust
10.0,4.819605951483548,3.2400405447747938,5.919587949929735,1.0139830084339732,8.948235053070167,banana_yb_sigatoka
9.024145355497032,5.07004069728349,1.1931276988081974,7.403799746585081,0.0,6.488508460078598,banana_sigatoka
0.3138630265700326,0.0,0.0,0.0,0.3649605984524557,0.0,radish_healthy
0.9162785217396009,0.4070758810591333,0.24103336366769307,0.18436657365875986,0.19689864910812577,0.0,banana_healthy
9.711843385287969,1.4971065786173465,0.7395390711802323,3.0636871294254426,1.197090482827738,4.924701769317019,chilli_leafspot
2.8499136890465047,0.9971986299430733,5.102186137229053,2.3569720823184173,3.1316428044273046,2.958991824413444,radish_flea_beetle
7.883900713603574,2.485893923999957,2.313685403056653,3.5025805390388194,4.351821472422844,3.831360615568092,chilli_leafspot
3.3326575038870634,1.8439276477356559,6.002883430991597,0.8689303930497485,8.937734548851822,2.6135662146095298,banana_insectpest
7.608063463206545,6.382456474312352,1.1363576665922153,4.315729644523605,1.8994602801331224,7.704845730705343,banana_pestalotiopsis
8.75636709974891,5.206877983672886,2.8996443781932935,5.803169469287835,2.588791616870465,2.7983739794573053,groundnut_late_leaf_spot
6.734495651697074,2.6678240401332953,2.3688880373709207,5.978884655047156,2.0325681860316944,3.3003070737172737,banana_cordana
0.7263931278283386,4.3116270454752135,9.482721692641558,3.5851949474488523,1.129616945175401,4.912021745814849,banana_panama
0.0,0.0,0.0,0.3607396618786716,0.0,0.37874757466874276,banana_healthy
2.5976377754336504,7.767575977971784,4.430313719908257,2.877196607275593,6.384081474699206,5.984710242457142,radish_mosaic
3.5264820480689707,5.605477130401359,1.6884446504336708,0.783976860203764,7.380523823683368,6.2918487688851155,radish_mosaic
1.9169367104701784,0.4082782072304043,2.67535591540648,1.7479065081501672,8.852674289175827,5.0827909133564635,chilli_leafcurl
1.5239162170246545,1.6191794093089582,5.129418239703964,2.230277283047643,9.338011173747775,4.230130983098128,banana_insectpest
8.05611349013058,4.398846799868782,0.0,7.544686275329616,0.0,5.250198457878621,banana_sigatoka
7.377803196050784,3.408337004235599,1.1204815594851125,6.614489782993392,2.4442035617844047,5.511731259513131,groundnut_late_leaf_spot
5.413564794730499,4.513536928706234,3.2024013120231496,5.511094562154556,1.8358653595291157,4.918279310789385,groundnut_late_leaf_spot
8.403821079742043,2.579560986701034,2.084118750730877,5.289742910048346,2.8952695266626343,3.167406759946303,radish_black_leaf_spot
0.7689582728366284,7.074797619542948,8.128603898311516,1.7057847103624835,1.7896465641151846,5.479181122062957,banana_moko
9.22175778102166,3.154150938887778,2.8112568538033784,1.8104440874561099,2.293606441216326,4.385870973804516,radish_black_leaf_spot
7.073369134634745,5.998723856423833,2.549399951909315,6.839357096274842,0.0,6.415986235627743,banana_pestalotiopsis
5.567289992321133,3.171531713716448,4.07901799938211,7.677560175431159,1.7656613217289086,4.601013369933348,banana_cordana
4.294776855573128,1.5365060582018013,3.8216192251276193,0.7101040467931303,5.859957072405081,4.125446708847635,radish_flea_beetle
2.2689109781725003,5.0151108809381535,2.117211318258598,0.07238825937344029,6.029412209110731,7.597597949494539,banana_bract_mosaic_virus
8.482938630186585,1.7147355844211414,2.816259326540539,6.43100901497357,0.0,4.383582191102772,banana_cordana
3.584210482760989,7.012687511569348,5.194632030008937,1.9022528146665447,1.8105890167185636,8.693020345528653,cauliflower_Blackrot
0.0,0.18269810411809648,0.0,0.2678201125083046,0.0,0.0,cauliflower_healthy
1.4831234420407786,9.686493145205931,4.270646215890674,2.3557610792590706,3.827027518437778,6.825318820308539,chilli_yellowish
4.496276345159825,1.1878271173444226,2.239126655298135,3.0669475543398645,2.276747014055017,5.502052945040624,groundnut_early_rust
0.0,5.018529789433794,9.469451192684872,2.698138124754035,0.9805322588848705,7.388200537244387,banana_panama
0.867677940896803,0.594598798638516,4.503676472314695,0.0,10.0,0.6922446434911467,chilli_leafcurl
10.0,6.428635572461212,2.7591777379496043,5.514364971764008,3.2355252337036315,9.378964540202713,banana_yb_sigatoka
5.227161273017116,0.4119868014509287,0.6227433875121346,1.7150271961477106,1.3491051370150648,3.310485833665148,radish_flea_beetle
5.507631773126743,2.4431570871038217,0.15119944257044748,2.2032038263551295,1.6852246058056124,4.64462585503537,radish_black_leaf_spot
0.5084154445064257,0.3136640601369047,0.2784739411702516,0.0,0.0,0.11179972722295264,cauliflower_healthy
5.10001442117011,2.599943933270801,4.602200734040583,4.0964347911556365,2.048627530780412,6.913408846861966,cauliflower_bacterial_spot_rot
4.8030134798074196,2.45074547804365,1.7428063206261035,3.4723618518894797,0.9911333561436116,6.976608684780826,groundnut_early_rust
1.3212619475010867,2.0285345810427695,4.851601038308868,6.563754697388383,3.999932976277039,2.3118131058659124,radish_downey_mildew
1.2498010540531528,8.664193108988473,4.29768785327098,0.8112747955090065,1.7181554022548198,7.647457040033221,chilli_yellowish
6.799453943456307,3.3390959405859597,1.7015706485797435,6.928814691223991,1.5891699419659016,4.881853343259781,banana_cordana
8.21268331679323,5.523106806278345,1.4032194243707967,7.3528984465518565,1.196001616813046,7.754060419508542,banana_sigatoka
6.365858802519531,1.8236235048592833,1.478906754560307,5.1931705971045865,3.8092492391760375,5.50959318515275,chilli_anthracnose
8.4851553022888,1.9542569130518626,1.7024549512065326,6.424038224621528,0.3808228127811045,6.5002476751080485,banana_sigatoka
5.214449502945547,1.8580900852161395,2.1878507498029527,7.152405719167333,3.34657969142559,7.529061761729976,groundnut_rust
5.793677208723165,1.3689584776040125,2.293991931230777,9.08957570936616,2.775254412114478,2.6701903642183042,cauliflower_downy_mildew
6.368942960542969,3.351610568710386,5.702625839428241,1.9944012788382737,2.4452644858584356,5.1180298784912805,cauliflower_bacterial_spot_rot
4.940091263756606,3.7385049393642467,0.0,3.4912092565603365,5.104258486229151,0.7970200406370647,radish_flea_beetle
3.1249370181818446,6.668862732635189,3.1306133663401488,2.4281315747436887,3.3810513084228115,6.17913083130233,groundnut_nutrition_deficiency
8.508791309737651,2.732666116975496,0.0,5.7697370971150805,1.137930126110958,7.7127943819137235,banana_sigatoka
7.630524841953863,3.8328241044728903,3.5385300697118147,3.3432545401535525,3.8798590051459123,5.763850445690801,chilli_leafspot
0.0,0.747469113726618,0.020662816135309233,0.2215010652236876,0.4757748852870214,0.0,banana_healthy
10.0,1.4302829436163544,1.1604790295571634,6.7487492640257045,2.7457914089759807,4.036316376952218,banana_sigatoka
5.193336850610689,2.7752074245374616,1.1540087669693295,4.450483583513456,7.3543359287450425,2.0682010314083996,banana_insectpest
0.0,0.0,0.20854024900432233,0.0,0.0,0.0,chilli_healthy
0.5640013131007539,0.5801240659148095,0.09652540147905742,0.0,0.8898309435438445,0.27799371684506946,chilli_healthy
6.221037708716752,2.4445003446164075,6.290468665299697,5.3325998387768605,3.2990444104194916,5.207822559196229,cauliflower_bacterial_spot_rot
5.399740963687491,1.472408001322474,1.55025937995393,4.566174087407374,0.27450389481502513,5.036610512366538,groundnut_early_leaf_spot
3.193148405144831,2.2024170312926112,2.4562128651265356,3.1125995344626824,1.0248504204224842,4.717527654952408,groundnut_early_rust
6.369075172580329,1.3633584796447902,5.479735901140221,3.183080264105168,1.5574360817733575,7.135129152767325,cauliflower_bacterial_spot_rot
8.49387886299714,2.87031619719757,4.345160428337254,6.966689643367408,3.1709880047462757,5.010629244402675,banana_pestalotiopsis
8.976339843741746,5.723882022072205,0.7113371147904965,6.166740687666113,2.8584968494928527,5.30235632495368,groundnut_late_leaf_spot
3.278498756243879,7.269932980644427,4.910227048917677,1.534393794610693,2.6203989681122017,5.797836199368323,groundnut_nutrition_deficiency
0.9790658076508878,0.24490562739700655,0.0,0.41633287894018034,0.0,0.22600268429122386,chilli_healthy
0.5760111514226884,0.0,0.41255817988133364,0.33677208115440865,0.0,0.7564926557063433,radish_healthy
0.0,5.729684829010376,6.145882008152006,2.2311818391776295,1.4384730903101688,5.953005461468688,banana_panama
2.3553443324774914,5.313266326615867,2.006136147970953,0.7184954399498238,4.301555109539503,6.495225612681569,banana_bract_mosaic_virus
5.079530079299073,1.5718922170798544,3.8316164636216556,0.6777081860306235,2.9265161828961492,1.2586903670580727,radish_flea_beetle
1.4268800583516184,9.057830612711795,4.5593174580845455,3.693326010934562,2.5246383355613227,5.8796389400926685,chilli_yellowish
2.0780314820163825,7.349732063982975,8.38489344362579,2.8198548848012828,2.6683063930143875,8.14481569731579,banana_panama
4.5415873896920935,1.6359682572950218,4.482580523403683,8.764542848493473,3.870060814256938,3.1849336753382795,cauliflower_downy_mildew
9.839375758788103,4.185715180292025,3.161027593891011,3.63680674758934,1.9951414987805103,4.577339217323052,chilli_leafspot
0.0,0.0,0.18084754968484076,0.0,0.45005010012101115,0.0,radish_healthy
5.114212974908472,1.0253853058495845,2.530478742110951,3.933290229128275,1.3799490686841376,5.736568101063432,chilli_anthracnose
5.941204837631346,4.479661205382497,0.9986069826994957,3.3373228833207564,2.245837169702825,7.572537673381038,groundnut_rust
5.654630047954134,2.7250225884324526,1.746257354921501,8.042776148916117,4.4137893351067055,2.850632277839519,radish_downey_mildew
3.008772258786469,4.216851224837131,1.4645798801422645,0.0,5.457232416901108,4.0913448080452515,banana_bract_mosaic_virus
0.0,8.34397461391534,2.838461480324124,3.5047181566105765,2.8792779898125755,6.764117158939969,chilli_yellowish
5.308785976513943,2.628780993598099,0.14244912634143247,3.6832724838500104,3.106191549808748,9.077436281967234,groundnut_rust
0.0,0.0,0.13592957389636037,0.0,0.0,0.0,radish_healthy
8.97406207913789,1.9467056486637644,1.6996745299943505,5.396671871642198,0.8872718979253855,2.640244325233697,radish_black_leaf_spot
6.942279553727605,4.108371759047722,4.397294088642324,7.110812109256643,2.0412000662826024,4.565001196541518,banana_pestalotiopsis
6.583248745645867,1.747096877011391,3.129507676002703,3.2930277454187324,2.406105752040181,6.156741501265654,chilli_leafspot
5.5509935791742695,1.679829100474757,6.127043421994457,3.1945467098393334,1.806457479606626,7.64673469613589,cauliflower_bacterial_spot_rot
7.205247391164576,3.160414605885148,0.9644205178605336,5.430489665729963,3.3889063351925905,7.379372472994236,chilli_anthracnose
7.988042026458057,4.842436388400792,2.237210680345094,3.9740742382455485,1.5140234965257384,6.4701944492593215,banana_sigatoka
2.601100625149257,3.826933706241739,2.119198766515071,1.901664548046147,3.996713662654354,7.652032230855922,banana_bract_mosaic_virus
2.475525105134133,9.74719705910179,2.6049545240053007,0.4301369625243552,4.116612918643321,7.373690021427197,chilli_yellowish
4.939448481938287,1.4826493165098813,4.489663416204107,2.660957086728396,7.533728569397914,2.0092155806374294,banana_insectpest
6.228975532716307,1.9505417710211386,3.4205323837809214,6.243473752223679,2.6935421388128615,5.587403124848802,radish_black_leaf_spot
2.826997348489203,6.179638861256334,7.6715248973998875,2.9828755764607338,2.179517549022546,5.1173926096495075,banana_moko
0.24427849850036143,2.292344025787789,2.7988421694139634,2.3356008389664167,10.0,5.582329393813653,chilli_leafcurl
1.4904280053009074,9.494664832278536,2.857934595186926,4.166425350951108,3.7036908119638823,5.891901250011575,chilli_yellowish
0.0,0.0,0.5285217095826829,0.0,0.5979709537176535,0.44087320038000605,cauliflower_healthy
8.937629743767818,5.062847322473083,4.254552288578703,5.758296119907632,2.4574935861945186,6.951272521985764,banana_yb_sigatoka
2.37155486053257,3.3610448863388664,3.057618495684114,4.338755733737143,1.8827861723696424,9.11108501207326,cauliflower_Blackrot
3.6677303543849433,8.810104353070061,2.404663224259948,2.100826113119712,2.8986758563733623,6.216716457323785,chilli_yellowish
7.229214320465648,3.734338280695852,0.9950133116696636,5.170354612891011,4.093368710462586,3.566492423573755,radish_black_leaf_spot
0.0,0.0,0.0,0.0,0.6187190673420696,0.0,banana_healthy
2.246860810535056,3.989025098901556,4.228111639939407,0.9402952939868077,6.452489660310389,5.413270293408282,radish_mosaic
6.367023576020927,1.4633346446433801,0.4818972822821197,4.173558015599905,0.8977084850326489,6.722136723958402,groundnut_early_rust
0.6725865443918431,7.164210099081431,7.681908938444937,1.257052462100082,0.0,4.794851323806896,banana_panama
8.95448536788912,4.974398718660077,2.7936060174817285,5.488593710921178,3.4006965121348394,4.568061602224104,groundnut_late_leaf_spot
3.958389208535155,6.17149475756385,0.47004583388348475,0.2955316738227919,1.0915025558870142,7.071381927996596,groundnut_nutrition_deficiency
0.0,0.0,0.0,0.0,0.10215994199415988,0.0,cauliflower_healthy
4.4270073397260035,2.3052896470986397,5.83305860617556,3.05283465104777,2.866429358357179,2.7310004046108847,chilli_whitefly
2.4056074259479923,4.6733844265547315,5.587302249487749,2.5481310608843355,6.376311211946647,6.628904800717752,radish_mosaic
4.003907960943678,1.2135789180617143,3.936907202865725,0.2858226480238679,4.540699577757076,2.131418966820669,radish_flea_beetle
4.855228359044198,2.580137581052396,4.783031065895329,3.142403059790809,1.568106687719994,8.437390455687877,cauliflower_bacterial_spot_rot
5.266528475825531,3.750556248054794,3.6998541297455265,3.983817382691195,4.467561212231024,9.17722069166773,groundnut_rust
0.0,0.9736642434521414,0.13384812717933095,0.42655513222486996,0.0,0.0,cauliflower_healthy
6.628928403820007,2.345671529302537,3.9505661116345934,4.810912878532353,1.7339918334498792,6.701304259080478,groundnut_rust
3.922827459856905,1.5447112621502341,3.7782560971595975,8.050715677957974,2.1984617228286356,3.1519081820291763,cauliflower_downy_mildew
1.5449485640881302,8.798597481143483,1.9705262911884311,0.0,2.387401729483685,8.625145839501316,chilli_yellowish
2.3277421211523732,5.8021452897863135,7.996656667199718,2.3602915175810004,1.587123251954928,4.550559019099699,banana_moko
8.761124935488157,4.221792440345985,2.3993125743644126,7.671794138593672,1.285171187559951,4.547108848045003,banana_sigatoka
1.780396544451315,8.168068651292211,2.5468740563304735,3.2733952788486205,3.5702999148070007,8.208537314777962,chilli_yellowish
7.905785954285893,4.276922246397529,4.131716444305914,6.711628172655697,3.145507808612403,3.9827189242085255,groundnut_late_leaf_spot
7.7503511923231745,0.5636751056340263,2.0247663302201344,1.8673829951504874,2.1627915215484217,5.148370997553416,radish_flea_beetle
2.7385841300052585,5.6219016865092915,8.710283322330008,3.760139068278771,1.6066694238580093,6.523482845761266,banana_panama
6.676048708610448,3.2981549053575496,0.7542328579862752,3.1514667024481486,3.424778319205208,2.0850651954000248,chilli_leafspot
0.04191331396468047,0.7052295726017519,0.2048813979797487,0.0,0.7016849850625954,0.3489516362695138,banana_healthy
4.722888073121858,2.58036320161858,1.4924770261075861,0.43424747165499,3.920964684742377,4.325057424983694,chilli_whitefly
3.7356360631443355,2.078664470180334,0.7726248271127645,1.949062469936694,0.5170195806113437,6.534116709410575,groundnut_early_rust
3.306196229034934,5.013999520327786,4.441345466878723,1.2716502434080803,0.6118599153012778,5.937495572686028,groundnut_nutrition_deficiency
6.689444724799477,4.91837660460566,2.6731033375294864,4.645423618365007,1.8363452854128828,3.599416612292788,banana_cordana
8.703583650697892,3.8939529731392857,0.3297374945269749,5.698012262258449,2.1546798960996068,3.898731970566164,radish_black_leaf_spot
3.642416709591539,5.572689541657134,9.13148589609343,1.5002738801023694,1.0023722137069728,7.839448026763574,banana_panama
2.282737469730279,5.9250382326643605,0.22569650506419014,2.3725048518483147,6.4061956889932965,6.501654503319038,banana_bract_mosaic_virus
0.8875185105637328,0.01589195243531997,0.0,0.0,0.4797480382997205,0.0,cauliflower_healthy
8.392038199454497,4.28784730274167,3.7825728431270598,4.5430753770751,0.7351254916499601,4.400785870769756,banana_sigatoka
6.773341389496059,4.407265415787735,2.4786417489573718,3.925934547182292,0.7924881003983117,3.7224132067698132,groundnut_early_leaf_spot
0.0,0.0,0.0,0.0,0.4505558905310858,0.0,cauliflower_healthy
4.271785074447818,1.4715184031152857,2.112038592121307,1.024898536761025,1.0850082849778295,3.1043439481342427,radish_flea_beetle
3.9493680052270603,4.65824533202308,2.586184375198868,2.5194204830239686,2.33290380689757,8.906221968564733,cauliflower_Blackrot
0.7465612723516979,6.148817913166697,0.8106200125110528,0.84017527998491,5.456610443486254,3.6556613447888653,radish_mosaic
7.13579201367134,3.953569444288391,2.869999340106493,4.358174812655959,2.557402598257055,5.900001359250783,chilli_anthracnose
2.104033485782641,2.8915944931269815,4.834921208007897,2.3410246585295282,10.0,4.231215915819367,chilli_leafcurl
5.789284638404458,5.17546826392911,1.5245176279169976,3.890295565637056,2.18896342734742,3.5191170416603805,groundnut_early_leaf_spot
2.790584293627357,1.7253438042104698,3.5099035228724205,3.0119809633136314,10.0,6.808360259028375,chilli_leafcurl
6.156600624477471,2.886907387770298,3.2275775458498774,6.239046677961346,0.9371172792394944,5.684619788968662,chilli_anthracnose
3.930494556203785,2.645740334610924,2.375817016205752,8.827740977762591,1.9937729440054293,3.1987614878213364,radish_downey_mildew
2.9460840966118402,2.1198643452910555,4.576893495721581,3.7960524889351777,6.406041423558312,2.4029130020289435,banana_insectpest
2.989860845274541,0.9523369283873271,2.410307499972525,2.615776714667236,10.0,2.6235212803371075,chilli_leafcurl
9.08595444979304,3.72903190110875,4.72371542347064,5.155300409501347,0.7343546540408961,4.919323631364643,banana_pestalotiopsis
4.093173502907927,8.968289374359525,2.6917320192901335,1.5202192027104797,1.1269467522230314,7.793607956970751,chilli_yellowish
0.22429043962592363,0.7788396359111212,0.5506097903638544,0.0,0.31659758933595766,0.0,cauliflower_healthy
0.0,0.0,0.4996904731963949,0.0,0.0,0.0,chilli_healthy
5.259782427785415,0.5556845415282414,0.933791350841183,4.566476128721908,4.125023312033893,3.209017058354724,radish_flea_beetle
1.9894815723343338,3.479267973952724,4.991374739248618,2.385983191509903,1.4784553621484129,7.5559730409953065,cauliflower_Blackrot
4.307594672327356,1.4077469287595727,4.2751641374302745,4.263045025160306,2.8081145753044323,6.1941498487232645,cauliflower_bacterial_spot_rot
4.266934649514959,2.1085746168254187,2.451011274605614,0.9402051079706257,5.365356965898496,2.856489939146569,radish_flea_beetle
4.453254112136601,5.104050238469179,4.611547597957472,7.7231468330182125,2.567544277655925,3.6200758685163112,cauliflower_downy_mildew
7.484119873750536,7.013150530587361,1.4800416058720685,4.8124188406027635,1.176074561782159,5.985172826264173,banana_yb_sigatoka
6.952065262695898,1.9737991085902753,3.220195815243172,4.493772871273375,3.1800576841388977,3.786582389656925,radish_flea_beetle
2.820436866897849,3.395626450231335,3.9851608741091624,1.6060148687713283,0.93990328137224,9.766050678034269,cauliflower_Blackrot
4.316981965623796,3.5936792849321666,1.817138781636943,4.242232625687709,0.0,8.220943277993804,cauliflower_Blackrot
0.0,0.0,0.0,0.1930123093542799,0.2718270641403034,0.8009493957949907,cauliflower_healthy
0.0,2.9921141153559403,9.35695446374138,2.1673973553769508,0.6581956747093584,5.8725670919522965,banana_panama
6.975265104430598,4.997453323839707,3.0458671595457703,7.392604663453349,0.0,7.656166726642217,banana_sigatoka
7.184182478415859,4.61538347638987,3.233988350519395,4.96907522377163,1.2094366083538688,5.544295822574397,groundnut_late_leaf_spot
6.227740201219046,4.235952981097394,1.598269601472151,4.515621844109604,0.0,4.508318878712153,banana_cordana
0.414326296362467,0.5269289843258751,0.0,0.0,0.4909360420180817,0.0,radish_healthy
6.876094287821143,1.0281734266149993,1.7889747146815145,6.993764198873622,1.0250637859551541,4.2768410868624205,banana_cordana
5.762367336483117,3.3440217838492114,0.4705877488340875,6.388177328581931,0.0,3.6953188447109495,groundnut_early_leaf_spot
7.779701252608209,4.442115770121723,3.1229741784396383,4.065381179209588,0.13763238530220523,5.0586181602851275,groundnut_late_leaf_spot
3.00283053447817,3.6443517744108584,2.6357650134983395,2.7298823447894804,3.034026599847253,6.0437256934354275,banana_bract_mosaic_virus
7.011708101412888,3.8712431990752005,6.510663446891386,4.113617667364876,1.0313411870186724,5.930560608942791,cauliflower_bacterial_spot_rot
4.345765706404592,4.840120441555591,0.29125141705982593,4.680017204918702,0.4849066956416058,4.706263923724864,banana_cordana
0.0,0.0,0.0,0.7218160017344071,0.0,0.40660259337398863,banana_healthy
0.7353974055627852,7.513377274183484,5.957717323977997,2.3263944042693527,1.6046128397384167,7.009831607496878,banana_moko
1.9987941761008048,4.170734747127325,4.142020241348123,1.0359674806811674,0.9542385174104315,7.74735807157641,cauliflower_Blackrot
1.3360544112368853,2.7905194462150313,6.898829310713726,1.7870097394708602,1.098930119961811,5.556817475810173,banana_panama
2.1444198984526053,2.8645482740912835,1.969696529244017,3.034618983099828,6.543399737803835,5.746491378606435,chilli_leafcurl
0.8762120019580194,0.02933530168481879,0.0,0.7375668285164605,0.0,0.0,groundnut_healthy
6.421617675625519,2.098099103322492,3.5135006976794587,2.778997084242297,2.813033392280441,6.793035141738995,radish_black_leaf_spot
5.754635126461164,2.538362917417433,5.154384626886209,1.7155856359848467,7.899880287308452,3.335121405859831,banana_insectpest
6.705963003446161,3.5791980312495677,1.1982209701799167,5.162493545400702,2.7305339500912167,3.7298594126947546,chilli_leafspot
0.0,0.0,0.0,0.24679424293709626,0.0,0.05921227299569717,groundnut_healthy
1.1827031251222553,5.65844057167388,3.9009837773063265,0.0,0.0,8.4039217130746,cauliflower_Blackrot
2.6850686128318,6.3626787682167185,3.1448021161918427,1.7816695015669577,5.621676906431586,7.9107630645919205,banana_bract_mosaic_virus
3.7057887173230384,4.152229399081044,4.038717772925503,0.9274001352330918,0.7808981459050699,7.334488111480938,cauliflower_Blackrot
0.0,0.0,1.5702114550511186,0.0,0.519363949957456,0.0,cauliflower_healthy
8.549280851083648,2.3489089068889912,2.1202702754834806,5.530591986622127,2.2444146092621797,5.550726745957497,radish_black_leaf_spot
0.07379546907016099,7.905672063826003,1.8709757645013827,1.3911857648191568,4.8746930527659496,6.810925653335468,chilli_yellowish
9.59203421957194,3.776404766832707,0.8419661509220944,4.91827565050744,2.9485042037156264,3.652806119600223,radish_black_leaf_spot
0.2674086681729551,0.6144902512445309,0.0,0.22919335177574213,0.0,0.0,banana_healthy
6.7672977349938455,3.0785825614261126,3.750709563007872,7.781570234251809,0.7683756531321246,8.907329540274038,banana_yb_sigatoka
8.541975657714602,2.8128886830205104,1.1429627012706645,4.423495736715807,2.4549483596830846,5.3607586949340265,chilli_anthracnose
3.988277234404557,1.5993486172627691,5.3379000861030015,3.781767921051806,4.588659064937285,6.043924387875695,cauliflower_bacterial_spot_rot
4.522487447666162,4.766491481987114,6.947275974676183,1.5282917591582463,0.0,4.209045275992809,banana_panama
2.577744926975769,8.881776046686108,3.7458674448785474,0.0,1.1229799171933357,7.357553867397348,groundnut_nutrition_deficiency
1.5066258161725639,1.6156426345560297,5.972053786965441,2.432777469722954,5.963807674042079,2.962555813273099,banana_insectpest
4.194351776648138,1.1434406406335622,3.7104871188475186,5.237296396631997,0.0,5.197206681072355,groundnut_early_rust
3.606223476290595,6.160060278481972,3.076436645583819,10.0,3.072715137716865,4.433244903813714,radish_downey_mildew
6.559383197818114,1.9655551139595742,0.39458435382086265,1.017139132254893,2.4619095071436714,5.552395529686711,groundnut_early_rust
8.555766175970048,2.572438418721526,2.6896315924491194,3.1949027467782747,4.699092768591212,6.201277811084916,chilli_leafspot
0.11546338201982777,0.0803109125407268,0.2862454402260685,0.0,0.8503873937704634,0.0,groundnut_healthy
7.520275386268331,5.188574940443042,2.997314260230983,4.719079280447401,0.489122106262168,5.793621848803317,banana_yb_sigatoka
6.8388295102353425,3.9729699277917385,2.9521864646626557,2.9017616321141833,2.565208291453783,2.005009614357191,banana_cordana
7.811993189318317,3.3155833489256588,2.7022024930510256,3.835329788129757,1.3473459386309636,5.119481993331508,groundnut_early_leaf_spot
7.02142636177861,5.970376561123322,3.988982836146766,4.7078227164405195,1.021152742280787,4.83013883443315,chilli_anthracnose
7.276640400653607,2.0703791308033863,5.571253241357024,6.727517512916163,1.1098152299578903,5.847170798254666,chilli_anthracnose
0.0,6.668565142084178,9.89913906825534,1.283025370370716,0.0,5.985241860830331,banana_panama
4.4293873895964015,2.9388987235929385,2.2676363091021607,3.4337864546133945,1.333064764191834,4.395550637409689,groundnut_early_leaf_spot
3.6107042315643323,8.603798324991804,1.8814963037311716,0.9564667581161754,3.786120325947037,5.3162339102932,chilli_yellowish
4.61033004788013,1.4836288160544293,2.219132002090798,1.7498381473515106,8.447929785836699,1.167398572092423,banana_insectpest
5.8809287338639535,5.230563162696618,3.3113745877037717,5.022555430382591,0.9733607961132609,7.415445921129286,chilli_anthracnose
4.200400457813864,3.609240630753402,2.769663413480658,2.862501491728197,4.531422003168529,2.2786067313927765,radish_flea_beetle
3.5786099491281247,7.252595558705805,7.807496741629583,6.001080597521138,0.7332326122416843,4.5755770885195926,banana_moko
6.777483909948314,3.9106173190065556,5.99953453139005,4.705233882241375,3.5580013877305,4.695026198265158,cauliflower_bacterial_spot_rot
0.32576099566975286,0.0,0.0,0.0,0.2993971947809551,0.3341702443590404,banana_healthy
5.385474121981722,2.75219032956014,1.820389551184087,4.232353901101916,0.12668883821026877,5.491235775128042,groundnut_early_leaf_spot
5.304420265157717,1.4223013676274925,4.838011726427526,3.138833034867351,0.6754897248772203,6.311514776038745,cauliflower_bacterial_spot_rot
2.324548190935807,4.939714268661036,1.7132623437603083,0.0,5.307874403318001,7.906469470990907,banana_bract_mosaic_virus
9.016646302839721,2.5971432523339284,3.202104120541036,5.974635731008259,1.1814624088249874,5.377914162133306,radish_black_leaf_spot
3.942001846301174,1.5497915301973324,3.369845192282136,4.628159622589775,0.9076425562714779,4.87010044023909,groundnut_early_rust
0.0,0.24301580114354301,0.0,0.22520708065785244,0.07424765290055281,0.18948968118171536,groundnut_healthy
0.2335555123678501,5.351398210121608,9.654163552953806,3.1389895046723355,2.467525428910385,2.335494789277849,banana_moko
6.728945949952518,3.3996867800959896,2.3806600297542784,8.549467475794817,0.0,4.78445633431324,banana_pestalotiopsis
3.3357212492738597,2.848815081737236,1.2415915398660398,2.7851568721691304,6.077748599097511,3.8947629993633637,chilli_whitefly
4.608625223242708,1.1168888123959333,2.3697799720746473,2.839022301842092,4.9389000459705406,1.6346468024778347,radish_flea_beetle
2.088366671528288,8.058669697510505,3.518046942385776,1.7223103980160914,4.116350051147542,6.863647678576925,chilli_yellowish
7.937896112848744,0.9534078673861273,1.9596766432865536,5.76036448637922,0.0,4.3575124895060355,radish_black_leaf_spot
3.0308158869558457,6.173191766071244,5.755982343471171,2.407226975307464,0.5822111238192242,5.9100881326578625,banana_panama
0.9219023943819704,5.590303005807807,0.41572015157522935,3.1977505190252242,7.415328144865544,6.436989217474355,banana_bract_mosaic_virus
0.7252355435286741,5.568310916762218,0.8966909189194363,2.8599212860210472,5.060096049196516,6.6135261805531895,banana_bract_mosaic_virus
7.805525477555811,6.4342128938137,2.423742679041121,6.322620943681191,2.2512186288016265,6.945947058386891,banana_yb_sigatoka
8.021656702961868,5.452809463050636,2.2804320062145558,6.494343598874171,3.0219092550718365,3.9083834728250295,banana_pestalotiopsis
7.1942313328895695,3.5578223770444533,2.6756815387903408,8.081984495609763,2.273167279096181,3.2314600291247437,radish_downey_mildew
7.870114944217597,3.61941394453795,1.2302220857324575,5.518307053608729,1.9604914302732186,4.905149595776289,banana_cordana
0.8157048475960207,9.02779929607452,4.582921232935186,2.1866901353102683,1.1912237022217658,5.498172646834563,chilli_yellowish
1.2505874538937072,7.8963770081256515,8.037789874714395,3.828088411603935,3.3052525113894395,5.829942290145666,banana_moko
0.0,0.0,0.07085589515875436,0.4673588729142461,0.5083216036579411,0.0,chilli_healthy
2.232705772260721,2.075832324620272,4.495397997453534,1.3730060770465478,8.346718776505305,5.257418868267701,chilli_leafcurl
2.9107805822304935,4.419970642750827,2.3154183772307073,1.4248003472421422,4.459526671021461,2.425140031755408,chilli_whitefly
8.95815360677346,3.217525391416866,0.19331439077637969,3.6854032958498317,2.5979545295779776,3.640309792289412,chilli_leafspot
8.952734964358607,4.588512645614721,2.8226700358606207,4.665558640768817,2.8481687405656206,5.929897465896785,chilli_leafspot
0.0,0.1803166738533403,0.142241231498253,0.8319440362042351,0.5826509331478642,0.0,radish_healthy
6.388408037378735,0.0,4.5884946587106,2.6603209613479017,3.253874186628635,4.037287011248496,radish_flea_beetle
8.229002357368708,3.413397343804043,0.0052081004855752955,4.727760287599242,2.186684428160296,5.105540114330177,radish_black_leaf_spot
0.0,6.323017104306192,8.741055448406136,0.5866862504103705,2.763741110544995,5.253275732527205,banana_panama
4.292024158144676,1.8706771968096534,4.228290714681904,2.2641672300675064,5.602451010299079,2.5774782011486526,radish_flea_beetle
2.2318804179397116,2.537546679076762,0.5398331489335764,3.5206185580866602,5.5956394923619595,3.435013213613007,chilli_whitefly
5.852616904546234,2.3592943256209846,4.221384874422938,3.629204742691255,2.3370616843351772,6.482261595753056,groundnut_early_rust
5.2905315280532825,4.832590495427222,3.754576593999314,1.9405944247219182,6.049705612051527,2.6128706726380244,chilli_whitefly
1.8747177362942908,2.565850856501847,1.80262614599398,0.525867402481085,4.50929438910576,2.8967163686509285,banana_insectpest
7.082856324997852,5.78816502651981,4.465417867285712,8.851368128523617,0.5970568732243005,4.614438793525387,banana_sigatoka
7.6549236314782085,1.954269106926347,3.2630567728816984,4.788475712502789,1.296725742530507,7.063895391309179,banana_sigatoka
2.022102055027462,7.0117247747303395,2.3923128485169953,0.7370793654293629,6.995286697420187,4.346637629190537,banana_bract_mosaic_virus
7.426592179155451,3.9464721613803984,4.6106161574938245,3.6790947054485077,2.027696790740505,5.749884313584851,banana_pestalotiopsis
0.2504486317391219,3.66980349104386,2.11560902289638,2.4040547545047333,0.3782391319997712,7.354115443910253,cauliflower_Blackrot
3.3208695609568872,5.544123707650304,3.9053589947221425,0.1918380261976511,4.743643629817537,1.8854599560199004,chilli_whitefly
0.0,0.0,0.0,0.3532603867103137,0.0,0.0853527413772534,chilli_healthy
0.0,0.0,0.0,0.9438438286700952,0.2782765622668791,0.0,banana_healthy
3.61460163821151,3.2171575648077706,3.182298938360578,10.0,2.9958004299720953,3.031272704768475,radish_downey_mildew
4.19523900396903,6.129087541648217,2.496824362818628,1.4015779712763448,5.383718616178234,2.7807602736937356,chilli_whitefly
0.0,0.0,0.2267543562772337,0.0,0.029492110794798687,0.223436250401349,banana_healthy
3.670018736452103,2.9599686007320556,3.7872899585825945,8.327774673284079,3.391043829763886,3.6257176317769004,radish_downey_mildew
2.886275193593842,2.0116402531135265,4.862976448542088,2.2949420208574285,3.604280977938735,0.5189720157619098,chilli_whitefly
4.014455845135795,4.2925227585600965,0.813194674056785,1.790078690560386,0.15733541670930518,4.562183096446473,groundnut_early_rust
8.48134837451763,3.5134054326432524,2.071902088061981,5.778047333251748,1.5356181933462083,7.06848960622421,chilli_anthracnose
0.592492223800158,0.9086554098628035,0.6982989231115889,0.4300926053909221,0.0,0.0,chilli_healthy
2.3269056759843316,7.500958107785554,9.429303025728172,2.0176739680079057,3.3105281407789113,4.342513634951678,banana_moko
9.285615858497966,2.992246087105152,5.346391459379748,6.785761552688243,1.4591521289872893,3.588941587169326,chilli_anthracnose
0.0,6.8144736831353026,7.88503639138829,0.6391757768780504,0.5838741078799454,5.2970487318615715,banana_panama
1.9693351148102656,6.407274823111237,2.652320185513319,0.555262801496673,6.926038452778013,3.5817488552439096,banana_bract_mosaic_virus
0.0,0.0,0.23890707646032758,0.7384610111073497,0.0,0.31456764912889174,chilli_healthy
6.347658027883362,1.5550187088928669,2.2076275132065777,2.3461189074625235,2.726967979281845,6.174597767989265,groundnut_rust
1.0608816830976933,7.848438831532942,10.0,1.7905059654861526,1.5922891908229715,5.27792896900171,banana_moko
0.22631201499006046,0.09466701809008292,0.31046669780699565,0.6047657005681343,0.0,0.0,cauliflower_healthy
3.633948149970581,8.767468415741162,2.4969223453213023,3.6657058839683625,5.2942729973969325,7.011216611638876,chilli_yellowish
4.015580594683499,2.5200463805329623,4.632733445822741,7.366104446024216,2.6199019634841134,5.105820363201633,radish_downey_mildew
1.2476395306546793,7.174938269596314,2.8493023225465706,0.32503986892687886,6.7588892868666255,8.167065339552076,banana_bract_mosaic_virus
0.0,0.37832123255346883,0.0,0.0,0.0,0.1760193064790602,cauliflower_healthy
2.261583419240314,6.176099342549436,2.4923114961096022,1.8957798244982242,4.301849880410993,6.328853524613775,radish_mosaic
6.985762263097333,5.705198997060183,4.491874971554873,6.021712177872603,2.1799012436694225,3.6024676715288346,groundnut_late_leaf_spot
3.4407423759883415,3.893578738939579,3.4181955029142013,7.715806348637244,0.5294545433373061,5.2815149222560915,radish_downey_mildew
4.905679957681371,2.2393087831841205,4.567645938592258,1.2253135135575262,5.006699901319394,3.603902477699406,banana_insectpest
0.49353462213760796,0.4676516726902999,0.0,0.33144400813752345,0.7473727569776103,0.0,radish_healthy
4.205749010662931,6.214103180598854,3.184116463817582,6.002321827769773,5.663327049215578,4.476644115637179,radish_mosaic
10.0,2.8347255650707206,1.8642098066526993,6.333672294384194,0.0,6.889583780289497,banana_sigatoka
0.15244916695284738,0.5663798383801377,3.052372364255505,1.1677903255912638,10.0,2.7538007948629284,chilli_leafcurl
3.4897152702839334,3.9160482670650687,5.120969730680433,2.520142930039377,0.6162012830463048,9.921089590266698,cauliflower_Blackrot
3.6826515074039237,2.513905277020236,3.15665075091403,1.257837651356638,8.533037884828124,6.3953827837059105,chilli_leafcurl
1.4800589916465747,3.11704794687883,3.306671638784164,2.0287498049476183,6.580446827492201,4.37859616998819,chilli_leafcurl
1.5455855686998432,7.214747693543731,4.07605464263839,0.8221955142949234,3.204603933799015,8.50773156855566,groundnut_nutrition_deficiency
9.627988539274305,3.0392915891822736,1.628588136887325,7.230405084362412,1.3330190306582683,6.384225425906248,banana_sigatoka
5.695304873364637,1.6970098453377775,2.815247939547804,3.621447157809613,1.7995750010910543,4.555109551424741,banana_cordana
4.664651081119873,4.5081005970559,4.240770980755945,7.365683942097948,2.022885680904456,3.9609326869342976,radish_downey_mildew
1.9406435484170805,5.809783390599924,0.6527335741252418,1.4588916954208608,6.199742649855668,7.590941516809779,banana_bract_mosaic_virus
1.2900345938215054,3.8306569428676447,4.275487169289104,1.130763641835847,5.0533218895472345,8.618863543004164,cauliflower_Blackrot
5.39706893658528,0.3899535911888603,4.32315157005935,1.65076892838165,2.3176188780605287,0.47675789573045035,radish_flea_beetle
3.8642463369811115,0.4409403638650109,4.279344091528197,1.0918832275808885,4.372093954025736,4.433510664616477,banana_insectpest
2.910732978605368,4.886880390495361,5.254860748637721,0.8891219313638126,3.198862549340006,6.380933230855864,radish_mosaic
2.4610849235256276,5.9153797047476075,6.02004801160904,0.8006193276407606,3.0963419422417444,6.511776313284129,groundnut_nutrition_deficiency
1.9213766102359355,2.3728213342319897,3.0237230292446733,8.649391563557476,4.215675806495,4.967138066486825,radish_downey_mildew
5.938944418027223,1.8962272642189113,0.0,4.2123510996878,3.8204069441851636,5.524974675588295,groundnut_early_leaf_spot
0.7338623155406374,7.163243162889665,8.24231693332013,2.0630316418583794,0.09285915196969552,6.432530011551328,banana_panama
10.0,2.842128039776339,2.2553892784039626,6.987577252110716,0.7913514156224963,7.606310565954728,banana_sigatoka
0.07244391654844559,0.011951521642477736,0.0,0.7817066794160541,0.0,0.766183862339058,banana_healthy
9.416064697031947,3.163842397299285,1.5616141384254696,5.22161636703789,0.0,2.834063153787218,banana_cordana
0.5852918104420097,6.736396657178847,8.731431254250321,1.1335515193905092,2.2410141117388513,5.120949287173768,banana_moko
7.9444275893385115,3.015605846641039,1.7323691824803173,7.338443452554665,0.8165740098229294,6.520274952230255,banana_sigatoka
6.179679281409659,4.182518167043144,4.309366359835781,6.535761406730997,0.0,7.605917145534172,groundnut_rust
1.4875281889897174,2.339064380890999,4.54811497522006,3.559200408389292,2.440228911261598,2.3463681752141303,radish_flea_beetle
3.8818799493845164,2.3386613059647714,0.30960407868969075,2.139808070510263,0.8573454842322191,3.28853602481329,groundnut_early_rust
7.912271237589274,3.0510748970975756,4.219124668276267,5.515944304837581,0.21777660476008154,2.540630617196383,banana_pestalotiopsis
0.0,6.8354603833527365,1.8103905217052128,0.48774271606309594,4.785474749687799,5.014171993761077,banana_bract_mosaic_virus
8.367361463723306,3.7227285557909218,1.5697503549705003,8.332234657346635,1.088392378696936,5.79637561643941,banana_pestalotiopsis
4.983401023606833,5.336225624150007,2.2244192427631,0.713648435784707,4.767745100998893,2.874424050890156,chilli_whitefly
2.672217304176118,6.6131414902815155,5.661405955181241,2.3024407759218524,0.0,8.646203787966853,cauliflower_Blackrot
1.7070120376512217,6.156904601946029,3.427364586709569,0.0,6.71688008381983,7.841407290773078,banana_bract_mosaic_virus
9.85380975490191,5.72491691162668,4.633208045723729,6.077749620148057,2.918524993250019,8.77326435436249,banana_yb_sigatoka
3.7466633251421686,4.463401491837443,1.437195312598565,9.456972363273316,0.0,4.1741227436334665,radish_downey_mildew
7.363841826929722,4.612926832505346,2.5695005836327334,5.479491248874256,1.213193195762787,3.7928761028598132,groundnut_early_leaf_spot
3.5182386655435387,7.4934383883691,0.9172429489739775,2.4610782998229075,3.351925650532116,4.922431828392696,chilli_yellowish
1.501655152538126,2.5359028050268773,5.111865618920128,8.178050332744515,2.1280877328339343,5.198324914179137,radish_downey_mildew
6.627878942651253,2.1856332087988966,3.9668032838171157,4.802814875683037,3.050291861092062,9.353155148106058,groundnut_rust
2.949238336451656,3.9087350542463133,3.6833531731233187,0.0,6.7042285125603245,9.628546750971974,banana_bract_mosaic_virus
6.897551028622247,4.673892260699266,3.0605369313293522,6.90244099103624,2.3144239714875945,4.838315524110425,groundnut_late_leaf_spot
4.500750618630103,3.704423087754228,4.4406277103441045,4.312719974308351,2.608289840351431,8.89781814247817,groundnut_rust
9.350347729158264,0.7928697434205874,4.934358758145448,3.936632080383083,3.7159534241476133,4.9169784563206,radish_black_leaf_spot
7.223792387497487,1.268964171975162,1.8905845515012374,4.262871969269835,3.3098810470693873,4.271758380746654,groundnut_late_leaf_spot
7.678456212192207,4.878581471265683,3.208765228967915,7.028062257590209,0.0,7.907427643324635,banana_sigatoka
0.3502485315790817,0.0,0.2515446266683312,0.13754673847187707,0.0,0.0,cauliflower_healthy
5.0562356752083355,2.0560962361738797,3.417943497200182,2.3399883110428,3.876176185033411,3.6955010661164858,chilli_whitefly
1.2592411162903454,2.8382905770344236,4.018566549277739,0.9226933605073736,7.368038143593271,4.483804199961268,chilli_leafcurl
4.5888242354794695,2.174971401714039,1.5000871452174085,4.1361932154708905,0.33182229081152026,2.9570449090024837,groundnut_early_leaf_spot
1.797938093032577,6.608785005019781,8.468439433274451,2.815313727630375,1.6155379286758467,2.864721283391335,banana_moko
4.776877500634475,1.455321462647766,3.326357903449839,2.3633540180487813,2.067365135742099,7.32712255434925,groundnut_early_rust
5.620468148170899,2.651636077517771,0.0,5.267396852572043,0.9076890930650146,7.520326847405527,groundnut_early_leaf_spot
1.224112538908968,3.702142395662726,4.024569962087078,2.0579677083393406,5.990432830420059,8.77593296666803,banana_bract_mosaic_virus
6.662427836776226,3.0426701463659525,2.4545202929498853,4.944365184635815,2.3993685503008955,5.097736681355403,groundnut_late_leaf_spot
0.3442182599373343,0.16989151106961506,0.760332086490593,0.0,0.24365658152665803,0.396370088152886,cauliflower_healthy
5.645201265497486,3.4602805580484777,3.247558795161339,2.7561848430896925,2.213091478411293,4.741222735373557,groundnut_early_leaf_spot
7.549327439382263,5.009390920017045,1.993284777405144,5.802489986711015,0.0,3.535480357030719,banana_cordana
3.235328667112449,6.595725847857834,6.984278838249226,4.110806651403266,1.6030701247723367,4.3878070236197395,banana_moko
0.0,0.001981090560537597,0.25951637054575877,0.15462513477621687,0.2545813400383362,0.0,groundnut_healthy
1.0594877967557967,8.396841276697968,4.939453063826527,0.9744725804426863,3.173204804699644,6.989922379198788,groundnut_nutrition_deficiency
3.2765456893650713,4.624161196931872,1.3767181378680033,4.037558623221651,2.986289022860853,3.9480390810483867,radish_flea_beetle
0.0,0.4029006070749527,0.22347940328457777,0.38518981761827387,0.3175642505757555,0.0,radish_healthy
6.654488394620069,3.627523835492837,3.057274624856799,7.648707450174689,1.7428998032656122,5.549389223232601,banana_sigatoka
7.452234180859387,3.535295135081257,3.7224630278521493,5.601871927506307,4.646939233697793,5.679733984134832,groundnut_late_leaf_spot
0.97852602758998,4.828319941603443,8.945694837642796,0.5202784339821738,2.6691668296016804,4.372835586168043,banana_panama
5.215164891572886,1.8102153867532156,7.891711563513679,4.769499500739332,6.78226111690298,2.872395596962422,banana_insectpest
6.380048319307089,3.277834176261023,3.784671132325229,6.167455045597093,4.541276003610278,2.530531671729892,cauliflower_downy_mildew
2.342673517516803,7.529314112025098,8.79399161529026,3.3181818512621826,1.4291936399573073,6.077407167435086,banana_panama
5.075744864947492,3.010692053603984,1.8908349978223962,1.7162888739551838,5.985441379702188,3.6658406882573855,chilli_whitefly
5.157927184084936,2.612091656341671,1.571594612658782,3.1388372896340053,1.0166464866111713,3.330066884550336,groundnut_early_leaf_spot
6.793719419259902,1.0785164140596422,3.359569424932566,6.012260491002673,2.659871463699948,6.531112270769872,groundnut_rust
6.635754582038701,3.896623908150112,0.8000635678479413,5.580860701527786,5.64813926953812,2.976163928371596,chilli_leafspot
0.30705290264484214,0.0,0.44792544005140295,0.04574000298878427,0.0,0.0,cauliflower_healthy
8.876723334934908,4.0755342700479344,1.876036659632709,5.613482878713372,0.9251544792817243,5.7995102483003675,radish_black_leaf_spot
6.468061298570188,1.938236743167719,1.7924647280918924,7.054050176170811,0.0,2.063726322547911,banana_cordana
4.665201391597216,0.1812407137748293,4.394301205455472,5.808992554697497,1.8476162788641024,8.289470330135183,groundnut_rust
5.246495236662393,1.9522153086618803,1.4786597604218643,2.0820475762696375,0.8837852068578583,4.458493402298783,groundnut_early_rust
2.2024974144616873,2.093796236310193,3.611393833986634,3.6107081394322167,4.205314305601252,2.03602456991146,chilli_whitefly
5.449929688782567,2.4296118987813733,2.0367339405301004,10.0,1.4583497227023878,4.184234148700421,cauliflower_downy_mildew
7.742985113206237,5.4689945636540385,2.0249524492104896,4.126396470525039,0.7805242706741918,5.649851702977822,banana_cordana
2.8525094409097393,0.7329864350793911,1.8228348977687097,2.1412256034137855,9.555057507357299,4.452473091554079,chilli_leafcurl
0.3739976993136,0.0,0.0,0.0,0.23667059169257168,0.0,chilli_healthy
0.6534302579897665,0.0,0.10014322073089739,0.0,0.7091537349629687,0.0,radish_healthy
4.905082334277141,3.8578320410007327,3.5241896606308654,9.24546909772129,0.773241783159389,3.455615131876832,radish_downey_mildew
3.484304003867237,2.8317120606423076,1.5274044015563426,8.379325992427255,0.2927525074919668,3.0929890503504955,radish_downey_mildew
6.160882118482686,5.3231674274748055,4.379384836812442,4.110789938721645,2.4892276842046126,7.697199447954031,banana_yb_sigatoka
7.671774114316913,3.1711456712026593,4.304110772431878,5.805511599292825,0.3435321839311192,5.031266675987555,chilli_anthracnose
1.3633986228673671,4.309018111226384,1.6699379634180271,0.0,4.181770725361737,8.64024912093343,banana_bract_mosaic_virus
3.5726866342216415,3.001811417510865,2.6181061022917977,2.0461066147717064,7.379924587008073,6.73738866135665,radish_mosaic
6.009967527667875,7.168230660975814,5.792713772370637,1.603209605148402,3.91141360461013,8.442022404609165,cauliflower_Blackrot
0.35923986934032276,0.0,0.0,0.0,0.0,0.0,groundnut_healthy
7.886572577065004,3.738440980815664,0.8774735575464856,6.303178539410038,0.35684386586314243,4.969669357937374,banana_cordana
5.101406966908147,0.5247761141430622,0.9616132087426363,4.118734025791648,1.2269194681202213,5.318226113693503,groundnut_early_rust
7.032188445169301,4.448935522412912,2.788638962747066,4.159050367861378,0.0,6.279102483233719,banana_yb_sigatoka
1.4963921120886137,3.1936262258781944,2.7165865220727614,9.632875815970795,2.8541928423172007,3.3686947749519205,radish_downey_mildew
7.44618423769411,3.4617006405201636,4.825653677292911,3.2977517237156784,3.1741784354044262,3.8661433986511815,chilli_leafspot
4.132637783431269,1.5030856619734887,3.1626291570350427,4.846789946703302,2.228277841108038,6.945947758800269,groundnut_rust
6.914617899838712,1.3786725549434382,1.5323308993303315,2.9620402019474534,2.0763703912558014,6.591054068555167,groundnut_rust
5.214316084339734,2.090893591165945,0.6806157415088527,4.664100748879083,0.0,5.229071292211363,radish_black_leaf_spot
5.13346800180903,2.607209309913125,5.590087568907465,4.916071695498364,1.4525979830239293,6.603089729245724,cauliflower_bacterial_spot_rot
2.432472074021696,7.605145424061127,8.349157676164932,2.391589608875933,1.383319248021388,3.561258322407349,banana_moko
5.5748131917010815,5.651554382629035,3.327950370964741,4.848314782163403,1.7807330753273627,5.1807122910474686,groundnut_early_leaf_spot
1.458701967653891,4.375018199434674,2.550991698235875,1.3028275831104252,5.0389784657038925,1.8461727752049428,chilli_whitefly
2.0752584598495933,6.824768115220453,3.6224782630695413,3.8362227485558726,0.22944739140207604,5.568106668080677,cauliflower_Blackrot
0.030890391882044788,5.731832993715673,7.746196423316315,4.140707114242122,3.0177909489016184,4.939357325831125,banana_panama
10.0,4.274913797975655,1.6121988011570183,7.322574827694585,0.3776344030185089,8.06203679491665,banana_sigatoka
6.515012202170991,3.913330870099036,4.81473638531468,1.025117181275096,6.941164790994356,2.8075679027462033,banana_insectpest
5.251271610160656,5.071197602513204,3.6953984851207737,4.682948858006762,1.9958273483576767,6.607037229739388,chilli_anthracnose
3.042527000708925,5.5763962874681745,8.705427065765281,3.7436865416434424,0.0,5.111575095835292,banana_moko
4.904321330991777,0.571282066820467,1.1358526396040818,9.205794979379885,0.19366498860627135,4.481846362863046,cauliflower_downy_mildew
0.2856415265821482,0.0,0.0,0.29411839725752936,0.360960626204186,0.0,cauliflower_healthy
4.375938041948718,2.223394346698081,3.1012092386378534,2.0193475061251975,6.760992293755876,4.034162728526092,chilli_leafcurl
1.7760641339256744,7.978531930004248,4.106029557771324,1.7346406500602942,3.729456399743712,5.567690123159179,chilli_yellowish
9.321289264271723,7.105396597312598,1.5972905978136784,5.035520852492061,5.222366370603061,5.512033810765249,groundnut_late_leaf_spot
0.7745206194431442,5.850027736759224,2.2925608565254385,0.32310564311592593,4.463634721594927,8.046948793936174,banana_bract_mosaic_virus
3.6828148529795914,2.4679030231294234,1.7872910071274564,8.100877773435023,2.4260583279153876,4.4929244070314756,radish_downey_mildew
9.328999088141787,4.566774674208056,0.0,4.571212960078751,1.4318143906066219,7.109926589450334,chilli_leafspot
1.1718353888357431,4.509883038143662,2.914418531382217,3.4915402436504746,6.406701815581809,3.6837400206412827,chilli_whitefly
4.804441182545599,3.317803195821578,2.8352507760894694,5.853756815661113,3.3374691757621138,4.083831756378114,groundnut_early_leaf_spot
4.5651986500701645,3.8527407257133737,0.712531861142099,3.0148859797759036,1.6959718923487108,7.780872663864837,groundnut_early_rust
2.8412022357721503,3.954999637881134,3.3018615599295353,0.5913440427092329,6.762474725218381,5.4814876057962625,banana_insectpest
7.808972806143987,3.859514995762235,1.4938211193538107,3.2407541582613533,1.9998419765276745,8.150138728336032,chilli_anthracnose
0.252077275475139,0.2383067535099072,0.0,0.0,0.13262851179020113,0.0,cauliflower_healthy
3.292899798622608,10.0,0.28875493940196284,1.2808706260818266,1.7769952544377152,7.179505942684823,chilli_yellowish
4.113272688995293,4.349499154138445,4.434762291833467,7.900612509412664,4.369191665063244,5.900067944112397,radish_downey_mildew
1.5668979523888913,5.650322730366936,2.938038847248624,1.8524109776229822,2.4622108574577384,5.616884078538538,groundnut_nutrition_deficiency
0.27262924151305973,0.4434763037365858,0.10556238842233337,0.0,0.0,0.012836157603806015,cauliflower_healthy
2.473887159341672,5.73392187385962,4.0450760216573345,1.8175773132407627,3.7599629492637683,6.270389905141556,cauliflower_Blackrot
0.16215762170762837,8.380320875077956,7.753659176604499,4.342259933106391,1.3681619754847483,4.3717088139121,banana_moko
6.137911281316963,4.07390925233333,1.6460603860495666,6.49729048720848,0.19181125090735784,4.334792994668562,banana_cordana
9.091307955688237,2.8592443533241214,2.598550248085252,4.384723332318508,0.13445465146895175,5.002029585542783,radish_black_leaf_spot
3.896396278480297,3.1600602101839015,1.9761288230909082,7.400533727155603,1.8004003661214103,4.8360118897178745,radish_downey_mildew
6.5533656744671145,6.180841995738217,2.247619471474035,7.113109825409056,3.010227955275778,3.488644682102772,groundnut_late_leaf_spot
8.168033386671064,3.632543509869425,1.3085723514725638,3.391334846551202,0.8416106363031819,6.266760508207789,radish_black_leaf_spot
0.0,5.602377241094581,10.0,2.927887983998911,0.8105949881916881,6.3699504763665855,banana_panama
0.0,0.0,0.0337350126286115,0.21500676190567744,0.0,0.0,cauliflower_healthy
6.205972154840417,1.6313058126137348,3.3697540038438056,4.907383668663565,2.651436464429864,5.967117250960195,chilli_anthracnose
2.5959228916111283,5.835579890329219,5.723186949002885,0.0,3.0713591128505713,4.340655223657734,groundnut_nutrition_deficiency
1.6158209629336278,4.555956064918163,0.014662533293033686,1.2917336404332382,0.9017509873709931,8.676408385124187,cauliflower_Blackrot
9.205530435990731,3.506572430634315,2.701531891100961,6.001987312854303,3.0197844383826875,7.965937419763707,chilli_anthracnose
4.87815874971738,0.0,2.257112279482925,2.2395671507634467,3.884817884823743,3.763443191283339,radish_flea_beetle
7.651345913849287,4.45365551251346,4.9518463820352565,7.937796687352758,0.0,7.362744702589771,banana_sigatoka
0.0,0.30647804208313734,0.6967476485237616,0.0687709147360969,0.3909251787914998,0.7276644674410987,groundnut_healthy
5.562237508286149,3.182723250969,6.478645084896693,4.5248472090156024,1.3233820017681681,3.209495815032384,cauliflower_bacterial_spot_rot
2.946887855665708,5.374260023885991,3.8386845498021183,4.693878096978471,6.150449413954194,3.1842575717086983,chilli_whitefly
7.466231291108857,0.950190467320138,2.4727558684815256,3.0539387484248524,1.8023557097591076,6.836151552595286,groundnut_early_rust
1.5024477193137642,5.805791248120915,8.659619823548312,5.161716119119785,0.4380944206360027,2.7763778205229173,banana_moko
7.7579863669866675,2.4466948340959664,1.751417882105001,5.735281774583038,2.4275438579723616,3.9310127983997067,groundnut_late_leaf_spot
1.8538604683873174,7.742022315769502,5.172314683376169,1.203742139745707,4.397216994048308,5.567234580368896,groundnut_nutrition_deficiency
0.0,3.1257653485342187,3.8590396045968913,3.1306091643126424,5.770750392323962,3.1900703469029623,chilli_whitefly
9.836685655668376,3.5829700689773705,0.6121337395191964,8.537486384227577,2.4597368647324958,6.186613924516273,banana_sigatoka
4.275336739936335,2.1028020060250125,2.277270945299545,3.337452635947053,1.0806252105927991,5.268214539927241,groundnut_early_rust
3.11433149960633,2.2175013951224605,4.552325949978765,2.2338108083241655,5.776365616349372,3.2476341255905408,banana_insectpest
6.630358858977111,3.935592638723208,3.57237049534353,6.674820572947947,0.3253983681060375,3.748933751506567,banana_cordana
8.996193646815565,5.44741069838699,3.2642271770461595,7.238867277751676,4.308216185124145,5.85635144396218,banana_yb_sigatoka
0.3067318027207018,7.9637856911368266,8.287553021886797,3.879665137759198,0.0,5.373789030557348,banana_moko
3.9051191897625324,1.3050510684371042,3.422999452585625,2.8354015965911468,6.378768912556943,2.894290507165112,banana_insectpest
3.260142944717715,3.974565733337368,0.527407415914598,9.400436210567282,0.9195836394658827,4.156327562889712,radish_downey_mildew
2.581469686791757,3.9138242285787586,0.0,0.6968567197057582,4.0236808947694565,4.137847193788019,chilli_whitefly
5.5780576714290415,2.316443908144347,3.4831883779765933,7.915447591440805,2.5123804206345195,3.2145220700851236,cauliflower_downy_mildew
4.54658743641516,6.238958312661376,0.17675604085518404,0.4189191125604984,7.520293379023947,6.150796641257463,banana_bract_mosaic_virus
3.09617330465384,2.6454230233190614,3.249406060036885,7.5216895533034895,0.7552085620383888,3.0585196088769724,cauliflower_downy_mildew
8.169989483745539,2.856039435478679,3.188963090801444,4.942856899828092,2.192834730388302,6.607275346926988,groundnut_late_leaf_spot
0.0,0.39314911545013914,0.32002804051645867,0.8440785264513954,0.1831637417705386,0.26033888354003687,chilli_healthy
2.6229753830056315,1.5633550418440245,0.04828308930010783,3.4988063689158913,0.0,4.813954725103079,groundnut_early_rust
1.9135878541035993,6.204239477470429,2.433963230057161,0.22585629447385092,6.433674726610096,8.845643879759162,banana_bract_mosaic_virus
3.0554539244051004,5.898723336567112,5.79297027672019,2.241673470458337,0.7682137301805052,5.625938100112299,cauliflower_Blackrot
6.313638890536288,4.293447691877763,2.7639180530104,4.689696314950606,1.2417907877599292,5.544158623271081,groundnut_early_leaf_spot
1.4126726689781335,6.2529930524828865,2.8182697875515736,3.21604879088324,6.700713822391156,6.568849491055529,banana_bract_mosaic_virus
1.1165634987407909,10.0,4.394281355947807,3.241639635304738,5.446370310057919,8.520164330132001,chilli_yellowish
4.814717548071134,1.8356054126690502,3.376724353808648,1.5909105471847043,7.513980030850285,3.09258779546126,banana_insectpest
9.088014838043367,3.5173970111267647,4.187143291672908,7.545756630994987,2.7681841308285695,4.025632048726027,groundnut_late_leaf_spot
1.9583781351358627,5.281057679043825,3.860600591376892,0.0,7.1811868781719,6.743213386929389,banana_bract_mosaic_virus
6.623615640619173,2.8989266851037003,3.2252197620415632,4.020207493142967,2.1463363681659455,7.1422550699100835,groundnut_rust
3.975295642975138,5.3544820342782335,4.049595711085707,2.5679454250674163,2.383913434213728,5.8675622888497685,cauliflower_bacterial_spot_rot
2.661450068234718,4.242963787179909,2.9626836235917544,2.8313309236498854,0.7543513197732548,7.536206131612651,cauliflower_Blackrot
8.14165936002773,1.5396449077877763,1.6962217999484661,2.555719724525401,4.9091296302649265,4.20760248463986,chilli_leafspot
2.5678851494882537,4.912605304811753,0.9838475383179142,0.0,5.464182057519575,8.027678553188167,banana_bract_mosaic_virus
5.130830923459344,4.195897554329546,0.07265494295825059,4.678306067509585,0.0,3.5774740070266855,groundnut_early_leaf_spot
7.950502245224956,6.59094538552395,3.1095776743336194,5.543452915000379,1.243449854977427,6.96449888959129,banana_pestalotiopsis
3.6165605581434566,1.5295521575634528,1.3655340405958212,3.70453727648518,1.1921330687675167,6.90757354882729,groundnut_early_rust
0.0,0.5784259811134552,1.2551140737638558,0.0,0.7018095748747193,0.0,radish_healthy
2.311667002065778,3.9148200498747094,2.7663109505328487,0.0,5.92070424162322,5.546780560285052,banana_bract_mosaic_virus
4.596248308609116,3.28372574598062,2.5603629659616303,0.0,8.029617034362575,2.0061644724417187,banana_insectpest
0.049263012452693926,0.0,0.008986289684154124,1.3490202284087132,0.15581714940371244,0.3226484792155215,cauliflower_healthy
6.265877090913658,2.9555558435419056,1.4848373305792881,4.169094824151373,0.0,3.900273312845566,banana_cordana
2.1708560532031003,6.000906608945515,9.823029382330104,0.0,1.5363780604118222,5.233697009825963,banana_panama
0.0,0.15499949158277754,0.0,0.6094853948968316,0.0,0.0717939682525801,banana_healthy
5.046861783437958,4.313963483635296,2.0168404806582214,3.1605007642032197,3.1574064797085657,4.691735791123606,groundnut_early_leaf_spot
0.0,4.160978067804404,10.0,1.2658884325944981,2.363137415132586,5.815202801762602,banana_panama
3.5054066259421433,2.3510839740273335,2.2359233290703315,8.208588230293818,4.769225873282542,3.1075600997137798,cauliflower_downy_mildew
3.138007135195026,1.062128168930498,2.410484366806414,1.3594245032993926,7.723144887305313,3.7857012765829294,chilli_leafcurl
8.879844406688438,3.781922705938626,2.2919848297030736,4.4049125710569,0.6642919668442342,4.936422152123958,radish_black_leaf_spot
3.4450413509652296,3.8103987293188997,2.841007874924843,2.2840605452316716,1.814259585545262,5.750161213397947,cauliflower_Blackrot
0.3987885316321122,1.1500153425722257,0.0,0.0,0.0,0.5702581674231096,groundnut_healthy
9.385081765879711,2.8521096733786395,4.472256887149617,3.4626219953538806,5.39753784541548,3.8303177817050953,chilli_leafspot
6.118257692143049,2.5716501573284103,0.25021065037086476,4.294103118419882,3.100566393824615,6.477269484026678,radish_black_leaf_spot
6.202569590264639,2.353067207158021,1.0413213222882434,5.234174811028132,3.1838317686696933,6.658859294827928,chilli_leafspot
2.2674367954523516,9.619087476376833,2.3127646187300246,0.8698367212100535,5.9484053319006165,6.638482378510917,chilli_yellowish
6.049058667186113,4.1000477671068225,3.6570318365227443,8.870708210578785,3.7279448497143566,5.290752152821192,cauliflower_downy_mildew
5.7747176947514545,3.84475761215308,6.067828342142594,4.504919875022304,2.1447302571362945,6.794768275977561,cauliflower_bacterial_spot_rot
3.0093571301201703,6.819416420619873,3.161328285004195,0.5385162796308116,3.9230455786669918,5.067336158504752,groundnut_nutrition_deficiency
1.3846174286523878,8.180841573585454,3.3684330215152354,1.5474130606264724,2.316996266783053,6.462055282905613,chilli_yellowish
6.814481538969743,2.8153226712172374,4.3526842474658975,4.207681178284664,3.5408963318507443,5.79579296231906,cauliflower_bacterial_spot_rot
7.412545457859863,2.9416171781154588,2.039356394493904,4.089805598359916,0.7235191429530792,2.890920226878035,banana_cordana
0.0,0.0,0.0,0.0,1.4745472126543626,0.6223397903683934,banana_healthy
2.2863924154053974,4.492917897174538,2.425013571596425,2.289690939644056,1.390302011025213,9.415115790295076,cauliflower_Blackrot
7.17710339324033,1.595539682274792,3.1121444725259515,2.6558978409693585,3.4269557377441595,8.10732190763224,cauliflower_bacterial_spot_rot
7.619367726313948,1.8522394275124678,2.5398906665974734,3.0046387185036547,2.225677220608478,5.214286700499725,groundnut_early_leaf_spot
6.885288221047124,3.3950455916180036,2.912570773390734,8.267134554604795,2.2858055673675537,3.99107373212165,banana_pestalotiopsis
1.5139235268753006,7.147119272920499,4.234641977659019,1.635457278725127,5.381663930206961,6.094187689570721,radish_mosaic
3.705664514193342,3.891238387238926,1.5811476748574813,3.578899024248881,7.0468868961097755,6.462823112016597,radish_mosaic
1.2307024801539734,7.7908652126961035,9.232273541909498,3.719493049494427,3.9425451675930416,5.498991955346412,banana_moko
1.392875621417639,2.179769900190018,1.8495555250276994,4.185160670319476,7.655933501613564,3.2459869767706917,chilli_whitefly
1.9247850832721938,6.146170784601486,0.8171287443973476,1.6048558186214132,5.363690857953071,6.048552601285187,banana_bract_mosaic_virus
3.0956171758144966,3.8278363236347226,3.6235649619223085,1.830635814180361,6.517723432129959,2.6145967211475813,chilli_whitefly
6.143265738503697,1.5486930553297988,1.0061531532088435,4.378371552124709,3.3201914052964647,4.184851616446873,chilli_leafspot
2.138185301129285,2.794462201710168,5.42631618770441,4.219234569663657,8.011726398787888,4.395406293041983,banana_insectpest
0.0,0.4225789855921608,0.0,0.0,0.0,0.8520527581277456,banana_healthy
4.8823988398599925,3.97183438184505,7.005514952364361,4.30179240393039,2.786093621156631,6.394669844072449,cauliflower_bacterial_spot_rot
2.6199504812089027,2.008158579690652,4.008436319465734,1.668844284253999,6.131648769873248,3.337286670021143,chilli_whitefly
10.0,4.163027081879549,1.8847992059193701,6.762328284137312,0.47648436138396544,7.257740111122986,banana_sigatoka
5.977676865946018,2.6332415342571838,5.059510193193903,4.4894548610769895,0.0,6.684701640143832,cauliflower_bacterial_spot_rot
0.0,0.29101328354236344,0.13022113166677798,0.0,0.0,0.0,banana_healthy
5.491055094327856,2.4888904808189207,3.2863193886734656,2.9103196350880416,2.5436475878864706,7.28774163215925,cauliflower_bacterial_spot_rot
8.300226703976401,2.577780875701897,1.048299090148074,6.276560421054462,0.6733349667226325,4.188710591630919,radish_black_leaf_spot
8.42743934204015,3.32224311629349,1.5046473867772496,3.6425510520566036,0.38795419058279756,3.4493138030518082,groundnut_early_leaf_spot
2.6290430876566133,6.655019711605391,1.7312344949624239,1.8102871557689706,3.1767358269209747,8.033702031851508,chilli_yellowish
3.1020357379206454,9.669286594718844,2.8704198399056757,2.1682160372019115,4.07726588215131,8.115173904649126,chilli_yellowish
4.977442551634389,0.71684851628227,2.006036952507732,6.248255993698401,1.444844868088531,4.546210803842589,cauliflower_downy_mildew
0.0,0.0,0.680855728112999,0.35853007612769877,0.0,0.0,radish_healthy
8.413594765572778,4.011268729622319,2.580110603430947,6.989628420253041,4.626297670389821,7.1430210694259255,groundnut_late_leaf_spot
1.7345803665838806,6.846559555820547,4.905242471118652,0.48338885248916985,3.8960906913730504,7.449932810271633,groundnut_nutrition_deficiency
10.0,6.265544754184782,4.229728934738073,7.402296437128058,0.8014149567991407,5.533162462015313,banana_yb_sigatoka
2.3276128609932627,4.510431954944359,7.889651860874881,3.0192303387541926,2.9535204595342535,6.168346699313416,banana_moko
9.455886603997184,2.581525511348253,3.6264546434936498,6.516371477407941,0.8774539227274485,5.552765747544585,groundnut_late_leaf_spot
6.20326946009795,1.4545900408372754,1.6878118644479898,2.8205635625480774,1.1068049326641785,5.528925987170892,groundnut_early_rust
8.70756707762888,0.8178063243460616,4.639667294225326,5.114715954378191,2.8238812961038113,5.889288536818743,banana_pestalotiopsis
1.2192289170538078,4.415449539482365,1.289127290913357,0.0,6.058225953533793,6.002859860306755,banana_bract_mosaic_virus
2.4947367177722,1.2606798161128596,4.019426384392949,0.0,9.184617192259969,3.3735137146019682,chilli_leafcurl
7.45159114917589,3.727709674069396,3.591131384175663,5.543315105417679,5.241039763459513,5.908577196057697,chilli_anthracnose
3.1019799272027755,3.1153992756521878,0.8124462361155951,2.1289254255858587,4.821015127754029,6.730440220003571,banana_bract_mosaic_virus
8.60992078575602,4.995247219204195,3.510854004876686,2.9354048939645745,4.1879410252801295,6.8303639504895095,chilli_leafspot
6.369625612464143,2.2933185981917514,2.8179610684020666,7.01693002750375,1.726616381348998,6.07728902691833,banana_sigatoka
1.8486301401472183,2.3920051058506013,1.877477513449552,0.7748814144677924,9.591539772560363,3.6094944743526027,chilli_leafcurl
2.317661441736162,7.100671143215309,5.0981876050056965,0.8189199163330084,2.643190145861373,6.72460073946208,groundnut_nutrition_deficiency
4.349076469108007,0.0,2.65450751188673,3.1152919817489786,6.841436093318143,2.3715224366742937,banana_insectpest
4.3670901820359465,3.6322578399865733,3.2099081609303566,0.6357311691210212,3.6809017309201826,3.870589886715617,chilli_whitefly
4.559845492236725,4.143149907467054,5.117064859350204,4.172626974105192,2.457932928225963,8.126924460228947,cauliflower_Blackrot
4.089601758148674,3.7468549421677424,6.351672139666478,3.8816699211943875,4.4023069510980335,6.052877561895525,cauliflower_bacterial_spot_rot
1.5184254990217616,2.9365138799638446,2.6146173754438125,3.278497733886022,4.080939118015255,3.5470831598011765,chilli_whitefly
6.726042168974123,3.5164841072780257,3.3957434715123553,3.140004048777594,2.135368865505755,7.1194498982748975,groundnut_rust
7.95993028233046,1.0604272698760946,0.7355810970243752,3.7186364941049685,2.140369110368291,6.0527360470983105,banana_cordana
3.924209424083871,2.7422553978397284,3.5441716855728815,3.0720491375446244,0.937877169535537,5.523293871787173,groundnut_rust
10.0,2.917608820668163,6.389064511674244,5.574952333789454,1.289041453543383,5.392486849853414,banana_pestalotiopsis
6.812922186475999,2.342055244211279,2.1920218710233454,5.602139283401054,2.340878579082953,5.738199075871512,banana_cordana
2.0284683519589706,6.929666294078148,5.067153742522853,1.5726534947864763,3.8359618086852714,5.332149120634762,groundnut_nutrition_deficiency
3.4178812597029755,9.81238486337515,9.044895973506083,4.138575715765944,2.156828029357259,4.830169095959662,banana_moko
9.55998484671456,5.152366201704002,0.8469697601406767,7.299774255192881,0.0,6.077740788946817,banana_pestalotiopsis
2.4042708376345376,10.0,2.820045572524475,2.815030570309015,1.6378078443770099,6.626993022070002,chilli_yellowish
2.769476532257591,0.8239133397036862,3.0330405716143916,3.67420087219138,5.095995294335966,2.6475717285950964,radish_flea_beetle
1.340546491027946,1.902814508717399,1.4885247253563105,1.4286314547939267,6.214217589506906,3.9690767729472913,chilli_leafcurl
3.57754041276125,1.8045729052848039,3.4195797085769684,8.241240204459885,4.532411182515653,3.250226554556933,cauliflower_downy_mildew
3.2753936476925305,3.7438992566449336,1.3542410920823038,8.344946312608041,0.8470880027943364,3.063079755704738,radish_downey_mildew
8.516929011437115,2.0420443099858696,0.0,6.244717267130824,1.2641814459178047,6.260141438985645,radish_black_leaf_spot
0.23112616464652425,0.5234395161616439,0.005604076597949543,0.0,0.12364499978712616,0.38071531203044656,chilli_healthy
8.768221573707873,5.0133462757062315,2.393329027910494,4.27164533120304,0.667454562800643,6.353523391992586,radish_black_leaf_spot
4.262222392014669,0.3419839590679363,2.9529368675437153,2.0780391325758134,5.633256836383662,2.061609514046569,radish_flea_beetle
9.19435031493019,1.9780898009980772,2.7501327484646967,4.356384767652174,1.335146739094304,6.213887692686066,chilli_anthracnose
1.154787571348689,3.3098464443637283,0.13204499177131557,1.7272119416147675,4.46348477700446,9.105753018381238,banana_bract_mosaic_virus
6.704475717318228,3.8161339704669808,1.5027442811509335,0.9482786312044049,0.0,6.287148137736428,groundnut_early_rust
4.29145841578033,0.0,4.663778987655051,1.342159642199873,9.308134953789944,2.0704620359777017,banana_insectpest
5.06818029098417,1.5971715729367588,1.01542274721392,4.986991592329711,2.846120659299877,8.144840846467465,groundnut_rust
7.694701589575598,3.8513291641177587,0.6577718189460413,7.771426592755537,0.0,5.63984545580616,banana_sigatoka
5.7554549166998985,2.3945273613166673,2.7611034517657114,2.4824232732561855,2.1091563187697346,2.439145839289621,groundnut_early_leaf_spot
2.8079695605016592,0.7809454076120261,2.3337489354025465,0.07967467459554811,5.539260769335424,3.191355008164955,banana_insectpest
6.72758584003958,1.2815764425349454,1.2627014236865453,3.797038047193642,0.0,3.5475270193815467,groundnut_early_leaf_spot
4.792304996329348,4.041965178512927,3.8286517570905954,4.634160826131721,4.172054124397341,5.129084414702167,groundnut_rust
4.331596396321741,4.497961971212594,3.323956552825899,3.5768571481809177,4.899966606740183,6.0096590975673925,radish_mosaic
1.556535396572876,2.0569921619019715,3.701113786416351,0.0,7.4850554383327985,3.8590472936291516,banana_insectpest
8.272251888998655,6.311592046693294,2.4708991606145205,4.389243649151002,0.9693108253696067,1.8771089141330584,banana_cordana
1.052594559352514,7.146963294134977,8.418889977683003,1.9448854055118072,0.980117908212976,6.81998941381931,banana_panama
0.0,0.5055250078264166,0.0,0.0,0.0,0.22923628459944065,groundnut_healthy
5.9950246862896766,5.151663222259929,0.6301411190907087,5.227605852787203,0.04496817596383429,3.380022659573947,radish_black_leaf_spot
2.171717652637682,4.641421031140792,7.681300494326168,2.824912106151805,0.8937469425003848,5.455330300616246,banana_panama
7.136112314383079,0.870186317162724,3.1797645215667876,3.638754076016596,1.8074553642634859,4.101044440517593,radish_black_leaf_spot
0.4981942128215047,0.9287954383248328,0.0,0.0,0.0,0.0,cauliflower_healthy
2.19647122774437,7.352820107226583,7.644180171337728,1.011395756430615,2.4293088197754296,5.823775774493639,banana_panama
0.0,5.196675703639811,7.826030460213003,4.158176104565741,1.6634862743193777,4.876089592507629,banana_panama
2.336491180516519,3.7302242824467062,2.587562042256315,3.8748254112478753,2.0667852990203714,10.0,cauliflower_Blackrot
1.9489771612273254,0.31258977647924624,0.0,1.5873163267468289,5.288816374415201,0.731210453486395,radish_flea_beetle
8.167298191215687,1.560664490453568,2.0991086202504956,3.844196408980716,2.0348784942606994,5.198048763845287,chilli_leafspot
2.39877681437551,4.101816156132136,3.8613823706270276,1.1388095611514304,7.4151566208765916,7.081022177692131,banana_bract_mosaic_virus
8.088636121293057,5.432303842571514,1.391413630360276,5.616208466533492,2.1731720233220946,2.7995530788446787,banana_pestalotiopsis
6.698600396084817,2.8497183423416352,0.825928471847176,3.3324651221555075,2.7213103797337617,2.6351917592678147,groundnut_early_leaf_spot
7.895967015697547,3.050005706567227,0.5822704861072283,3.9207736168647656,4.882240726451192,4.497039447693314,chilli_leafspot
0.0,0.03819149484363709,0.0,0.3921897849583573,0.6205845479893584,0.0,radish_healthy
6.867540183224758,3.058401651795303,1.3148202999645966,4.299535225172689,2.0605652644201538,5.1169757089051675,chilli_anthracnose
4.691811943307297,3.1781303746129312,3.3520315710766018,7.567656073028801,3.8609583380668293,7.130158537935776,radish_downey_mildew
0.4346365993941761,5.803607058596046,2.439917895316218,0.0,5.383359699195967,5.728943773733258,banana_bract_mosaic_virus
4.564648975117654,3.6057553334937515,4.302226699361233,1.5385010675357444,3.942630429346685,1.7931444234929748,chilli_whitefly
6.882730284378658,4.428046503848452,1.8419395006751045,3.999012173363318,0.0,5.487445294281089,groundnut_early_leaf_spot
7.050238828984575,1.5817272307536128,2.210650692602178,5.050606059813292,2.8903323935396865,3.7361523247488044,chilli_leafspot
6.726615504283007,2.8099005183981385,0.9317665121331888,3.1444979077085593,1.5232612897311277,5.126811854226206,groundnut_early_leaf_spot
6.993799260339257,3.1090158666764807,2.742554802578444,1.678697874648579,1.15845251505014,3.949022210424448,banana_pestalotiopsis
0.14152977325445595,0.0,0.314859362059462,0.0,0.05256054826522032,0.3501645853031012,groundnut_healthy
6.9547570473217775,3.0983630455966034,4.712212583538843,6.585190626259183,1.5964916552501327,7.29847582395898,groundnut_rust
6.90530929761851,4.967694114714111,2.8634066226451207,7.5027359346190705,0.9745886267240773,2.926926754836397,groundnut_late_leaf_spot
5.825612794925535,2.859171167901694,0.0,5.835612506767269,0.6296698170064261,5.071886308155726,banana_pestalotiopsis
0.0,0.0,0.6185754877393582,0.6561039968007659,0.0,0.0,cauliflower_healthy
6.593998167661224,2.4168925732341227,1.1534915431970587,3.118458062785204,0.5573427484407407,6.194879887823507,groundnut_early_rust
2.7802414135503932,4.88098896346474,4.215964395257199,0.0,4.169369794890313,6.169710316142507,banana_bract_mosaic_virus
4.517227972696733,0.0,4.002454525421732,3.4108612603217603,3.6618453125528525,6.475953527065749,cauliflower_bacterial_spot_rot
3.9722397770989453,4.059629469439424,2.2966364834843316,7.690920878473648,1.608448130714251,4.0286380218693925,radish_downey_mildew
7.164804918306633,0.0,3.8930662789523143,2.451829697527404,3.5549925697050155,3.3914720828643548,radish_flea_beetle
0.0,0.340679755221474,0.2043036538508838,0.0,0.0,0.0,banana_healthy
6.0933946592318655,2.9263607518801047,1.0145875261047048,8.57941849489773,2.3777150737461965,2.738413822912924,cauliflower_downy_mildew
1.1572433441705172,9.631543042418375,2.493945777787797,0.14259144646560618,4.06989414803414,4.888057688713444,chilli_yellowish
8.02608862109335,3.789644869430915,2.3678533542916522,6.299452153462394,1.8172413520442643,8.625208056390205,groundnut_rust
5.487500807729874,1.5245243862778883,5.282055200432819,2.7249450675062215,9.764366502525746,1.2246669322323311,banana_insectpest
2.8002172988621448,3.83457215703441,6.612784457250665,0.0,0.1135135296340869,7.247566577803527,cauliflower_Blackrot
3.8758776791925262,4.037611621863504,2.2017217535139144,2.132462979317938,2.3254654299894293,6.59360582333763,groundnut_early_rust
9.483180314992465,3.5501981714915183,3.0697940540450177,4.792606453188301,0.5383257854726613,7.6766578635455165,groundnut_rust
8.458537407667349,3.8430392875276533,2.35139461230402,4.743477347124303,0.0,5.235741133273251,banana_sigatoka
8.328496803144368,2.855542603255682,0.0,6.016906012580506,0.3576061768552927,3.891360061235007,banana_cordana
8.79472669722897,3.5131155833286876,3.133638646207364,6.68728313572357,0.0,2.1898430673570943,radish_black_leaf_spot
1.8487740472222527,3.581605373722611,3.354467240400232,1.7805181190912878,0.0,9.764794388782747,cauliflower_Blackrot
8.006728600563534,2.259296176143692,1.3300378952647633,3.679814920433966,1.5274014767442716,4.934723804214537,banana_cordana
2.489903306857366,2.9568996749145917,3.234986764790772,1.5671169788956516,6.307235681176651,8.179229180734616,banana_bract_mosaic_virus
4.814903222099018,2.5970513386679706,3.1251330465079477,7.446951313616237,0.36231762323625105,5.144545416505259,radish_downey_mildew
1.2930654406626476,5.877284441485089,7.7864985490347225,1.9046268968441844,1.4990835416126813,5.41286470587616,banana_moko
1.4049784896716788,5.6840306317465,8.811570205866351,0.5478068679030106,2.909680441315365,7.052057023663339,banana_panama
0.6844698957257578,3.271938940886847,3.9134060758699665,0.0,4.810329180652431,4.415931863675542,banana_bract_mosaic_virus
4.1616355286356175,6.806587529833894,4.001802885101595,1.8045991525386744,4.620145156148309,2.7491232219929898,chilli_whitefly
0.17719009889184378,6.9843580494107576,7.8588559402866345,2.8351185211290195,0.38006296148787067,4.772096131949299,banana_panama
4.975158796259765,3.6548278891655492,3.4646843508141068,3.36214659695662,0.6446325041995478,5.851945307587794,groundnut_early_rust
4.173887121207722,2.025344597101573,1.0546363750555692,7.9384764623187944,3.1567012431606027,2.918090489305894,radish_downey_mildew
10.0,4.883226619158091,2.6422169685601196,5.16952176160237,1.9181569636007971,5.311936680928531,banana_yb_sigatoka
0.0,0.056374469038374835,0.0,0.0,0.0,0.85755910908939,cauliflower_healthy
5.379606422654496,2.3558923262363662,5.521181813425569,2.3464736036118037,5.611460057544075,1.4002459742666322,banana_insectpest
0.0,0.6677265308508713,0.17683968794552407,0.3583638238586714,0.0,0.0,chilli_healthy
4.608500035396517,1.904151718531425,2.303362270984434,5.614086893228539,1.6142167851587519,1.5297686934001025,radish_downey_mildew
5.8483211982004795,1.0035720261643406,3.668435546985364,7.092812280890879,0.8047460717961294,7.466633016128155,chilli_anthracnose
1.6910833710669841,7.786115669154731,1.6860232582652608,1.2156808577819946,2.3306695649774847,5.638031002120892,chilli_yellowish
1.0353167100130627,6.619973335123161,7.8224088761790425,0.3142196672869917,1.1286495544481603,5.617384373406322,banana_panama
0.0,3.601208890019031,8.976777032237289,3.1543409404859597,1.729212343145298,6.666829235555314,banana_moko
6.127166733911482,2.9015639192683085,4.536786673058714,5.9663623768688465,0.2828708136539484,8.841240417037943,groundnut_rust
7.814946871016657,2.0720686978665626,1.388673266935723,3.156667400809596,2.1363246183462485,3.7842419769936453,groundnut_early_leaf_spot
4.017795447876521,3.1852471620181833,2.658784371030789,3.83262217302065,5.162841713520559,5.936529209969507,radish_mosaic
8.906760179218479,4.341779458407771,2.722152692259023,5.9770934997168705,3.7502513187925803,6.305726351120516,groundnut_late_leaf_spot
6.485761636727743,3.64101462594426,3.9231501128592154,5.199565793902609,2.6161234236176028,5.906231619851532,groundnut_rust
4.430000885436305,0.44562105057777623,0.7780957988512962,8.982258459727998,1.3437938537662608,2.8145703116413108,cauliflower_downy_mildew
9.736152198806204,3.960995328330773,2.996597760783142,5.913043343954623,0.0,5.360395101808399,banana_sigatoka
3.963539911823394,4.53771785602123,2.296526766862801,0.744379957175096,5.627565888676334,2.9141831888724212,chilli_whitefly
7.860255441783342,0.7294980892980893,2.830098696846794,7.124770246955208,0.6392643968386351,6.096462046516386,chilli_anthracnose
0.6081469425486413,0.0,0.39214406286385356,0.0,0.0,0.0,groundnut_healthy
7.7819965164597305,2.335635462483048,1.8150594375317384,6.597917648635059,2.035606189972934,4.1713663690141916,groundnut_late_leaf_spot
4.848974445484904,2.5297403644548586,3.897041966214573,5.428035316726467,3.2022425691462835,6.726024562336901,groundnut_rust
1.9853038725837024,3.923294754217002,2.090965469832472,0.18740594618546602,7.170143680101301,6.823531142197433,banana_bract_mosaic_virus
4.820146359773398,4.334750939870073,5.556467669068537,2.598999011343143,1.8316205263434082,8.421367738551636,cauliflower_bacterial_spot_rot
3.216934821761366,4.6334180287080295,6.126192661311958,2.725387472209311,6.021225677902079,5.357684754587592,radish_mosaic
2.9519553509746808,6.839615050699019,3.628186118363112,2.9421519025520655,2.0127416806227174,7.6595765348873925,cauliflower_Blackrot
2.404922734563553,1.54256756269423,2.3434728854828526,9.158270850639996,2.3484051622899647,2.2079713733418695,radish_downey_mildew
4.578777219451507,3.2309016849809162,5.1982845915301885,6.713324221894576,0.0,5.465558235074792,groundnut_rust
0.0,0.7677653866859412,0.6492706648845419,0.30701813197860406,0.9144873781271765,1.1161730165928692,cauliflower_healthy
9.041095373007526,4.716207292342535,2.470553750585219,1.4875630598438794,4.842400459966216,3.9637179683481287,chilli_leafspot
4.76039322972887,1.1621603904667404,6.01440960804708,0.0,8.57340099736315,2.730817234946274,banana_insectpest
6.552033001324323,2.596308156847372,1.8423668312515435,4.012554712232429,1.0593389572876433,6.9964356252134134,groundnut_rust
0.1772058040913571,7.707133243321276,4.328772640727211,1.9269565160827304,2.4911080879596255,6.683800632488754,chilli_yellowish
2.0156514034110096,5.107679644453224,2.126852984579986,1.2544179497079653,5.782641492024689,6.092199330007942,radish_mosaic
2.6234033770321115,7.005567146387358,3.953453757855976,2.6076924096549647,4.949029593266477,6.626481742834776,chilli_yellowish
0.0,9.450613492641677,8.186389999039282,3.4777767181470445,1.9305107001477095,4.117859839130494,banana_moko
7.017308787175812,5.16034797441378,2.6535494893992064,7.539320219136715,2.105231007677192,5.4243373238806365,banana_sigatoka
0.7401721629565916,4.872910151181592,10.0,3.114718416238658,0.2741118832861903,6.5973459713013325,banana_panama
3.0475976926621433,3.5151510228188583,2.5394301057922535,1.143310083056138,1.0669037241913277,7.241791336627026,groundnut_early_rust
1.4335534085939872,0.18942561461748722,0.07357090964935017,0.21479565165704545,0.0,0.4647395310467694,groundnut_healthy
6.368385094776692,2.534455593201426,1.4452459926336332,8.253650442539257,2.345372596311644,4.300440536885729,groundnut_late_leaf_spot
7.95889181707519,2.9012033399793538,0.0,5.8243335866593995,1.8199479324615842,3.8571219378434325,chilli_leafspot
0.0,0.16635264718709145,0.0,0.06943199460027412,0.5266551398209353,1.0650521331604794,chilli_healthy
4.141730047022113,7.016140437543152,7.7301763330461775,1.8854495022570497,5.522789482793334,3.7120063613325254,banana_moko
0.0,6.282798780094171,8.44425426793009,3.701176999722372,1.8794291353139538,4.931131156398149,banana_moko
2.6369041143911653,3.942498866993422,5.42614498895958,3.065905757830875,6.869790672702491,5.00028684683836,radish_mosaic
3.8196154476737534,1.607964544176363,2.748906766395309,0.5933194958760319,7.557243836255889,2.339337681949815,banana_insectpest
3.9118239519672766,4.386541188282578,0.8124742156897029,0.8490556958804223,6.066869894746434,8.313029822165138,banana_bract_mosaic_virus
2.3522450359623686,7.29930122522205,7.607992102989147,3.149702519596721,3.818533770022697,5.458081002755011,banana_moko
0.0,0.0,0.13579110007679618,0.5046474778899046,0.0,0.0,chilli_healthy
8.373423796045225,4.328374917561241,0.0,4.713820034800808,0.8928106303981387,3.5503635342578184,radish_black_leaf_spot
6.194343467626057,5.004112680699707,3.8819231691051783,3.909990497950418,2.0370184004642087,8.972314960468093,chilli_anthracnose
2.276263134706974,5.314910613202766,4.145594621772087,1.9652051785503906,5.092136095143375,5.90655113678437,radish_mosaic
5.352819679167958,1.196213916480478,3.746400163242508,4.545850960796612,1.986873137647897,6.527811463767393,cauliflower_bacterial_spot_rot
8.527412022582942,3.233554293500893,1.0492688549942346,3.5055372762580936,5.352861398446443,8.206588091153616,chilli_leafspot
5.888994770995901,2.6997952549793633,5.590200727099559,2.1529779053524223,4.032286219948392,2.78244145719627,radish_flea_beetle
6.104809747230058,3.581516523010302,3.1699212150961587,3.6614788957654687,2.0207234312067786,7.1569385322298436,groundnut_rust
5.135006156735752,4.999473213608109,4.428953649910491,2.3342669364397923,8.557451709608797,7.270036204709026,radish_mosaic
4.82901337792813,3.0177045905611095,2.284449468635631,3.9458160109741724,2.133399824348992,6.514145617872392,groundnut_early_rust
2.6377597269518773,5.51051828594149,3.660668319391478,4.079183016874203,0.6504131740004073,5.405221496544791,chilli_anthracnose
3.6432240410933208,7.370118857115521,5.405355730611873,0.0,2.198347310581786,7.918976576704471,groundnut_nutrition_deficiency
5.75099319302643,2.7511718775671943,3.155335971056933,7.708980260568774,0.0,4.024708212681615,cauliflower_downy_mildew
0.2899609917155923,7.263851215404163,2.030405797062153,3.2154686888448474,2.5975715153448085,6.364475141437249,chilli_yellowish
3.707114237347972,2.584273773394357,3.142313307668249,0.7894498779498845,10.0,4.848470630081444,chilli_leafcurl
0.0,0.0,0.4354087759317321,0.3717553351672983,0.0,0.3537436036026809,cauliflower_healthy
3.714469360551906,7.562944425837705,4.156436871954192,1.690046088095385,2.679104632933743,6.670278886749426,groundnut_nutrition_deficiency
2.068069278970552,5.271286303096699,8.759758494839556,3.6790735400853913,2.8469708149727806,7.8868778523243925,banana_panama
5.146454597671104,6.448899237611895,3.3194134382450162,5.13403295612801,0.6824883643195443,6.31284739436553,chilli_anthracnose
3.708761502609662,0.0,3.454246339146769,0.7522321627677389,6.270824385551833,2.8352268410533443,banana_insectpest
0.7927791422003576,3.5429736646547214,3.3897330482000814,1.949995232755523,6.748943780462586,7.754014611117136,banana_bract_mosaic_virus
4.4832949146611645,0.9671074344217305,1.7319850501113763,1.8360480767281266,4.163861406063199,4.76782981557091,radish_flea_beetle
7.458807179564829,4.3527392655317945,2.072949465789317,5.930443200398037,0.18340339850617582,5.757050724315387,banana_pestalotiopsis
1.8318611219904448,3.5667872739949815,7.936751703625948,1.60090474418015,1.843768236683259,8.998116580465794,banana_panama
10.0,3.5150856258011203,4.442637748063514,9.390513288996944,0.8426663935834208,5.306958883176945,banana_sigatoka
6.331033198669755,2.4519990421157996,2.552506315086479,8.310154660240311,1.2984057455909088,6.736945798815445,groundnut_late_leaf_spot
5.151939334562245,0.6198152248389446,2.0996580561376166,2.916668664966177,3.479707819765689,4.1006987064636835,radish_flea_beetle
5.331294806657786,3.4272696543355154,2.358981167548935,3.3817707776356474,0.9493886722040313,6.886942383327841,groundnut_early_rust
3.7092542821859342,2.292288911199438,4.560211832175767,5.234171392884454,3.4842462722218697,3.3468540482134173,cauliflower_downy_mildew
6.215109180247092,0.803240523772252,2.6134431194299768,6.648390254195549,0.8350617824467698,5.143449456643527,banana_cordana
5.229863719319116,1.8062739384819655,2.2572134365827807,8.946504852662537,3.2330632564101887,2.4744589010630778,cauliflower_downy_mildew
3.162066845740429,5.127235676885887,3.41204441975457,2.9066058877587073,3.6025438662678604,2.414236463829451,chilli_whitefly
0.0,0.0,1.018021416420056,0.0,0.0,0.2917167845779826,chilli_healthy
5.160172128410692,1.9660035559527125,0.0,4.167475783385605,0.0,3.7981093557633763,groundnut_early_leaf_spot
3.8981892093542587,3.635898705127195,2.415516705626527,2.621914891981939,3.5068262619832056,8.226700843679204,radish_mosaic
0.0,0.0,0.0,0.0,0.0,0.0716065416030652,chilli_healthy
2.3334113713662172,10.0,4.495515337198417,1.7022835404418277,0.09704503430909295,7.097971281305391,chilli_yellowish
2.7508613185945863,4.622737299506863,1.521378386485726,8.814940797859336,0.9332035899413544,2.652632880209726,radish_downey_mildew
4.475605793992151,3.16608686976877,2.7974806984557494,9.821327340725423,3.3301951006125394,3.607461588290163,radish_downey_mildew
5.27247566377298,2.907333946081889,6.5541782530344115,4.485929624578412,0.9936108349752983,5.182909405037166,cauliflower_bacterial_spot_rot
2.760504878180493,2.0876586736540874,7.075161039253707,2.2107040916662317,1.9994255383177935,6.040972672008254,cauliflower_bacterial_spot_rot
0.0,4.768229267830314,2.547403486570543,2.650445443833048,5.193577945137685,7.883417723150359,radish_mosaic
2.987339337000803,5.844818785697228,8.831322838218632,4.326999679553655,3.033723830759366,5.301579977885723,banana_moko
5.863713909478041,1.7045607554640534,2.9518331928156543,5.1066936295578795,0.0,6.723592553079396,groundnut_rust
0.20460942420242034,5.89814540018825,9.587293360262162,2.7970527772286204,2.095488241930599,5.910589299396332,banana_moko
5.897788689274798,1.964144688646702,2.881435062109385,5.986050665762479,0.0,2.3235339722236317,groundnut_early_leaf_spot
8.199368735693996,3.6203102535585288,3.3892148534339084,4.756404963794204,0.9734207648893025,6.671646867528079,banana_yb_sigatoka
7.618038783074799,4.350055084028975,2.8955817320182353,5.3002526024108425,2.584089802589672,7.23677609474832,banana_yb_sigatoka
0.0,0.5980668585455535,0.0,0.0,0.7251701293795311,0.0,cauliflower_healthy
0.0,0.3798561477420842,0.0,0.20980498601205907,0.0,0.6397324658288756,banana_healthy
0.12524889996020538,5.773182842781031,9.216353856604133,1.022158221308787,0.0,8.166689319224178,banana_panama
7.1385761427751575,5.955036574809472,3.7852657608729157,6.347893408845195,3.579208903662198,6.353458194583133,banana_yb_sigatoka
1.2194312006489398,3.499785316464415,2.397727062002796,0.3464519327940432,8.673600033230237,3.2535221980660545,chilli_leafcurl
1.7757540270063692,4.4723227300709905,3.7363734612244794,1.2358657318138895,7.238213447362362,5.217327552355634,banana_bract_mosaic_virus
2.8485273921278753,1.139001677498694,1.8413099925481933,0.8714473393951885,8.202040186416005,2.1486134211553454,chilli_leafcurl
1.2846490651437967,6.502953998610521,2.670175470473845,0.0,1.0253346565279955,5.404574850018192,groundnut_nutrition_deficiency
4.38935032522302,0.0,1.1296525548243714,3.01372925093804,6.993327647622316,4.414215227758107,banana_insectpest
5.194335551162798,3.912067156427523,2.098927703521404,3.250938200642083,0.6289491075401639,3.0974123132913003,banana_cordana
6.698292279009424,3.9277582365638697,2.6156515080389777,4.93230622571223,2.311493339514749,7.38504099322804,chilli_leafspot
0.09911259664598084,0.5575839470130254,0.0,0.0,0.05453529152520768,0.0,radish_healthy
9.721012443824392,2.9126897069212663,2.0397327175201156,5.336768455459803,1.5420426855041465,7.888150796926293,banana_yb_sigatoka
8.948816909933551,1.1065360523684382,1.2123291348769532,6.426342458994698,0.5948830214940204,5.100816257746075,radish_black_leaf_spot
3.4140241450319886,2.2686712451929445,0.0,8.424584089522893,2.936388308363413,4.165482539331722,radish_downey_mildew
1.6448944033844568,6.770761482013411,6.966892924805906,3.2079278492391534,0.3163612444891223,5.57060647987048,banana_panama
5.889698113594526,3.4806966531091135,2.625099194986585,1.2523875111476679,1.6739426331016913,3.0866380288095407,radish_flea_beetle
6.241959524808175,1.2359596958268888,0.0,5.461471472766062,0.8169037504878707,6.880344739125035,groundnut_rust
1.7278870440198264,2.807135469307811,0.0,0.9662508112697987,9.950874047298882,5.193421739234172,chilli_leafcurl
0.6901597872898754,0.9288629144741906,0.5439864337295497,0.0,0.3820838989002412,0.8229992790093418,radish_healthy
0.5173286849341043,0.24324950836601486,0.09588281655124611,0.46930538484699197,0.0,0.0,groundnut_healthy
1.023519539893154,5.037083952162196,9.694714378285482,2.5520507886325596,2.8485294877320078,7.50641973634617,banana_panama
0.3661740398252623,0.39878281134297705,0.0,0.3072736188254339,0.5545497327383594,0.0,chilli_healthy
0.0,0.0901606245886495,0.33428130816856333,0.0,0.0,0.3579585702427826,chilli_healthy
9.685134833524646,3.0227166148081714,2.684583303295629,8.193297433849102,2.464660724717479,8.41626515357844,banana_sigatoka
5.8391414801973704,3.113312669224236,1.2623112606585387,5.528736075369936,0.0,2.634085438050281,groundnut_early_leaf_spot
9.724861973905949,3.507964706153307,1.9149957825006918,7.109349840704052,1.1292393389279423,7.197861187166076,banana_sigatoka
8.857780026176087,0.7702499835196903,1.1517759181827878,3.7960249765468834,1.5932610037164567,2.9015443550975335,chilli_leafspot
4.240653371596122,5.161254235847201,3.3988156457664043,5.791282147818194,2.361201480702171,6.688521313373501,chilli_anthracnose
4.981976483583955,2.6470868299336394,2.0149932493796503,8.528908105326517,3.0876118824765824,4.25276253425807,cauliflower_downy_mildew
7.708314138541994,2.3447383438835656,3.2158055571769495,5.189580533327401,3.980882371999821,4.342141917565448,radish_black_leaf_spot
2.320460319043111,6.067556954748125,2.098740787130509,2.2785764500784214,5.379253859879554,8.691216928222696,banana_bract_mosaic_virus
4.097764482945003,8.24807418388309,7.112274603232439,1.398467271707721,1.5371928428265822,5.521403175309567,banana_moko
6.558380379400741,5.435156826722907,2.8862962244215864,9.375404541110898,1.5194863273896715,5.215943797877614,radish_downey_mildew
9.708744614649401,6.6965235779495105,2.9649927609281272,6.167183556875472,3.3330933736813195,5.19903758168539,banana_yb_sigatoka
7.688653225774075,3.698775462629379,1.1024796537464754,3.843057137797071,2.4866272408700487,2.202846560716592,groundnut_early_leaf_spot
0.0,0.974828419502765,2.7223488510119536,0.9727869694151907,8.19589131141836,5.094428405185967,chilli_leafcurl
3.566931893945025,3.2107897723179777,2.710734942487243,1.3287228843176058,10.0,5.015621711447224,chilli_leafcurl
3.543122572312905,0.0,1.5251406669498284,3.4857010307956333,0.16277062714455448,4.736105807839355,groundnut_early_rust
2.13874494850572,0.8409540388938841,3.5118471480318516,2.788172315060172,8.8217335021193,4.156181274382702,chilli_leafcurl
7.662706107775854,4.370308262739848,4.641030904698518,4.217645781861471,1.1304591337403753,5.21706034947902,groundnut_late_leaf_spot
8.148788940878969,3.271077624898445,3.9758617047476514,2.924002650419682,0.8363844065386303,5.80841551573513,radish_black_leaf_spot
2.0016239629587704,8.005910271313478,2.789897819671553,2.1005628315336087,3.528795068174457,8.800793019352037,chilli_yellowish
4.868517720522016,3.490383373776805,0.7647541901815142,3.376795656987759,0.0,5.33522604998791,banana_cordana
1.8751689974803178,3.622316081349036,3.2143046477445165,8.748047817973555,3.280238705169907,3.828540432654434,radish_downey_mildew
8.34353386769826,5.165338766384549,1.8818656229879018,5.611609700483357,4.048936898181432,5.882531943444991,chilli_leafspot
1.7975736070753277,5.751958566553354,4.596022743165376,0.1993614418070654,2.920257451598488,5.477381463343265,groundnut_nutrition_deficiency
3.9450447584154524,1.4596800896822262,1.395794814405278,1.3830333730407287,5.8161201000776614,2.962331597007156,radish_flea_beetle
6.632117060405613,5.306686770376157,3.0363558926946848,2.411686729583876,1.7744616061082576,2.8192623209409344,groundnut_early_leaf_spot
8.350703131491523,4.164215209585426,3.056263030822069,5.217583051372108,0.39994448475754085,7.035742375880888,groundnut_late_leaf_spot
2.2048279274063667,3.80987602704732,2.619711541673158,3.8811804317450043,3.7826270107804367,4.416771877992536,chilli_whitefly
1.8789668923051703,8.472337968746851,3.29872153423334,2.2021409239189933,2.3174334994016306,7.1558173965602325,chilli_yellowish
2.456210696425506,2.729994116251966,4.741988761822487,6.688966205826279,0.4048144617019611,2.5015740068053267,radish_downey_mildew
6.251234277217357,3.508149998196468,2.6365081567702853,3.5219936527734967,5.502035611512829,2.252927282979122,chilli_leafspot
4.952131954593172,2.805198976768543,1.159362309846953,8.995739609538804,2.2035975452023697,4.02666815644071,radish_downey_mildew
7.935106580839408,3.406185362525128,1.3307510220218268,3.6763224185257055,3.0017149216281043,6.491906064256495,radish_black_leaf_spot
3.378518840446524,2.9123434654662805,1.5650708703162415,0.0,4.4463822291349135,8.392992144854222,banana_bract_mosaic_virus
4.416051973125904,5.013867861901309,1.791906706593097,1.9612632667406356,7.768651522089728,3.1476938419874174,banana_insectpest
4.156212245293023,1.1599294932975235,5.843861905828093,4.38923916909256,0.6557614382705848,5.119930354903058,cauliflower_bacterial_spot_rot
9.526914059379914,5.260887023272404,4.025884707163683,6.0112744254910195,3.267546180495348,7.477033307887785,banana_yb_sigatoka
3.473585371502721,7.365564381598799,3.089476874472596,1.5491385091355399,4.143705665990993,5.538636033612898,chilli_yellowish
0.5009352067705442,8.025370354246831e-05,0.0,0.0,0.0,0.3714516527167994,cauliflower_healthy
5.219782446451137,1.0520613717202465,3.5373443416857135,2.1752670179574696,3.634418699048984,1.5497817998142238,radish_flea_beetle
7.501459420353501,1.396401732941466,0.0,2.6374669667954524,3.770969335887142,3.4741471134478794,chilli_leafspot
0.8816494001497847,0.0,0.0,0.0,0.06746976508162489,0.0,cauliflower_healthy
3.301177042885395,5.350984975501996,1.9289867697262753,0.0,4.912642519972353,4.79055770635742,radish_mosaic
0.0,0.6425199475990147,0.0,0.108047433176352,0.0,0.0,radish_healthy
5.493787940532036,3.3571424404005406,3.5290572136733704,2.1746269906524343,5.423300270310646,3.514906084333118,chilli_whitefly
0.03885423001250307,0.0,0.48895413463655524,0.0,0.0,0.036199799712227664,groundnut_healthy
1.628805808670844,3.081943338709694,1.2939971423291612,0.0,9.271579143478174,4.595615693284591,chilli_leafcurl
7.775530980231605,5.1145544496299555,1.7644668346927193,6.272318332560298,0.0,8.25634544131385,banana_yb_sigatoka
0.07379958779217445,0.07531717015922132,0.50537496645153,0.48104146637064804,0.2602833901055413,0.0,radish_healthy
6.692150985511147,3.0344760358654215,1.3309552909148634,3.874088595562104,0.37008465744772745,7.591509163628805,groundnut_rust
10.0,2.42503923586174,2.6436670626170913,4.9946234022455815,0.0,4.5448114408520235,banana_sigatoka
7.471028562381707,2.532720095034706,2.267814432956942,5.662043380832704,4.000653921022106,7.634014434953299,groundnut_late_leaf_spot
6.644889962214567,2.539423304819485,0.9995392657655227,4.859755995255996,1.0220979882380241,4.7081082520490805,radish_black_leaf_spot
8.058913677566807,3.3779509615704244,3.823068547725504,5.6853197167405725,1.4771470011383154,6.960550617817079,banana_yb_sigatoka
6.462367681111518,3.4913187132008847,2.075878575815721,6.668992048124252,0.0,3.821221228945419,banana_sigatoka
5.698496893466322,1.8143655934380007,3.068958659640624,2.215137895340858,3.7158257502528103,1.3489732776993992,radish_flea_beetle
9.576076341484924,5.659833418395212,3.5195963215475463,7.851919297776685,1.766251980721119,8.037148535651209,banana_sigatoka
3.2684153837090304,5.946588321254209,2.9473210728434576,0.5473368251173476,6.813738836662447,7.503090445731385,radish_mosaic
6.06768425744984,5.903827939679059,1.7015786579496768,5.593597135339491,3.7597308694262956,5.308941042370584,banana_yb_sigatoka
0.07337373610261283,0.16497939392021735,0.0,0.0,0.0,0.0,chilli_healthy
0.0,0.40353028110425954,0.256605525210426,0.0,0.25409532742584034,0.07122587952603042,groundnut_healthy
5.051365717135229,3.3877145055814717,2.4713576850181056,4.172280530230235,3.7672672896508645,7.657036272991872,groundnut_rust
9.499652504221181,2.732203515249688,4.290265849418299,7.256731690271355,3.0361247362278543,4.981324293355647,banana_pestalotiopsis
4.345706516837712,2.5134220053230933,2.9028190626597232,3.134142680566801,4.450702898748845,3.9962512656476665,radish_flea_beetle
3.903220179374422,3.5146214014077812,4.55964004958752,0.0,5.8178578859573005,7.705980647781492,banana_bract_mosaic_virus
6.113179386451544,2.1415970913728772,1.719388141839041,2.4285313431540456,2.2076026829261552,7.924043390408853,groundnut_early_rust
7.362634975659263,2.886080993612805,2.9715890361778894,7.276854098889955,1.122146000448793,6.367617040718427,banana_sigatoka
4.643042990411288,3.104310513164126,2.7452345501080804,0.8762825639103877,3.4891387113338053,3.102683688907456,radish_flea_beetle
6.450869336608131,3.5116307603519545,3.016805960845657,6.676545450008297,1.2903263241943432,6.86623824097681,banana_pestalotiopsis
0.0,0.37937809632801944,0.0008279278109756162,0.1760124143946403,0.0035766280487437604,0.32081261622060425,chilli_healthy
0.0,9.252664659719816,4.830999657165502,1.1233639420239154,1.9303683830975245,6.474319160643443,groundnut_nutrition_deficiency
3.927702838426387,4.904279588439709,2.0474770134845537,3.8317864842095872,3.406729951529682,5.888087201349882,cauliflower_bacterial_spot_rot
6.948928320956885,4.470037619212567,1.8929560427699985,8.932351576579444,0.0,3.8300456058005827,banana_sigatoka
0.12483152596555248,0.0,0.2675357874129348,0.22854939682739403,0.11473231503983113,1.329720129027091,radish_healthy
4.833729005585065,5.488451317787765,3.2004558640518765,6.569330181252678,2.0799680026021092,4.2898681530464575,radish_downey_mildew
0.0,0.0,0.5088307334217512,0.135747655412824,0.2757381376197616,0.1702946082002484,banana_healthy
0.0839794480774409,0.3413467554353195,0.23354280712500713,0.0,0.4531533688308223,0.4005759809804505,radish_healthy
8.795304149305057,2.637443537855156,2.45098439088613,2.5636698183831963,2.544217818916848,6.3157778686391435,radish_black_leaf_spot
3.998569333355092,6.217244078021756,0.0,0.0,5.250217706765185,7.031309260253001,banana_bract_mosaic_virus
0.7682790672369377,1.390769625939936,2.7952888022519176,1.4889016415823704,9.76731365063106,5.071408665183156,chilli_leafcurl
4.2935613046334975,3.566994676011338,3.126517347538825,8.957024133832052,1.725225596967433,3.6258426599285745,radish_downey_mildew
9.997798640317994,4.957709258393874,0.29099887977488104,9.293927280475986,0.23060208472377952,5.681922003733705,banana_sigatoka
0.2582029741955744,0.0,0.5056841285950898,0.3614902565489118,0.4051139161512164,0.0,groundnut_healthy
6.311247867809117,2.4422753155754107,4.577071890844294,6.855919500955851,0.7688422190230666,5.728746818122032,banana_pestalotiopsis
3.03853556822454,3.547443982982092,2.517540839670252,8.894224258272594,3.779910661827909,0.8733078931737608,cauliflower_downy_mildew
0.0,0.418984420988718,0.0,0.0,0.0,0.3395059653934165,radish_healthy
4.480769906849278,5.608179395933373,1.9067796120148812,8.863856700388402,1.6247451473204482,3.430307854243844,radish_downey_mildew
3.250052238251155,8.765741563081598,4.065405306128746,0.0,3.5524769275504875,4.963576224011781,groundnut_nutrition_deficiency
8.87011622613841,2.5678706192947502,1.0761849157115961,3.4573337993697746,2.470585229490603,4.389700425304404,radish_black_leaf_spot
1.3373323468628344,5.759518181306613,2.2435076250215595,0.0,7.857006241596074,9.155053207714626,banana_bract_mosaic_virus
3.0046513840744176,2.868559299733305,2.382699886012167,2.092590558332435,7.60650665702357,5.292831771834727,chilli_leafcurl
0.35052917425311336,0.0,0.0,0.037237486715543756,0.09639200179424762,0.0,radish_healthy
7.366366739624561,0.0,3.8627394912520567,3.1289396059350354,0.710683061214531,4.529325381240425,groundnut_early_leaf_spot
2.9125382485687665,4.567864881281401,0.961859317919699,8.941141703916502,0.481745556802164,6.262946219782632,cauliflower_downy_mildew
1.7228785637495865,5.835447637776102,4.218747313934414,2.351878035457309,5.677333571334203,5.672168909509995,banana_bract_mosaic_virus
4.627458295436514,2.869492689289701,2.478962858467403,3.6303596320617615,2.9966852161056887,9.126511300990298,groundnut_rust
7.908513179215283,6.796256328621027,2.266697925027939,5.711130835213139,0.0,7.448874505757252,banana_yb_sigatoka
0.38037238081767943,0.009191016385509914,0.0,0.0,0.20881075818587283,0.7499700462681559,groundnut_healthy
4.995018329627486,4.650888464251399,5.116644278468733,4.96532445482159,1.352688726248744,8.952543309268465,groundnut_rust
5.527492260696908,2.924282936454784,3.0749180439929313,8.40743454488506,5.8238898941732655,5.613320689699605,cauliflower_downy_mildew
0.34589532400529166,8.180106755490126,7.476850673708275,3.8433881274259343,0.8664173814426392,6.358902880825327,banana_panama
0.5143493579449497,0.0,1.2091778767862256,0.0,0.6231649055374723,0.0,cauliflower_healthy
4.171658523854743,3.0195343862194557,4.831429101084924,2.699085582570566,6.040071391957679,0.7103974354520308,banana_insectpest
3.638846413556068,4.3851229051850416,3.540717997534959,2.315642218181485,4.921627145993126,2.2053737427880074,chilli_whitefly
6.673063656728356,4.490219277985322,1.8462129611262426,4.795293578758203,2.4308333268871762,5.092946977755366,groundnut_late_leaf_spot
3.27325094217115,3.119194006853019,4.196807070910893,1.85682882583637,6.889921176546871,1.8226952840463824,chilli_whitefly
0.7638534736438694,0.5852703174711456,5.516552654847633,1.3631362311355049,8.000240239583583,4.979924284429255,chilli_leafcurl
0.030508013174286037,0.9486770470294101,0.0,0.0,0.43674339369571735,0.1571607229075268,radish_healthy
6.578089239105151,3.091081227461242,1.8859495955684953,2.8638591235045645,3.1745687047693187,2.2439276457937254,groundnut_early_leaf_spot
7.916814768014616,7.2379946031245055,2.290484804345561,5.978829903182122,2.036708259954935,6.922962935172039,banana_sigatoka
3.1580601877130694,5.201247588938546,2.0472707488494013,1.3586917259850804,4.784621234590878,5.1143788938244015,radish_mosaic
7.4915711397071885,3.4130125897789405,2.354425765413654,6.559733516208314,2.094857362580335,4.654212763386659,banana_pestalotiopsis
3.473314847321644,3.8556310205195388,2.663192152805692,3.892796961434745,3.3344562105238476,5.338181123876423,cauliflower_bacterial_spot_rot
0.0,6.419908458299271,7.92557475160896,3.27542443163986,3.8053932944659596,4.967091837957817,banana_panama
0.06718514379105459,0.2034478786481501,0.0,0.0,0.6336975914145647,0.0,radish_healthy
3.4559758598792945,5.774452867631437,2.1556362670689246,8.890651954911801,2.674510714499141,4.468206631456102,cauliflower_downy_mildew
0.42946603461685284,3.1819401236070215,2.0600294919299236,1.9423064314858567,7.620834507131806,5.237699087720809,chilli_leafcurl
3.915983341719777,4.082110373449484,1.8647225854493175,3.085699763910589,5.252341476674274,3.6456418069853544,chilli_whitefly
0.4123508703930487,0.2929064917773278,0.285765348450371,0.6939229851729867,0.0,0.0,cauliflower_healthy
3.936969877960776,2.2481840020981583,3.4022802880476983,7.292132864760581,3.914043517250704,4.832149008141285,radish_downey_mildew
6.606332259187888,3.132562507063363,4.818476099116311,5.91715109770452,0.5104408727108518,5.313029971426091,chilli_anthracnose
3.748486085829515,3.4428624583079617,4.540400942619851,4.520882184619812,1.9485725028075944,6.0891284282281735,cauliflower_bacterial_spot_rot
6.047582769611083,1.474182656963181,0.3435819755192744,2.5019834378441157,1.4960185342603034,6.716640444757712,groundnut_early_rust
4.280322109173158,8.227667866302687,9.972249810944636,3.4693534523192713,3.401011787583735,4.131242323438655,banana_moko
0.0,6.72940840648201,10.0,2.859608096648493,3.789638697188101,5.3652638847303615,banana_panama
0.5611875009633762,6.605124897646061,9.625739278871436,3.6043628882671523,0.9012955603942562,6.3677410355560085,banana_panama
3.878027864755696,6.665591843252116,4.019388726055423,3.18695618816011,5.378603513199823,6.656313613332449,radish_mosaic
2.955572099424243,8.685003767447094,2.026793712643335,2.893177570835227,3.766707626849462,7.260904770923555,chilli_yellowish
9.144512306973624,7.606163200875923,1.8931784051256986,5.016735803401451,0.5732706583359817,7.530112779579375,banana_yb_sigatoka
9.280638121211096,5.397989059076708,2.7503820008258035,6.79687067400085,2.6228350551113806,3.1621735526501853,banana_sigatoka
3.5553006851190605,0.38234346567179944,3.1423831876114816,2.6255358860165776,7.3860142496518,3.2016717671601844,banana_insectpest
4.479163166300059,4.9998766704759205,3.079767585517007,1.168923240956483,7.280437628149197,8.085817338091609,radish_mosaic
2.596056983613479,4.834082838594578,2.777226245720831,2.8276358276896305,5.719015950331997,6.719035651660984,banana_bract_mosaic_virus
0.0,4.933342761324058,2.4608785387271688,0.9607663022870883,3.5190694799521482,6.893055952584654,banana_bract_mosaic_virus
6.322301396769659,2.6181343453181354,4.169868810978977,3.2143063186003804,1.2661733779971542,6.386065646418959,groundnut_early_rust
3.227353586669977,4.333374258245355,3.4682311327264834,9.348915073641951,0.6996841463929548,5.246063244591559,cauliflower_downy_mildew
10.0,4.46582295478568,0.8356744089101134,5.376560933243153,1.1785367617687663,5.7944924342100785,banana_sigatoka
8.383093434758523,5.077186925979692,3.5074369272964185,8.425256060966145,0.020908557821736395,4.615552411643563,banana_sigatoka
5.2765518567531595,3.807564247238301,5.353492160648384,3.2237964349988517,1.2449604716356113,4.272353644058358,cauliflower_bacterial_spot_rot
5.151547106234274,6.8885098361820605,3.1795691924688505,1.847903734350714,2.9390471577265296,5.6970804120854766,groundnut_nutrition_deficiency
4.542199543275139,2.1254741655884652,3.6641364207009834,3.340147124319971,2.1604756684682473,8.485544237786867,groundnut_rust
1.5067700761961924,8.225947580887647,7.545488196076288,5.499192386531757,2.517034902818045,3.469180808005122,banana_moko
6.253525351939316,2.9000016755258358,4.969448659993842,2.5793622374050136,3.2795207323767306,5.46857357874708,radish_flea_beetle
6.321246278819823,2.9835559365566464,1.30735857692335,5.466345776241194,2.6576343345055116,4.182019051316863,radish_black_leaf_spot
2.198484392359645,5.341578917569075,7.419659432533476,4.010136929740815,0.7385359642609968,1.9618768204990236,banana_moko
3.3480453636646823,5.472788686610009,4.715297792958984,0.8598745170252209,0.0,8.475583618409436,cauliflower_Blackrot
8.099135598608624,4.951253221280398,0.2280113317783361,8.269361209050302,0.3614273317922776,5.533718135410557,banana_sigatoka
6.584579052031386,3.1587708248262416,4.650017917207845,1.7068408772893542,2.8307811378123695,5.571518020707867,chilli_leafspot
0.0,0.6941688891042239,0.0,0.19149449237046423,0.07062857004373162,0.0,banana_healthy
6.199408539920408,3.0398678862203514,3.4304833727959396,7.136543301550887,1.3551123453154235,6.92955076233018,chilli_anthracnose
8.95888168777076,5.007357740522272,2.3302400884110592,7.193254477190456,2.633643205457557,6.077877379715808,banana_yb_sigatoka
0.0,0.17116891724481073,0.7770802103573871,0.42698798827611184,0.20743275018095522,0.2316442650590531,banana_healthy
4.009883240065371,3.0557535277850274,5.09346287237681,5.852911196228854,2.4620662015254013,2.7509211675934706,cauliflower_bacterial_spot_rot
9.005468113995532,3.0408763305035045,4.246908506372083,5.359542287946367,1.803083298665124,4.480013336772039,groundnut_late_leaf_spot
2.8590527311946885,5.265111994536997,4.81020663601476,2.868425872463084,5.43042576313781,4.315814566655938,radish_mosaic
6.345213526764899,3.9344192948709473,3.5584608921830108,5.051878027573869,0.9171023351070495,5.421762821418333,chilli_anthracnose
3.129575775462051,4.5649038898573435,2.5551069356469913,2.0248310994251115,4.841959695368108,2.2902140915149,chilli_whitefly
0.0,0.0,0.0,0.0,0.500198456661835,0.0,radish_healthy
0.0,0.0,0.0,0.34352054594431924,0.43369977074463323,0.8061953110787796,groundnut_healthy
4.572998077580644,3.827434066043585,5.603847224203239,1.5930207139282264,5.250752168443062,2.151900409241637,radish_flea_beetle
0.0,0.0,0.0,0.6407476996267062,0.023836447311147972,0.0,cauliflower_healthy
0.0,8.484715102195873,2.9729274355225943,3.10831486983929,3.677510281449684,7.948315982057504,groundnut_nutrition_deficiency
1.751721606944733,5.90410985680494,9.246090407081557,0.05194096407050797,3.2661243275371077,5.802909617961562,banana_panama
2.180622812327376,6.151063836691989,8.42813829213691,0.43449266743943293,0.0,4.030343861277483,banana_panama
0.36403249251487124,6.081330292107967,3.5986685296026124,0.0,4.586368413026216,5.994391575710185,groundnut_nutrition_deficiency
4.684953091025732,4.351285260724667,4.34757592809947,0.9080004768636571,2.534863379824657,7.474235179728752,radish_mosaic
8.645155312155152,0.11766366725934496,2.065512581557017,4.388520196556202,0.0,4.324525043716571,chilli_anthracnose
3.0200410407210607,4.5618404746450585,2.675025452003297,0.8504865926056784,0.0,7.655933966215924,cauliflower_Blackrot
3.911203997939461,7.023212884974106,6.573243896558045,2.940143815046259,0.7446546979249951,5.56808889885496,banana_moko
4.591583750217351,1.9309786963934443,5.290412082348277,2.2528021582437328,7.251441076315353,1.690049793409077,banana_insectpest
7.264202155751176,3.4419088645587927,3.3014006363491104,6.969773579764625,1.7532165014493692,7.99757018635953,banana_sigatoka
0.13783403801809402,0.21698604017317719,0.12761897801946565,0.1471665225682551,0.0,0.0,groundnut_healthy
7.803136012293427,4.037960819414698,3.2344324761106593,5.921183432631614,2.8755085051813456,5.112064364181131,groundnut_late_leaf_spot
4.017577948146562,0.0,0.8319710966790841,4.2827020982856405,0.8145294161347125,6.110474754655875,groundnut_early_rust
3.0829022312691254,1.6272460200582999,3.679219572198629,2.538095899374931,1.4251712578226328,9.084224820564202,cauliflower_Blackrot
2.0878529885319566,6.086702457885499,10.0,0.2739065998465291,0.3817949210895787,5.84817732365526,banana_panama
7.732910087330176,2.9816374592175072,3.57364537823074,4.272470243041408,2.167785630221853,7.286198710807665,banana_yb_sigatoka
2.828674021264308,4.196378079467528,3.444210543383793,2.8140162623828378,8.60430583557159,5.782830882602219,radish_mosaic
7.290027631683774,2.9913152238605574,1.613310615397135,2.424870079416772,2.9076076030339943,6.517899073966762,chilli_leafspot
0.0,0.09930147509022422,0.0,0.09679741164046385,0.552544543417722,0.0,groundnut_healthy
3.131211601908869,1.7655315785875714,3.457660753705747,1.0527937931363909,6.991546017423334,2.741268505718373,banana_insectpest
3.5330249296189304,2.6332358039601473,3.812831518805809,3.1771170825997865,0.2794759882393544,4.288741149965146,groundnut_early_rust
1.4708553323388913,4.34921155269693,2.0116282441732274,1.1421129835405024,4.755585638513174,2.310109405553156,chilli_whitefly
6.919928293397053,3.2224117240402963,2.8171949441517596,5.0031473807781195,1.9453270921095074,6.749042674322027,groundnut_rust
1.0829758560345843,8.051408718031691,7.148682611205829,3.773514518898212,1.5410571227968517,2.6288440401300566,banana_moko
9.643971778309309,3.7585819556289275,3.151108584582546,5.607963745890803,1.5189615979883573,7.559557542364128,chilli_anthracnose
0.0,8.635975265974745,9.920975213464956,1.9979430155971232,2.3074438996919686,8.838489326399968,banana_panama
0.0,0.1916789683887859,1.1231687738077274,0.16062138763952194,0.0,0.2679180762335804,radish_healthy
3.008130262747582,6.530096083653069,10.0,0.10327527102899725,2.4934781924263065,8.677798693233298,banana_panama
4.862188356780555,3.349096081910798,3.799851038379157,8.808522601203512,0.8867428492587579,4.2313585510075225,cauliflower_downy_mildew
9.248986557422619,4.534813488498308,2.508209448826445,5.074353988242626,0.0,6.1230497277810265,banana_sigatoka
5.388731336861924,3.3657165129325373,2.5376633583259105,5.970077567003163,0.8663150375172732,5.880456060263431,groundnut_early_rust
4.107791938010383,9.585440200435212,1.8576853827884963,2.9362669695217227,2.336345990739677,7.360499319461523,chilli_yellowish
3.043194924855454,4.774256258246997,3.9227290702724718,0.0,2.230119715740561,3.993958492622174,groundnut_nutrition_deficiency
8.145774295194869,5.376827122983338,2.88766917196036,6.0110723915945625,1.2959664934857527,6.098599336451345,banana_yb_sigatoka
0.0,0.0,0.5204360967042284,0.014260075943405318,0.004530026878377589,0.0,radish_healthy
1.9521267394979458,5.314912520486094,7.83898374718769,3.6232304947654654,4.008036735383028,4.292657120073538,banana_moko
2.1000365664328124,2.9832760669364458,1.2214579554791845,0.8755463777698851,5.123859511719101,2.145358770179247,chilli_whitefly
2.6393167312977015,4.4636269366327515,4.263170695758465,2.042354468894259,0.13259824578610047,5.389341467614916,cauliflower_Blackrot
0.0,0.0,0.723411420055767,0.1219930939988234,0.09596100251805662,1.0660732300718507,cauliflower_healthy
6.463213725209498,4.537219634082136,2.081426612632884,6.0233284101466635,1.5816793807533696,2.984372014010952,banana_cordana
9.592192081724342,4.202228632864562,5.079638687370497,4.8242439176027405,1.4422396048206876,6.032435719164031,radish_black_leaf_spot
7.000248477901836,2.9888396146336627,1.6065263401844985,5.186228820630775,1.9901179176011616,2.9594437411469197,banana_cordana
6.8302101648106275,2.4151920887530016,1.9984039063684118,4.752847204224906,1.1833388405202827,5.922280941723846,groundnut_early_leaf_spot
7.832853965324597,2.1700839505153233,1.5174916886990082,4.769808254735904,4.1315432831935,3.396372282764564,radish_black_leaf_spot
3.5558292136999183,2.9330429267950286,0.5396473289702741,1.1634861790847766,3.944605538716519,4.559756796513527,radish_flea_beetle
0.0,0.09256307846885785,0.9492777244359883,0.7130664097975005,0.40444612268506935,0.0,radish_healthy
5.5419001418501,2.431340556257137,3.026481241124236,5.546803428558711,0.4182895570453933,4.731775023849703,cauliflower_downy_mildew
5.4158781204542565,3.653329600402814,3.898104989092979,2.4893553323556965,1.4268038474063485,4.99678682955449,groundnut_early_leaf_spot
7.540343986762991,1.2826830088995602,2.8547731192045642,3.615795712949449,3.7821866764509946,4.993048532917729,radish_black_leaf_spot
9.615885995132356,5.732404382999486,3.349654781779135,6.038622104444207,3.0473804998140013,5.878497141719627,banana_pestalotiopsis
1.8462654858590368,6.838927139279272,5.314725204674498,3.319833065821168,3.191816903506424,6.811596797851699,groundnut_nutrition_deficiency
4.283365793110268,2.923434530727067,2.7632234959367215,8.52716004408671,2.8883854234184536,2.9384664356369763,radish_downey_mildew
0.35172727220965805,0.05680101298894203,0.0,0.0,0.0,0.34424727499104674,groundnut_healthy
5.0689628333276895,4.241925795796719,2.0006859987749324,4.4078547775778905,0.3441746071497055,4.023392827932228,groundnut_early_leaf_spot
1.8008459222324904,1.5550988194308233,3.214718074725793,0.9166407380649104,10.0,4.509458319663603,chilli_leafcurl
5.086394380993962,4.3006810549590835,8.7304827069493,2.3314433129133225,1.296301821333472,4.256273446095347,banana_moko
1.3049766306236839,2.9874104878596297,3.258795344983277,1.5228197343094036,10.0,4.383787675136879,chilli_leafcurl
5.645571163791787,1.8565667512964394,3.9863872840481003,4.074081611752356,2.207837171250497,3.8092617857224242,cauliflower_bacterial_spot_rot
4.422008380299619,6.273810988611013,5.21009916393159,2.1128838094298286,0.1979702032109335,6.326565874561428,cauliflower_Blackrot
8.121128821163856,1.3416446580155947,5.099719807056996,3.12948529623423,0.6376204625134723,5.685854791651084,chilli_anthracnose
8.88793286165518,6.0156968586658355,3.410527247580502,8.300710978111347,0.1693139503266996,3.6150039382645502,banana_pestalotiopsis
0.5950022865571718,0.795654405592337,0.0,0.021793831970891676,0.25976521625797755,0.0,groundnut_healthy
3.2270845184115684,7.927702887607127,3.661127382212622,1.6766909440628315,6.713705209998343,8.02409867053637,banana_bract_mosaic_virus
4.1347803728171435,4.474718601715531,3.0411261770402667,3.9829554489142556,2.3716721349632026,5.570902390197839,banana_pestalotiopsis
1.6835536333081353,9.66952533782925,1.6703803272230797,2.0297332957961136,3.295341275340485,7.475521499878604,chilli_yellowish
3.2628122270844466,1.148253209319758,5.174667470268135,0.35390824488379335,8.930537026881249,3.9938756282215473,banana_insectpest
5.416388673627054,3.344520764881511,0.9897043509991337,3.0303358850919553,2.699510407718391,4.402012432469105,chilli_leafspot
3.726159618910739,4.663660744307383,2.343217395867833,2.4944853644792286,1.630203175914602,5.133762245026777,cauliflower_Blackrot
4.7079122302458565,3.138287840366422,6.557528232242159,4.775299889454225,2.8415067673320427,6.867684388962694,cauliflower_bacterial_spot_rot
0.0,0.0,0.0,0.0,0.017384624047228375,0.5592707046679747,chilli_healthy
4.594393685745109,3.3918535976867776,3.7552402831213816,0.08312726695236172,7.1014479637741506,7.212721023460283,radish_mosaic
2.335962351583784,3.649413143241948,4.934902375540192,1.155065418370273,6.131273753525871,7.870919948678431,banana_bract_mosaic_virus
7.717775095101073,4.414497017972624,1.5389820011516293,6.085439861783082,4.103170210820675,6.5028608817041516,banana_sigatoka
7.126445762324251,2.729674430258642,1.9356846812565156,4.571079389003186,3.582513169806967,4.907806758786241,radish_black_leaf_spot
9.304892664364038,2.5826338024321966,3.360616840257198,5.047135574473803,2.135800951314484,7.536863990422326,radish_black_leaf_spot
5.308566602868392,4.253976594159833,1.874455909386129,9.918377112309333,0.25177084610235423,3.250272900666862,cauliflower_downy_mildew
1.109390116724067,0.0,0.14781224437354754,0.0,0.7384672130591372,0.0,banana_healthy
0.5656495726012187,0.18373342666750928,0.7342669511209661,0.0,0.0,0.033675648890390354,radish_healthy
2.31157914311616,2.261600347237299,4.175517889892171,9.89733226149032,2.2744535903293057,3.304992959070648,radish_downey_mildew
2.876487553073888,1.888207388548774,3.494358053451762,8.23574129725239,2.6640220530106538,4.949227646432462,radish_downey_mildew
6.293509607089008,3.7029807569609408,2.3677475847794827,3.688303139922029,1.9391563509541434,5.832779888392444,chilli_leafspot
3.2480131542469395,4.84484305155739,3.8396467243278747,1.0679671364334273,2.1299428162617886,8.091821674692454,cauliflower_Blackrot
10.0,4.791267154429955,0.9772412010804827,2.628086816005123,2.1536530916150243,5.056328139485206,radish_black_leaf_spot
0.0,7.316664229927726,10.0,1.4031747543030881,1.691741614146907,4.189732838144573,banana_panama
6.922766270278221,2.208330395118673,2.7143925711234593,4.99798721943968,3.5772153364598287,7.48333931973411,groundnut_rust
6.418395745067866,0.7824670078359608,3.014066578903039,2.7394077180442684,2.7600397098138396,3.024411254172693,radish_flea_beetle
0.4970010197531391,0.032924248782959166,0.0,0.0,0.0,0.0,cauliflower_healthy
2.1968831635338844,3.514847481081058,4.853915295459649,3.5965555159998828,2.263709700728172,4.279723292441471,cauliflower_bacterial_spot_rot
4.657347583068268,0.17853127038201677,1.441800179456014,5.463793729776455,1.8584907445413628,7.90255948957854,groundnut_rust
1.0374612507451328,0.6450962749686595,0.0874291481294524,0.15168890435005516,0.0,0.0,radish_healthy
6.39157854381339,3.4721940882047706,3.2546034466369433,6.9569355456177835,0.0,3.912944061671787,radish_downey_mildew
6.382680062677538,1.6139596256796818,2.151916334564227,2.101953244295421,0.0,7.481634335033114,groundnut_early_rust
5.424591672288729,0.37514290202874845,3.210438288786401,5.288585179361313,2.339869950332862,4.849286078742461,chilli_anthracnose
4.714387945471197,1.3129683769614415,2.6425255863077632,8.74194716397285,2.499990872658312,3.537329224045018,cauliflower_downy_mildew
1.8464988902230801,3.853351471279489,0.07226441569091313,1.2441563630406678,5.092379105658836,5.293295548482791,banana_bract_mosaic_virus
4.455424486541047,5.876492954099607,3.7604365769559336,1.8533072820938088,6.504541021966158,3.476450519288803,radish_mosaic
4.308595533004194,3.412613073334561,3.294871541230307,9.538268297528171,2.9645291872966313,2.4167161365982928,radish_downey_mildew
4.772426884788258,2.8801652918960494,2.4474982310282485,2.402980543945241,5.519657217105079,5.947407819905116,radish_mosaic
4.581840570365624,4.192803346042616,4.9492784018782485,3.776622137241221,0.5016038902848472,6.942579107795492,cauliflower_bacterial_spot_rot
2.3373719032298728,7.812503515525027,4.706570173857706,1.5371415571539104,2.8784883738521865,6.806476599282425,chilli_yellowish
5.901412968611574,2.9987737173567663,2.0824264588046546,4.2498648585547505,3.3541359924429335,7.529302738000898,groundnut_rust
4.867943177645075,3.2194183859711267,4.31805879527678,4.375741968926295,2.8114978126815386,6.959452365303807,groundnut_rust
0.34102603285630995,0.7436230776679637,0.0,0.11970225026768853,0.24984255515146692,0.2360011354596372,banana_healthy
0.0,0.41302358572075315,0.0,0.0,0.8747919521027103,0.6907270393452433,banana_healthy
0.7516184930819575,4.762769669823232,9.986820565074904,0.9956235746724957,1.662357111198193,5.5870823660852,banana_panama
3.367436909719087,4.052560807209076,3.98867322444092,1.0949384524921457,6.293256173835776,6.393685877580878,radish_mosaic
8.44049668953331,2.211726865234325,0.7437068207816726,5.643983303032743,2.4228449855955962,4.86274397279808,banana_cordana
4.878083788598216,3.701386546376954,1.8708272864607396,3.3340490822181774,0.41791834103184033,6.721096538898402,chilli_anthracnose
3.73641723373996,4.6013866020810275,4.040913229616353,0.9414712482287375,4.733866157989558,5.711305527337623,radish_mosaic
8.351548393215534,3.0382192938027917,1.52186567001276,6.464028343822473,1.734723772126471,4.12867706504853,banana_sigatoka
0.949870360938669,5.3381841032199,2.0475528235684335,2.476167537909484,5.886000844307099,4.864406196995648,radish_mosaic
7.5984753745636455,5.678759482264065,3.3270215882755116,7.23652654276415,3.5497626668784363,7.368403672006434,banana_yb_sigatoka
7.802479810791489,3.5204594038516364,1.164056809945079,4.731696352231095,2.913048417136164,7.46306903981132,radish_black_leaf_spot
5.73925327641538,1.1554439360167472,2.780643786773122,3.663592989205642,0.6748591919476677,7.394139841626947,groundnut_early_rust
6.3274885568997625,2.9247811884618895,3.3101762403853465,7.719473943703662,2.2905828887870125,4.149024092046173,radish_black_leaf_spot
7.72118076261652,1.9795209188631415,1.8711456579079455,8.926813549698945,0.8300048417533081,6.36278748041793,banana_sigatoka
6.113269064330506,3.11866465902622,3.814681892798718,3.955670576239002,0.0,5.465857989909288,chilli_leafspot
2.2919298736526974,4.928422809899137,6.913714386852636,2.7813910734240146,1.726538853941713,6.114729052935093,cauliflower_bacterial_spot_rot
1.769166842262653,5.361856810800335,1.958345876353708,0.0,7.371387377418024,7.902319639224129,banana_bract_mosaic_virus
7.416042574172877,4.987753279530881,3.0760600711652617,5.125931624109948,0.904894162186848,7.841667872571399,banana_yb_sigatoka
0.04290354996169405,0.0,0.0,0.0,0.0,0.17265477808238525,groundnut_healthy
5.757305707379496,3.5165312445708827,1.0645949687908371,3.14563575083827,4.704723099553089,8.479341126564016,groundnut_rust
2.7940763187231332,2.13149870052603,2.3564015531176747,4.296426961528373,3.1835638859338817,7.089270623650439,groundnut_early_rust
8.258802525120343,4.576944508716056,2.4709173736669734,4.660258973779143,3.185433898887811,7.551045017919435,banana_yb_sigatoka
3.4630761651104462,5.380893688234546,2.658385950357282,0.624086274707154,6.790730141506396,6.686237724950882,groundnut_nutrition_deficiency
0.0,3.0521119869851168,2.2553509494652073,0.09995418682825485,9.313892980878489,2.2124684651787967,chilli_leafcurl
0.5546039912933654,0.0,0.34414255424411616,0.0,0.9916363279603801,0.0,chilli_healthy
5.2324040220178025,3.770733908005238,4.345263012405497,4.577936614825713,2.1959067515505986,4.238498186833439,cauliflower_bacterial_spot_rot
5.253263262251895,7.114692573609856,3.138182777328571,6.4259159693058505,1.2964579405374175,4.7505712003648615,cauliflower_downy_mildew
3.373420165463935,4.312673517144706,3.3425930439436122,6.722007083214476,0.8425923280846774,6.248098148334581,radish_downey_mildew
0.18902599480158377,5.359606372805511,3.5127650147047413,2.6446157774500834,2.133057808302177,8.234194456570181,cauliflower_Blackrot
3.106696126639763,1.0619114333305588,0.7666712985033757,2.2239757763239307,0.0,5.525831869648544,groundnut_early_rust
2.4568075816590556,5.554173446234478,4.5859713615000715,0.0,6.5255560151689895,6.869525974132026,radish_mosaic
3.245047933109479,4.387980321374304,1.6761500776479545,0.0,5.466848087908666,7.452760591653822,banana_bract_mosaic_virus
0.8315211297980587,0.2698618398691535,0.7256877305351909,0.1276640858725222,0.0,0.0,cauliflower_healthy
0.23673594951761423,0.0,0.42338538760824684,0.0,0.0,0.0,banana_healthy
4.7152253189657385,4.233550802709358,4.529542660799462,4.033984316413317,2.5056323051680502,4.781649150900221,cauliflower_bacterial_spot_rot
8.756873072498312,5.176005083360673,2.366181003049967,8.377709039676919,1.4101047048562472,4.442008872397317,banana_sigatoka
2.3212204334406215,8.640280828020751,5.281079344789547,1.8320640445588219,1.70559686872333,6.670199912142092,groundnut_nutrition_deficiency
5.248050699213027,1.6584025394776751,2.812281485233229,2.183921242494015,2.599174622435121,6.751446673958695,groundnut_early_rust
0.0,0.0,0.0,0.0,0.1384971655595503,0.8518635773486188,chilli_healthy
1.4721760842795129,4.147326453292848,3.015481554681967,0.6312521935903384,9.020287434708136,4.42572744235361,chilli_leafcurl
1.0857757471874896,6.460262072768607,2.6644536999287944,0.0,3.6943110418984673,7.470621172050018,groundnut_nutrition_deficiency
10.0,4.224951258506693,2.062948864267333,7.935794368906059,0.5498692060677226,7.882222782567065,banana_sigatoka
5.005059135391065,5.41712057231916,3.077995048319768,3.6162632048341816,6.4603174574201025,6.573091333676409,radish_mosaic
7.353768255717826,4.818211672132267,1.849790095646165,6.485405563039732,0.9111846762151399,4.373443776529102,chilli_leafspot
0.0,0.0,0.0,1.122341127715128,0.0,0.5675184285508698,cauliflower_healthy
2.552449787744249,2.6261100908332278,2.403721143416882,2.653915025814793,4.991775206118211,4.342163293732012,chilli_whitefly
6.1217619952347855,3.96695855351544,0.7036969261063053,4.6976944055618635,0.14915906616555752,6.403347483534687,groundnut_early_rust
2.447529200812014,4.9664367026156215,4.328337497398846,1.2793920375032442,2.28314044767422,7.7501536904120405,cauliflower_Blackrot
7.900762705977922,5.363429649571051,3.43086611217644,7.601075033007229,1.1631629265005952,6.365780397161142,banana_pestalotiopsis
6.037194923587088,3.4414811751927177,3.4301641561121556,4.6307580553592755,0.6015678801878943,5.804640213176897,groundnut_rust
2.967700943052849,4.997618451034366,1.0491807510222682,4.798459525116931,6.2783763948816125,6.525080814764559,radish_mosaic
4.5835231361756685,2.2404987961206277,5.017497766873799,1.1451835372950474,3.9038879278078773,1.7061297292835336,radish_flea_beetle
5.7251277662237445,3.5139685166491783,1.7754268819945414,6.182875994815836,2.424863261877701,7.1074763704223365,banana_cordana
5.328587090997615,3.187806544613124,5.742178286661247,9.152637887374926,0.6325511627123723,3.7881403492204213,radish_downey_mildew
3.182347079733227,6.16437945867079,4.431880669213902,0.0,1.5615549219864595,7.5624435606992915,groundnut_nutrition_deficiency
4.28225947014636,4.893714719277452,4.82165782485987,0.7076545509464645,2.6535692007104963,10.0,cauliflower_Blackrot
2.830562678245731,4.174271674547109,2.9158865455612517,8.146348428051255,2.7442077521289905,3.913946180349509,radish_downey_mildew
2.1360732703600274,7.550792802009149,7.774157073472614,2.8756957759130635,1.7433497989344333,6.164379442145938,banana_moko
3.64302135895138,3.574380486288736,4.384942871119221,2.232862332327049,5.475926693545562,3.3443470251620506,banana_insectpest
1.4340289056378097,9.264131788552396,4.483581815647686,2.393850762114517,1.5020702927643284,6.452749990856835,chilli_yellowish
7.285797201109785,2.6503123663813284,0.6963068559732584,4.589869503283104,3.605108693380982,4.621769528091867,chilli_leafspot
4.123903832710031,1.6946776532429166,2.918379014513061,6.337226933828553,1.2913705161926923,6.520073527474879,groundnut_rust
0.3421411293446741,0.06593952125737523,5.47299187668319,0.3651704192334668,8.777115883897801,2.664683106014735,chilli_leafcurl
8.117848452543011,2.9217878796932975,0.7202798299217883,3.5386382647606944,0.0,4.446180173193667,groundnut_early_leaf_spot
6.753066597958713,6.025057666284152,3.294137141247141,6.872152855682165,1.246220720293229,6.54365856439464,banana_pestalotiopsis
7.501744828241547,2.89914790568704,3.5161010479553605,2.3633756707903535,1.6008266642650653,4.560223848287239,radish_black_leaf_spot
4.124775908810907,3.544105494606302,3.067492494747381,9.540864078856924,2.9949395411081734,2.7203433152357874,radish_downey_mildew
2.2002312678712106,8.121055348834416,3.4767196027457974,2.94331558412525,1.8640681077461432,6.638401766315941,chilli_yellowish
7.514579800396687,3.831726728715773,2.21172986633267,4.559566593100013,0.00689173522153641,4.1033726596556495,banana_cordana
2.835850887544428,1.5229306814099344,5.485184509014398,2.455721163249075,5.838345089787706,2.627630753538116,banana_insectpest
2.374443125922806,4.725961288830042,3.563345087805074,1.6416805636160938,6.563924496494585,6.136889000512731,radish_mosaic
4.3113433524067775,2.5958886646191557,3.8182963956509193,2.9501557923999546,3.121273228457678,1.6547015304799377,radish_flea_beetle
3.8521996523911763,1.3042881479311728,1.0361692458475327,3.9271475831616396,0.9168626556050417,5.6149849267978835,groundnut_early_rust
2.4123419474821537,2.8843518135647193,2.388900763273754,0.5379012635004201,5.1876935996328495,7.734011546609041,banana_bract_mosaic_virus
1.072609742554914,4.7158176719119895,1.417563742605076,1.0982489672635871,8.77759028000821,4.7592817688899025,banana_bract_mosaic_virus
0.0,0.0,0.8090342405830198,0.9966917502912069,0.37578161270108545,0.39169236207711994,cauliflower_healthy
1.8116662336673854,9.170131872959388,2.6153787316008366,3.6748489782410068,1.7271220512533596,8.769352391928203,chilli_yellowish
3.3032220369352587,1.266337703133646,3.888466952063694,1.7125976935739002,8.340200530635945,3.2236994036928555,banana_insectpest
1.7055342607965553,4.095516602771013,0.9325826844493721,0.021027658041474107,5.907477948703075,7.409382369779973,banana_bract_mosaic_virus
0.0,0.2138218386381473,0.0,0.22066120118220306,0.9536317546021457,0.0,radish_healthy
0.0,0.08562202384249788,0.0,0.0,0.0,0.0,chilli_healthy
8.323758889469586,3.3233561169936,1.6688850265112598,5.65219212878724,2.2198827188421086,5.299610033585342,groundnut_late_leaf_spot
3.402763832443637,2.7335489176414542,1.4837280664765393,8.260483496777637,2.2844038423864994,5.313667461087621,radish_downey_mildew
3.3203709397530723,7.014288757218509,1.4511675089453786,1.1719848802224977,2.7590031743235555,9.311045400329963,cauliflower_Blackrot
1.269979082384795,7.711036368781314,8.491563342420793,3.4283673111203115,2.0975341064674384,4.954528301939803,banana_moko
2.074234826922325,3.2032836898944836,3.4564039803790596,9.842146087775182,3.57223382726516,5.037501750102125,cauliflower_downy_mildew
4.671089945279148,3.1248065077782834,4.451533833362037,3.5828948524662154,0.0,4.458408646543315,groundnut_early_leaf_spot
3.1709996973432024,4.045511731603445,2.5468270052615276,0.0,7.721223870086181,7.60385765305708,radish_mosaic
4.752488208476931,3.114039998316039,1.7136163363378694,8.365235070161194,0.29180916055238315,2.747484282078899,radish_downey_mildew
6.357476610552569,2.0046314413467554,3.517274555275743,4.0692580293632785,2.159822926994009,6.54591816644549,groundnut_rust
5.689423595408494,2.9111321560271115,1.8893911039360358,3.071618905758731,0.0,4.601603952617036,groundnut_early_leaf_spot
1.9253970574543926,6.5435685459305635,2.477221801041379,0.0,7.743169531936663,7.292323285631757,radish_mosaic
7.256451494372852,3.902923440980975,1.0787250286776655,5.734762055989704,2.611690714462762,5.6022732678327465,chilli_leafspot
7.745886267827261,2.5564675967476393,2.4525204726826235,4.964884623578026,2.3512603009266018,3.9383275316938167,banana_cordana
0.9683398811428816,0.0,0.6853041907450524,0.0,0.0,0.0,groundnut_healthy
3.4520454571337136,1.3738967210699926,3.082804200884474,7.018902095866771,0.7339750935473788,3.135665708094482,cauliflower_downy_mildew
6.61818313896798,2.6807799653275834,1.3191961741361429,4.417867976835126,2.5133227332207335,5.665585316592532,chilli_anthracnose
6.022854192251308,4.422892216835981,1.273635580517101,5.1525283579701044,1.3018751540056241,8.967935138504702,groundnut_rust
0.4813067873558162,0.02101951849861537,0.45361733002881016,0.0,0.0,0.35664908831031605,chilli_healthy
7.428482386110419,1.461059112397652,1.6745080454788162,5.335447002731374,2.115447319880524,6.932411324208004,groundnut_rust
3.3412172296799234,1.8382320656453137,4.394204918544573,2.145034601123278,3.765472973126171,3.9478865963154495,radish_flea_beetle
5.309034004724437,1.44447258556969,3.8200711371050686,0.2802178225703458,6.370405111519837,3.592385817171781,banana_insectpest
6.616182972094188,3.1821095906984884,0.9978285180439723,7.507446466033728,0.0,4.221688694674869,banana_cordana
4.590502016805486,2.313963198280987,0.8495407368679104,1.364466331697038,5.253398372970176,2.1548218215073325,radish_flea_beetle
1.5219292460414784,5.527215982508255,9.64532182844218,2.367667378488097,0.0,6.622551620942065,banana_panama
2.250059369537063,2.5499181578908514,1.7033871409752837,0.18161890240264178,4.798055988126102,6.662679648536854,banana_bract_mosaic_virus
6.435949422688598,3.3190538755824583,1.4759363167512856,4.920640862449013,3.5196661469998185,3.703569159104804,banana_cordana
3.623257375700967,2.9446056672360337,2.06056018764301,6.847463655219342,2.343528004132931,2.9863151094505884,cauliflower_downy_mildew
8.934733909586374,4.577897344300856,3.9679574352456717,5.89055298928627,1.0905203666819114,2.077641025723398,banana_cordana
4.755036459229734,3.7125406517381943,3.9590432630905705,2.4366696345800647,5.008924566571897,3.245105931188431,chilli_whitefly
8.92283798653073,3.367133126032456,2.99387204156733,6.478516517309777,2.9422220987724517,2.8667828451557584,banana_pestalotiopsis
9.111153105538708,5.491435075429978,2.1481150180443787,5.2501442634175,2.956155957849292,6.444408320794615,banana_sigatoka
0.0,0.2459390752894441,0.5615401996703194,0.0,0.0,0.07783769384419341,chilli_healthy
3.5840526363905982,2.419482163894026,2.0067223323641006,1.7085029226952668,7.090182097951657,3.9417904422581924,chilli_whitefly
4.344600674938376,1.3026443863604151,5.867596321549188,5.48528572689907,0.6581216727727623,6.98630577889908,cauliflower_bacterial_spot_rot
8.10375090805093,3.5677338744327574,4.774953466146531,6.889386988901898,1.2310696710961033,5.511125733138306,groundnut_late_leaf_spot
5.55597886446202,2.4394829038204864,0.41504791565660115,5.325828564932447,1.5750250369443526,6.867792135185943,groundnut_early_rust
6.427628968055129,3.8242163724764633,3.8348949509671715,5.229730456813531,2.0083096652524572,4.891884953134329,chilli_anthracnose
3.2831470494479036,2.876045287963809,1.2094964914913018,9.030288033829912,0.4166203518318923,5.099155370322529,radish_downey_mildew
1.580634514499148,7.733776866442593,2.952185492663057,1.2892013541751663,3.924939777577507,7.807272373308027,chilli_yellowish
7.7503474150504825,3.0363403638635567,4.887763226451483,6.854271735061783,2.519655654324736,6.3758858988008535,chilli_anthracnose
0.9629636602511306,0.2419559711897361,0.12364702674341574,0.0,0.0,0.05718988035131799,groundnut_healthy
1.708893202612391,5.735863522494205,9.076378873795822,1.553865186171814,0.0,6.3091210288777555,banana_panama
8.068238093349745,4.242299201668503,0.0,3.884586967769108,0.0,3.2199712787117223,banana_cordana
3.977536234829,0.4856972277948297,2.0401449442417823,1.2922076674217224,1.119314149874841,7.460204149709327,groundnut_early_rust
1.7876633270071407,4.042043306553856,0.34481692638256733,0.12288395206969716,5.960247632551443,9.153469436221345,banana_bract_mosaic_virus
9.322085434143451,4.590392184203795,1.0724918539176505,6.4739495643879685,3.287515537408816,3.975920631153066,banana_pestalotiopsis
6.495463972057618,4.005868747667925,3.1527574604711206,4.383276918844336,1.4767168183443629,7.264474848551159,groundnut_rust
0.0,0.0,0.0,0.0,0.0,0.0,chilli_healthy
4.266573797299657,2.0011326660366686,4.4098800648125565,6.612752137058878,1.5208920248648456,7.0882446415323415,cauliflower_bacterial_spot_rot
1.0350286047226809,6.837568836156117,7.5209516265356635,1.1786099232646436,1.5487891373041185,8.517865769456096,banana_panama
6.365659981900292,3.703636822506112,3.485939685720363,5.025525892083274,1.3705996151187565,6.042657933562285,banana_cordana
7.368771224483606,5.201317599768105,3.4983737726884003,6.705803942279712,3.198471884099718,4.907761552526507,chilli_anthracnose
2.690295838536845,6.067062691205462,4.574111441001348,0.0,4.091062705299046,5.46822096800021,groundnut_nutrition_deficiency
4.116223199381239,5.126281288421941,3.634610255109609,1.0657333203848478,5.308845412606498,8.09519096506207,groundnut_nutrition_deficiency
0.0,0.21865659351948036,0.09258776841495703,0.21272243209208613,0.11114492790042703,0.6394329066566966,banana_healthy
3.0229623721195407,5.524979682639501,9.742541239019072,3.01697911795891,1.2843063104373447,4.640981873087078,banana_moko
0.0050257861170995705,0.0,0.0,0.0,0.0,0.0,groundnut_healthy
1.3957164573107392,6.819263182444081,7.080655003267195,1.6463249342307673,2.3718737352567616,3.471697341684081,banana_moko
0.23686583038432857,0.0,0.08197574044740531,0.20523011095103894,0.0,0.0,chilli_healthy
4.720801204476553,3.9360329969544825,4.807308144639306,0.5857126582757917,2.6851795383939425,8.294283017473084,cauliflower_Blackrot
3.470589366699055,4.796493015597015,2.8784151785496803,4.9247655488122035,7.48090409390668,7.225895439983318,radish_mosaic
2.7367052148335156,5.281913750105739,3.534902930493316,0.0015384341108006794,0.0,9.74544615306531,cauliflower_Blackrot
7.555303621240344,4.2703080183803195,2.75523276011467,6.641117097723934,1.815152583978819,5.147836071795141,banana_sigatoka
5.704785918241212,5.587611122449648,1.4422197892350759,4.655449221073844,2.138350723484231,5.2449914722904545,groundnut_late_leaf_spot
0.0,0.0,0.010135946061144032,0.0,0.0,0.12643832875783353,chilli_healthy
0.9861818943080258,7.236791769889871,10.0,1.0328099227287015,0.36813384023595763,4.413183078380046,banana_panama
6.602841673945656,1.5782146817555627,2.7943154776808092,2.5309302957475155,1.3461878131194955,6.910967038704132,groundnut_early_rust
3.5220473454143164,3.515748514599135,2.398842050238552,2.0758074333231393,6.810360995840204,5.734701458461351,radish_mosaic
6.386086655521793,3.7098763422598933,1.7436938998717126,6.813563965075834,0.45832668029903934,6.602770798950304,banana_yb_sigatoka
10.0,2.152531975118308,2.0825141010137393,5.265019797564769,4.141532866651838,4.60662162771277,chilli_leafspot
3.0641764645340333,3.2983817710999306,2.380508546138161,1.5017434785136743,7.040832893286678,3.133647122208063,banana_insectpest
8.203371702346168,5.023044182665828,2.6046706743301984,3.363160202192823,2.429881512817343,8.260573237421763,chilli_anthracnose
4.846532749281827,7.524693150106674,2.580111760453529,1.5492264547264305,5.56725675913066,6.074987982825464,radish_mosaic
7.519856406438643,4.300201139292852,4.686777117009556,6.240886248910067,0.0,6.191752422523309,banana_yb_sigatoka
3.2176574151719373,2.879966569270397,4.776219692258238,8.610515997259165,0.04609514274179083,1.8765877163770335,cauliflower_downy_mildew
4.841622921523181,2.1949326862448904,3.9814807660482296,6.6459379363461935,0.0,7.180687386399509,groundnut_early_rust
0.0,0.8089798421904527,0.4074925177021208,0.0,0.21381816277618415,0.0,groundnut_healthy
1.865196343486763,5.345776506328414,10.0,0.8067739212429519,0.0,5.321528435657518,banana_panama
3.271988831578793,3.8462459026962623,4.251651032203658,2.7149982374126567,5.1454924781844555,2.334399750494318,chilli_whitefly
2.5456072891310964,2.6616780113338905,2.7877198914109886,0.3139137013297728,8.857377021575076,4.601394484082142,chilli_leafcurl
5.765820848873855,3.255271345430142,4.284410373089695,4.634361778401471,2.6559076708263665,7.3890235269719495,cauliflower_bacterial_spot_rot
4.95741253587492,0.0,4.054589771596903,2.670003707854047,9.227976923874346,2.4218808346878298,banana_insectpest
7.834645309078933,4.018922532891773,1.6472396628029813,4.91408089777032,0.0,3.571564959032069,banana_cordana
9.189161470129132,4.233946110894625,1.9710450674540319,7.612720828492376,0.04521383940903101,7.67930151198466,banana_sigatoka
2.405127466967566,8.95882997211305,2.361787652626527,1.6759341222268256,4.65493368380228,4.2230032207930375,chilli_yellowish
1.6767117986665308,5.8610507069551545,3.8028284625152335,1.0889137365037302,7.95433865468555,5.34387825014213,banana_bract_mosaic_virus
1.7585765958188992,10.0,3.3511181348889965,1.9104735330574947,2.956907515633884,5.764522489327392,chilli_yellowish
4.8372785121189406,3.943191375243758,6.407561238997119,3.37148885076798,4.351620778347059,6.3758900324323395,cauliflower_bacterial_spot_rot
10.0,1.9384932638286043,1.8605392840983352,3.354605956161973,3.599110182697997,4.373739903553947,chilli_leafspot
6.8338977730936685,2.399094697571156,0.3992400428145302,4.676144225921487,1.3190195782099414,4.3943913978067775,groundnut_early_leaf_spot
4.914418429067773,4.14353431285394,2.022015738827868,5.971684023826485,1.0881032073288632,7.418990060544736,groundnut_rust
6.721847724196915,4.509819729902035,0.38550359074000284,5.790593332568483,1.6264362709875977,4.79508047701476,radish_black_leaf_spot
5.5984234096392615,2.459442600152575,1.0647115571385855,5.40468975380385,0.0,7.037295421884714,groundnut_rust
0.49423117367667857,0.3037887514205516,0.0,0.240094372536021,0.0,0.20382635411183245,radish_healthy
5.480441947355073,3.290749422962782,4.419826238006747,3.9658130505875286,1.1413846806527017,5.946519720689421,cauliflower_bacterial_spot_rot
3.689887249098044,4.63654222370698,1.0280771585156667,1.5624295350594408,4.416004631211566,2.0567025614303907,chilli_whitefly
3.9855901160357923,3.3478238458522056,1.2331045972979084,9.584990900197838,2.240300111800201,5.366591487725559,radish_downey_mildew
0.4850429930886574,0.0,0.06114223118110055,0.02715195166316637,0.47283372394245565,0.5446841444791855,groundnut_healthy
0.23333549098304052,0.76050311357969,0.0,0.8736815989577791,0.46609578213019237,0.0,banana_healthy
5.6894561083331245,1.232224948024164,1.9876840649619445,4.7329219150743045,1.201831640858705,7.552720227726857,chilli_anthracnose
4.097771907236079,2.0073423969701634,2.3834009196986226,3.5813810869556884,2.807400557061353,4.435833085462104,groundnut_early_rust
0.0,0.10344126487839525,0.665401957819931,0.0,0.41332589871621583,0.0,chilli_healthy
4.473259075401415,0.5008436891178243,0.40725915454622386,1.587575534372767,0.7523211310713495,6.145194521236201,groundnut_early_rust
8.29289552304592,2.4959179380459777,2.4750970651496544,6.85939359403075,2.8889761432388905,5.584911263199807,banana_sigatoka
10.0,1.973858211759948,3.330777026375861,7.181727449470388,2.259441690233586,4.879982892335712,radish_black_leaf_spot
8.839054926406384,3.070830427372164,2.664464736114388,5.8473607392210685,2.567378083913399,3.7330550308096733,banana_yb_sigatoka
4.234578077863949,1.8813857585128329,4.523170467400055,0.0,7.818483388075157,3.1514134843943604,banana_insectpest
0.6995487396317072,0.3104149726449331,0.0,0.0,0.0,0.6087740109753578,chilli_healthy
0.0,1.0457899851033992,4.2566119860035965,0.9326971284655908,10.0,3.2561547152505375,chilli_leafcurl
4.797652002467881,5.0288432939435666,4.100598796783302,1.7213575719570706,6.228753691352332,7.354646991176096,radish_mosaic
4.844468119866957,2.5912751067074797,2.730831806467625,4.916653834578777,2.0429631200430083,6.16577706764109,chilli_anthracnose
2.2132412011199047,3.3975867695478783,2.456237421207156,1.7327028943405878,6.671748537517248,8.296936870665546,banana_bract_mosaic_virus
3.069294412876877,9.417838594157338,3.205984523962676,4.224828560526323,1.1707691157633875,9.034731832155087,chilli_yellowish
7.676707258000799,2.2556722658685713,4.683317172696841,6.8249476774536335,2.781737661045328,3.085961339652542,groundnut_late_leaf_spot
2.0605121169673315,3.514733468806007,4.110965569915271,0.9017052451292701,10.0,3.3171263309841117,chilli_leafcurl
3.4545427375078672,1.7376160670779568,3.8903205309890625,1.9029458025614465,7.06271018859698,1.727273920324079,banana_insectpest
0.8237488855134274,7.583907977495923,3.520227406536031,1.4491708794278273,2.8704008981692164,4.539362529320435,groundnut_nutrition_deficiency
3.1477344029620715,3.648163586213838,4.679330015044684,7.296789861987278,3.5869503699299328,4.056884260733752,radish_downey_mildew
8.548292934494166,4.379281443675941,2.7006596267408014,8.540925634214677,0.0,5.331938522571404,banana_sigatoka
0.15093725764707244,5.353451634507947,8.135745574791851,0.6492140386392982,0.9504503658584063,4.230596775542117,banana_panama
5.299861297728448,4.009860337828175,3.014696329168011,9.810167888144491,0.6759142568260899,4.903561014645389,radish_downey_mildew
1.6246396534305736,4.133940745673204,1.5915199215713494,1.945106373488419,4.968936868368067,4.175167729434246,radish_mosaic
2.103845819145316,7.222707888107879,8.286946953142,1.260627850341268,0.0,6.838578804336572,banana_panama
2.1164930592176483,6.162373988639467,1.157536287347177,0.6068054240826781,5.52947021624141,5.243782062241458,banana_bract_mosaic_virus
9.736023403384761,2.6041122054996517,4.3106873302809,5.339826121981922,2.1967111441200466,5.271184952125166,groundnut_late_leaf_spot
8.875727524441034,2.8827979460410704,3.051637167985538,6.824229493214707,0.0,7.5459575687962435,banana_pestalotiopsis
7.25852844131861,2.8908779168859144,3.455815026069908,7.639470064272448,0.25925715174533537,7.442698804033405,banana_sigatoka
6.915327818375507,2.294525147094547,1.9980647931265898,2.713810971539041,2.011821063094013,6.8494960068642055,groundnut_early_rust
6.236345162391493,3.812349427174046,3.298167861596511,6.550261030542128,0.8907638719230089,3.477442504965331,groundnut_late_leaf_spot
0.9181214056357807,1.0781669179934212,1.3526505003043092,0.39528318404639273,10.0,2.9848796318764377,chilli_leafcurl
3.812395003776473,9.170395633992158,3.2895235932610216,2.2808256518994154,3.4272485327857036,5.303402449947581,groundnut_nutrition_deficiency
5.219684132136317,1.042930528551841,0.9481098667755523,4.1460060241552945,1.213015539287753,0.796991618802537,radish_flea_beetle
5.368031239536096,1.5912523385261874,2.593359786022848,1.3394054352904778,2.5577957817326844,5.780358618007572,groundnut_early_rust
2.955889901946356,4.561916640958773,1.9059878977239009,2.4789521695462526,5.402680695559391,6.424555809590387,radish_mosaic
0.10071827195864291,0.08188843559642738,0.027363212555010716,0.046402273028214286,0.0,0.7091984342574315,groundnut_healthy
1.1993730982669937,6.120437321051489,9.315283888972878,3.5103855699961324,0.14607518398788977,4.352833982644076,banana_moko
0.0,0.13481974376916694,0.0,0.0,0.0,0.23804124488910236,radish_healthy
8.981966738423054,2.855673672809081,1.8935708097873818,4.1410089033503,2.152124721370536,6.903997406133854,chilli_anthracnose
0.5510414676179661,0.7244301881572442,0.016564060835466275,0.0,0.0,0.16774682607469513,radish_healthy
8.129333187389179,3.0247638484290067,1.5254284634885606,5.377388806837844,2.9303276139923637,4.60181593701107,radish_black_leaf_spot
6.494704768841621,3.4519879105287345,3.3852275433829107,5.665708038855134,0.8351336806998692,4.6364731671097035,groundnut_early_leaf_spot
0.5208623320294257,0.2917721515059438,0.0,0.28992864264756607,0.0,0.42777782951035603,banana_healthy
3.052163730567136,5.754596860288977,2.687020973362882,1.674920193973859,4.435907006357297,5.030086077039446,radish_mosaic
0.8021737168968863,0.5552901587543677,0.0,0.0,0.0,0.0,radish_healthy
1.668641496222602,0.69364673519165,3.145240654203291,0.7532177057759363,9.432696019063561,5.6763321474793855,chilli_leafcurl
1.498709159550105,6.116286419481678,6.426609830594326,1.0049181249406294,3.1893255735044024,7.865462857434329,groundnut_nutrition_deficiency
8.340090201042786,3.387923259884701,2.344727016832912,8.132458606907253,0.28206479896258274,4.957478946512508,banana_sigatoka
7.32640600561214,1.061499666877605,2.053388101679386,6.559568449171365,1.1226886008859185,6.9317030039077885,groundnut_rust
2.151196329170298,3.9966367253021144,2.5797924903798304,5.6892283705299995,1.9263990123914714,3.7550540982236713,radish_downey_mildew
7.937675163608262,2.1828397969044246,0.9545492251603851,3.278186182276169,1.627445520297158,3.0854737679347926,groundnut_early_leaf_spot
7.8770025242513215,2.7089274055308885,0.6521659389495469,9.454785457212585,1.636411482004696,6.365390642016174,banana_sigatoka
8.722078494402535,4.752982461946935,3.172357000785837,3.6094483202904746,0.7369723340031458,3.495781764820875,chilli_anthracnose
5.905812450748391,2.941347319776487,2.3519674832204296,3.6448389123420877,2.607999862571451,3.5522005137974295,groundnut_early_leaf_spot
8.418193952730448,2.4061077654116376,1.8450013980968132,5.098435915265739,1.8195819604564794,5.269412205091962,chilli_anthracnose
4.950396370890234,3.365989963443643,6.030775622925851,1.6883345947081612,1.042445700506367,6.695947026338327,cauliflower_Blackrot
4.73128143545466,6.595345854693175,2.0947969076111232,3.531076861460833,6.9133695751833,6.760006245133995,radish_mosaic
7.29210152450008,5.397246683380656,2.028783978246144,4.769131926030472,0.0,8.466165621972042,banana_yb_sigatoka
0.7540414250720103,0.25570762751093984,0.3033650012600532,0.0,0.368764031733269,0.13762434378418212,cauliflower_healthy
3.7172237361503067,10.0,3.646163264705393,0.28257588098373554,0.9743737864837496,7.288555293762044,chilli_yellowish
0.0,0.06177384797779117,0.9770787168751431,0.0,0.0,0.7408317012312994,banana_healthy
5.508923196640353,3.6339239266981265,2.6127065367319893,5.8482755491022145,3.520728375582058,5.536515493546359,chilli_anthracnose
0.0,0.05902616220739915,0.0,0.0,0.35056489908119504,0.19498870506969834,radish_healthy
4.995652752361404,4.588514475402348,1.0410365589722423,4.423299530350616,0.7748690264268641,2.7797265829148787,groundnut_early_leaf_spot
3.063034058105208,2.4140715303639744,0.5366610801953695,7.130096788530078,1.3275762127281883,3.7895701907261907,cauliflower_downy_mildew
3.7718825022630718,4.467838189678861,3.573960470705627,2.040322048824267,5.46037326196357,2.856654718492398,chilli_whitefly
7.627894642310734,3.7667093600982726,1.5676450927619485,5.255654746489263,2.720872934345779,4.750919201563445,groundnut_rust
3.7158098437917673,3.320563555754077,5.38260488405651,2.009470449896763,2.910815564698627,4.66537643846573,cauliflower_bacterial_spot_rot
7.296900420707303,0.3336184644165878,5.956530837995917,5.315278633814022,1.3080908894170284,7.00593403119244,groundnut_late_leaf_spot
2.987953750528596,4.282732124384148,1.8890831524191627,7.931017100947036,4.447980586602231,5.1757987084736365,radish_downey_mildew
0.0,0.0,0.0,0.0,0.48765622923898944,0.25781404422197823,banana_healthy
4.727662399655458,3.2559524488475264,2.001446570434669,4.019493642718171,1.7910948021188862,5.12508416515187,banana_cordana
2.1149422514489054,3.626687522852418,3.266970832233921,2.6053799076596205,5.1243588321144955,1.5846484025906635,banana_insectpest
2.7338927581879657,2.1515212834808817,2.818414258183285,1.0489718634617449,6.491681701926187,1.3612591149718207,banana_insectpest
7.357802879398835,5.028543203503007,0.9954724079037061,4.340171924822779,4.017980663645527,4.907252599820741,chilli_leafspot
0.8173997797035921,5.782249973571123,4.374945827382069,2.1886065093070304,3.1721010635432347,5.106480316518066,groundnut_nutrition_deficiency
0.8691718960438435,6.041250370831752,9.192707319806111,3.634558884422095,0.7162613959169688,5.856456450757475,banana_panama
0.494263052323721,0.031910612516819446,0.0,0.07782914883587054,0.12828869792465386,0.354514887659152,chilli_healthy
0.0,0.0,0.12353216256675077,1.5013262424558436,0.0,0.0,radish_healthy
0.08339683226549634,0.9926132678356784,0.0,0.0,0.0,0.42917561650269503,cauliflower_healthy
8.704469041513443,5.007858389365447,3.650908763438522,5.02924332848904,3.869486518782028,8.191153723575315,banana_yb_sigatoka
7.079117330294681,0.0,1.3265285840087098,5.120810603718721,2.7392308504972056,6.347603774565769,chilli_anthracnose
0.0,0.0,0.0,0.993637999615404,0.45568136108736085,0.05287689563574021,banana_healthy
0.0,2.6531872457188834,4.0303961268930895,1.6515822428693263,8.210263808289966,3.70708532540975,chilli_leafcurl
0.0,0.0,0.0,0.2935380339236211,0.3354684694051107,0.0,radish_healthy
5.770975810804954,5.224911079601026,3.4652404346304237,5.698517244162339,0.7282190813802016,2.8486729159318243,banana_cordana
8.513555151863162,6.0676896611755,4.967107820090103,3.6926738735251967,2.6924866206021676,4.786372051923394,banana_pestalotiopsis
2.508154989921704,6.345318219647382,4.782848056911732,1.5725478047554806,2.87858794526709,6.841418931838167,groundnut_nutrition_deficiency
7.78343092251438,4.0924606197731785,0.2064859978723399,5.398909653224546,0.0,3.867383893305616,radish_black_leaf_spot
6.038449964715877,1.29596710254481,2.813319879416964,3.318007630881965,1.289587843959269,4.130124181718555,groundnut_early_rust
3.416153808489833,8.373151682271926,6.334557739453038,3.916632421960107,1.9362718379637072,4.338821835754101,banana_moko
4.047888033423713,1.628651166004319,2.079756569858506,5.858067236969771,0.8924277219510874,4.11268777799254,cauliflower_downy_mildew
0.051482621232305265,0.0,0.0,0.6007085158935124,0.0,0.0690963738956602,cauliflower_healthy
7.1556870261915755,2.019938485604536,1.6489021114943487,2.8192443573071735,4.927663967255174,1.4007772258227067,radish_flea_beetle
6.115139861260703,3.2701609346714466,3.6741161878572677,0.1290950675822986,4.819183261077071,4.208636227202314,radish_flea_beetle
1.3340345900238075,3.375173085377027,4.056565326514072,1.4807666472700722,2.3356924221924635,2.9623163796905954,chilli_whitefly
0.0,0.03555192865867258,0.46682830071444875,0.3232489827979966,0.0,0.0,groundnut_healthy
2.243721511624273,3.1154299455584353,5.165613141449778,3.6741222878027573,2.868593067638391,8.224409265769664,cauliflower_Blackrot
0.0,7.035747641948046,2.253220960643142,0.8839442657555292,5.34609709582926,7.478963337222485,banana_bract_mosaic_virus
9.500793809343378,1.6197261861093137,2.9109847687366215,4.998723337430022,1.3093355733104115,3.538972601107859,radish_black_leaf_spot
0.0,0.24426006923700438,0.08607933480322053,0.07688191477235312,0.4359222849370454,0.02464871260857935,chilli_healthy
8.356192530255056,2.744053903936863,3.0228906533578366,4.471057378284887,3.286301025516726,6.25143849147153,chilli_leafspot
1.9771805505167734,3.796964762434629,1.977784236809132,0.6536096332958341,6.3872622724057075,6.007322867737212,banana_bract_mosaic_virus
6.495006815605276,3.3339799581470686,1.3171568598914103,8.509313127278972,1.9730767376233118,4.930459349884739,banana_pestalotiopsis
3.2979241943240805,4.4086104244400435,1.7381429299918068,6.8266947187495415,1.9381024913413063,3.0737315497768547,cauliflower_downy_mildew
3.9746401924795616,1.9419211392457052,0.328480834893659,2.285411511831776,0.9436788089972732,4.1386595296810444,groundnut_early_rust
1.7651617626237184,8.272107687890399,7.938172485770425,3.603708442348496,1.6175020217046403,3.764225781749786,banana_moko
5.602059589081036,0.7876042548841595,1.3395756946162145,4.012060143588878,2.7083574181822163,3.671483729389968,groundnut_early_rust
9.985390315465887,5.8023262585581605,3.9038580431987375,4.6619075539082235,3.8119687855724127,5.539739141533223,groundnut_late_leaf_spot
0.0,0.05359323239120804,0.1665010647245199,0.16328150793152743,0.0,0.1356057376399867,chilli_healthy
0.19459233696217235,0.18593095796506778,0.0,0.8456748007513605,0.4781245751003197,0.23752836562520002,radish_healthy
2.5818364806808303,4.370190094226888,8.468083842218517,1.6537098594150785,0.8625286870329765,6.100913265900235,banana_panama
2.0821809260302766,2.844820718499172,4.285450187618641,1.6944704167833398,0.0,5.982347729941683,cauliflower_Blackrot
7.517371451456482,2.266990932772461,2.666615398188644,5.6187042144242225,2.1208316191928116,7.4578149412012955,groundnut_rust
0.8276085641234583,5.8019033219963445,9.038111347897742,2.0908082487360633,0.48124578507120375,7.527257680765517,banana_panama
6.710012519443513,2.9971879162205757,5.516384342591012,6.214961584446318,3.063146556020713,5.192172997898449,chilli_leafspot
2.9696434272824854,5.98232128236339,7.491488381572756,2.4559030699393753,0.0,4.603891769958275,banana_moko
8.19025958379157,4.410544814806961,0.07323991632465487,3.9087413107635487,2.087685120355825,6.04371446981155,chilli_leafspot
9.124670208399937,2.213098487233033,4.020097813691202,2.8048034716463315,1.385246498006224,6.141862493694903,chilli_leafspot
9.394800987740757,6.731902267206433,2.7280676709634193,4.780164057535535,1.6414067781766604,5.065186511048603,banana_cordana
2.873155452364376,5.062335062968759,2.879168092658695,0.9031401038697012,6.094362228379309,4.602159178561471,banana_bract_mosaic_virus
3.9047854871649594,2.6656123993448286,4.535013604076371,3.7033940653067208,1.602512829345926,6.3350881214651995,cauliflower_bacterial_spot_rot
8.242860044718434,2.1316586959522263,3.0476565860635616,4.292547710626135,2.5535265011813975,3.8907711996435497,banana_pestalotiopsis
0.10108643117163219,7.9802044137171775,6.343281552920419,2.476613470191018,1.6908554173868071,4.9164398560398705,banana_moko
4.638407438586332,2.43399327349642,6.113425749840848,1.9996235928658703,5.581751049495039,3.5393686953987684,banana_insectpest
0.284970206178683,0.0,0.0,0.3261563049695698,0.1639812868624111,0.0,radish_healthy
0.9792640964576627,6.3507917610605205,8.906799006493177,2.7337340744492775,0.3802723167425228,7.12180315167174,banana_moko
4.640031093646539,3.0073622054220857,5.461833654105107,3.26884196645387,8.046636400087573,2.6218959225670697,banana_insectpest
9.1754886647905,1.8724685794825806,2.7161600974846514,3.5409872206095576,0.3818869846628228,7.856773179705214,chilli_anthracnose
5.964250214664235,1.4414357351377662,2.9079129422077186,3.754257690873117,4.542584339650782,3.554222790875054,chilli_leafspot
6.157609974631893,2.204518898938862,0.3168736738403679,7.099492091824327,0.0,3.168513762644911,banana_cordana
0.48964764596829324,5.644166685765468,4.495270709904277,2.5997512105747975,3.662591278287117,1.1013898662681514,chilli_whitefly
4.967152862529514,1.9839368064881928,3.232570809997342,4.992319096876234,1.3985144509999061,6.242264633149779,chilli_anthracnose
2.47148883081727,1.9709942883701497,3.623323947830085,0.0,10.0,6.309814594148225,chilli_leafcurl
10.0,3.1618885396057532,1.2867035617064326,2.625918500220952,0.8089186870648732,5.436301128615428,chilli_leafspot
3.5659669290197136,8.372406210376564,6.375765523803349,0.8911212612506649,3.2126412887628755,7.384795657315168,groundnut_nutrition_deficiency
2.845885095072158,3.521448116705148,2.177334514219794,6.213293292715308,0.8855164213606583,3.0989195608530182,cauliflower_downy_mildew
4.466050875076202,1.8862109224629533,3.38226079010231,2.292236245023614,6.92751552496371,4.353336300760678,banana_insectpest
1.7457072878270228,1.1481888086663314,3.044510810323747,0.12441054124705575,7.766407112139073,4.574942953339327,chilli_leafcurl
8.77159178568,3.033559852774352,0.4266274138556285,5.056256967549013,5.695425616269919,5.668155136193337,chilli_leafspot
5.529007419569216,5.958201605488664,4.051927055810616,5.62585731209277,3.50281563475761,8.363746689189814,banana_yb_sigatoka
0.5328076298541553,0.0,0.1427434715995831,0.0,0.2181787967055594,0.0,groundnut_healthy
2.6462831109293607,2.815300921561344,2.6175133205070247,0.5821630960038133,4.739136560700194,2.59000165965629,chilli_whitefly
7.836293419666861,4.066029736392196,2.467884698117957,5.675675558790469,3.9354420448485534,8.135941969996525,banana_yb_sigatoka
3.0423848701239535,9.244430734171752,4.108769201001114,2.6547327960569937,3.4755330478642463,8.176675910789843,chilli_yellowish
9.014327956450515,5.72453776346355,4.818381713188562,5.349872116786078,4.009124919285356,5.9188946577350166,banana_yb_sigatoka
0.0,0.2011311723321887,0.4746286509264546,0.0,0.6675523086343119,0.46930553931274666,cauliflower_healthy
3.4908445719467105,0.9913043023037267,0.2635008322107599,3.9801226565702548,2.2445021356263055,2.563198518542526,radish_flea_beetle
5.5075922629733896,3.764343047993844,3.5573851266926804,4.568293980073242,1.6504015926500641,6.564471290410988,chilli_anthracnose
6.120387546907375,1.2153866225399605,1.7431306752415792,2.6844452923764983,0.2302608178025607,4.172078611640237,groundnut_early_leaf_spot
10.0,4.421994825968871,2.6823735392153245,7.459506052068716,2.951716881530631,6.283251676589244,banana_sigatoka
10.0,1.3827782400630209,2.1559026852935355,4.215277647016535,3.744111837104241,4.023968076261331,chilli_leafspot
1.7969339513031417,4.670312612768928,4.8225300065899805,1.7763873654239837,7.879262518039365,6.5213101384537495,radish_mosaic
5.316249765440339,4.822791705298299,2.283053915026527,5.925410966400956,2.3023347420352387,6.834072800182838,groundnut_rust
5.214953376534748,1.2218646375005016,2.0366057774005135,2.354605117856039,0.0,4.7039310296379115,groundnut_early_rust
0.0,0.4104835696564979,0.0,0.0,0.2637840580560165,0.3020124234747763,cauliflower_healthy
7.049103010474865,1.7973750530622328,2.888989214504151,4.384143720234098,0.7256801015919777,2.8067807504697853,banana_cordana
6.642664966573568,3.8708500403969,3.0285514149832355,6.396624682811149,3.209654351279421,7.42525173657858,groundnut_rust
4.2436330772861,5.72320600003235,10.0,3.7303308823431207,1.2627566990271701,4.989814041758217,banana_panama
2.5529466179136815,1.5279290744531173,4.076049334042445,0.19676051305749598,10.0,3.898394923000403,chilli_leafcurl
2.334519799069851,1.9228818458844679,0.0,1.9053680745526562,1.6297764436112194,4.470963023471036,groundnut_early_rust
8.314469819068922,2.292276266941041,2.713185346575745,6.691501670426539,2.81061161059102,2.7682217886352074,groundnut_late_leaf_spot
1.543171173077107,9.030845858433489,3.281907660596653,2.3756600585824637,4.375894873578445,5.681565021917762,chilli_yellowish
2.8433094512457946,5.553596855642506,3.476971174022312,2.557184672991998,1.6664786327820877,9.299914131553164,cauliflower_Blackrot
4.312787385646243,4.58104898282088,3.6883883559320583,8.069304976000673,2.767685008038674,4.542995747323219,cauliflower_downy_mildew
4.095043514427572,1.8586703439090424,3.1254506946590594,7.826377087109188,4.006450127650785,4.596661576543832,cauliflower_downy_mildew
0.0,0.0,0.0,0.5158694902570294,0.0,0.7268170754374739,chilli_healthy
6.921199868220341,2.2670653228299646,2.859889253598341,2.466271643453305,3.1673477769104315,7.851608488301682,groundnut_rust
0.7603004508816059,0.6308805801975,0.0,0.0,0.4250021339847965,0.3009681185516211,chilli_healthy
2.981766267843781,7.1768854401344315,5.143548388663972,1.5111388123246172,5.781165837408507,5.257165799123033,radish_mosaic
2.0701525482008307,10.0,1.4868302893096752,2.3092756894532633,4.01432523533504,6.996750007781981,chilli_yellowish
8.102891779585322,2.6516705469736186,2.3208707768862835,5.386037367435216,0.1982914556283415,5.190450819443827,banana_cordana
3.4194563833975136,7.329333770607227,1.151096129679624,0.0,5.683507396525664,7.237016496592494,radish_mosaic
4.093995521273521,6.913476208275583,3.483189845805957,2.3715516843019357,2.973245854495524,5.601195897241741,groundnut_nutrition_deficiency
7.9855477364480825,2.6550788191645003,2.9311230434558473,5.939039053656559,2.19277992842374,5.794715578591544,banana_pestalotiopsis
9.340017530081028,4.2785135655142446,3.598659833721855,5.589421618647314,2.2340923105071226,5.644974445527714,banana_pestalotiopsis
2.2686160277355882,10.0,4.599362076571318,2.430691977695223,5.817622210384651,7.731142139699031,chilli_yellowish
3.6925839100718534,1.2785029669147814,5.127806481703024,3.3487637513168638,3.10311331001755,6.895027821718293,cauliflower_bacterial_spot_rot
0.0,0.6767175314538754,0.0,0.0,0.0,0.0,chilli_healthy
0.0,0.0,0.0,0.0,0.0,0.0,groundnut_healthy
3.383047386224865,2.949091158500111,0.6413412066718527,7.415815827921117,2.005387557480112,5.571422687760685,radish_downey_mildew
5.447799814640882,5.037946368692297,3.3260203014000367,7.908954890605504,2.144761713072145,8.252830155330855,banana_yb_sigatoka
3.975766030275807,3.82873497099594,1.0403118222200378,2.5548231486415913,0.13145345306334333,5.111302151754117,groundnut_early_rust
9.823942407097158,1.4370401815182334,3.9117446843436925,4.992566930378811,3.6467255799295897,5.170453374596654,banana_pestalotiopsis
6.139640461133443,3.3293620027638777,3.5641819422188803,1.0838531491271728,1.5610631056375923,5.914097168527345,cauliflower_bacterial_spot_rot
2.300591420415052,5.415737851396371,1.183970334105811,1.2787044365932043,6.351686967958417,6.142778298368358,banana_bract_mosaic_virus
3.419806146914768,3.499716600486589,2.786989769412971,6.437280514437212,2.3743820854197253,3.7530014397219795,radish_downey_mildew
3.5731078543204733,2.3144460695644007,4.525666268350433,7.965230906539698,0.06317279292510913,4.255605179046026,radish_downey_mildew
3.441262087357532,1.5102265727722861,5.008905895865896,2.733180018858472,4.4678385454419285,4.133186931744131,radish_flea_beetle
8.107800946554146,3.0299333953248784,2.280294914209425,6.356749953246487,2.281661279410587,4.499573380905968,groundnut_late_leaf_spot
8.168004939536104,2.0928296504219857,3.4393758311588187,4.391954988547714,1.7732225065848508,6.192831440957885,chilli_anthracnose
8.485963025534543,5.912480874665896,2.0635217059147823,6.471303657402917,1.8898239395148915,8.924523511375728,groundnut_rust
0.7502824761625491,1.0250362012491994,3.8615176629871977,3.4169364680316927,9.061630510563216,3.0194854496317216,chilli_leafcurl
0.0,0.35160052734218467,0.0,0.0,0.0,0.0,radish_healthy
4.144101046299233,2.450736652574789,2.7122467836779784,3.31217829213413,0.7174666505517892,5.6850868851692224,groundnut_early_rust
8.847687930383868,3.70411130425421,2.777986947001735,3.1625815561729946,3.7922853950694555,5.212158662013554,groundnut_late_leaf_spot
7.356808722358957,2.8710183388132466,1.3944039510022304,8.122201025405792,2.6147304098932755,7.401227286631203,radish_black_leaf_spot
8.301204251780176,5.215297005258609,1.1800049444568945,5.580885737582446,3.9398259854164985,6.208811038267399,banana_yb_sigatoka
5.990670066656429,1.0651582582914194,2.172107825041501,1.765816888573935,2.344982378596955,4.82112394679293,groundnut_early_leaf_spot
2.6282571894455664,7.946165248015828,4.075479900887968,2.344227352488216,3.7902311549167,4.853843260327822,groundnut_nutrition_deficiency
2.584411111008247,6.040598009853166,5.035005680042372,1.4242790054689753,2.684332394532538,6.41466636218975,groundnut_nutrition_deficiency
0.0,9.67934513633989,2.7046082108177742,1.864228956042829,4.615045270050766,7.1059708159412285,chilli_yellowish
9.381001579621236,2.8963380187782017,1.934778470719757,2.8995663655110517,1.1277096269355393,7.225594560631501,chilli_leafspot
1.6702372342967744,4.358507831858898,5.6013333117665,3.0408355036160173,2.7365250269478905,5.450547029152704,banana_moko
4.869660014073989,2.86071502785542,6.04767927959852,4.7307813357909225,2.5026939336473437,2.3592127654256774,cauliflower_bacterial_spot_rot
2.7840828296904734,2.4072768342126554,1.7347091427048982,6.068554307625172,4.259845241997081,3.179598155267898,radish_downey_mildew
5.473165662186865,3.555162354465705,2.2134087446596338,1.8875375876490768,5.927508846296916,6.460470983677152,radish_mosaic
7.016918856065828,2.997304557891455,4.0183973783099045,4.147622408232107,1.3393592381591586,5.259923868052318,cauliflower_bacterial_spot_rot
8.148195117200087,3.882951664775658,0.09493190278607022,4.5449804173213595,1.6754997278455124,3.779222133215475,radish_black_leaf_spot
7.784085016481523,6.507657955751153,2.554965566633989,6.203176468624629,1.515318699936552,5.940117423972657,groundnut_late_leaf_spot
4.359673009701469,3.006865537318947,2.2848943388131278,2.7950687113526573,3.3283051521782943,4.076215913536551,groundnut_early_leaf_spot
3.347307935784091,3.9910232037932514,0.764563696258517,7.358273292730636,1.418053346146862,2.0364378578806486,cauliflower_downy_mildew
7.026959071374455,3.6565429382102517,0.5830246216293862,6.337186033602647,1.8584575785294928,4.8618228708495215,banana_cordana
5.044169309807583,2.445961541294899,2.7708805070565368,1.9901003224981348,0.4539895051346342,5.304181636082669,groundnut_early_leaf_spot
8.505496854429175,6.016207934562998,3.6412166561445414,3.877901489234313,3.1942011981903273,8.124840897104416,banana_yb_sigatoka
4.888576948291184,3.7933656160056444,2.1338170691046576,2.789187722698168,0.0,4.379722820111743,groundnut_early_leaf_spot
8.941004208469371,3.0346469762093613,0.9441555143478897,3.0395912415568604,4.836206466264626,6.722812524559756,chilli_leafspot
7.1487799540380035,2.372659832403697,2.6960756568447533,2.2373435845337064,2.188855333228474,3.9403584953271595,radish_black_leaf_spot
10.0,5.969714353266777,2.078946378378755,8.995517736627805,0.8079106160700342,5.70790763691851,banana_sigatoka
8.070330700846151,3.5266057207316095,2.6161112663965036,7.669000257811972,2.382570007553907,6.9748947551403075,banana_yb_sigatoka
7.383090392984045,2.722803144875517,3.112842478458123,5.140249780366463,3.190825677496146,5.362447187706993,groundnut_late_leaf_spot
5.260050069285604,3.77310741697295,2.0808897020729837,4.1122545512633755,0.0,3.3639864351503364,groundnut_early_leaf_spot
4.815429466542757,3.3825924522954365,3.6977915859971064,5.522569187580348,0.0,5.895421929197489,cauliflower_bacterial_spot_rot
0.8420918473038748,5.823261751998127,3.2701093842195053,0.0,4.5800897848010695,4.5529213866878795,banana_bract_mosaic_virus
4.043950038581668,4.2034921616611065,2.4552701433341677,7.595265236562266,3.2648428190343024,1.0423906183968739,radish_downey_mildew
1.8825291137934363,0.521054731003729,3.4404561515159613,1.3357742251628264,9.534051239873024,4.334707716600932,chilli_leafcurl
1.6346683149928147,8.212018860665578,2.9192323024262556,0.13566401905492298,3.6980041395348078,7.9616731885400585,groundnut_nutrition_deficiency
5.9864200999370345,3.120314353034639,3.1783224870571947,8.616551939261596,1.2426579514478806,7.984797072348031,groundnut_rust
3.8628026811287923,2.983231581324246,5.581849276434006,7.604250582505436,0.8210193159965817,4.525990515371973,radish_downey_mildew
2.0734023757624183,3.5078364858748214,3.983998963100711,0.654980878626054,6.864502262875563,1.3954173469905702,chilli_whitefly
8.153974363373532,4.308144745413015,3.5595255117278852,3.281257289680264,1.7749703565195802,9.588105386348424,groundnut_rust
0.0,6.984664203465476,9.221170876893725,1.495966727247005,0.0,7.733294634066105,banana_panama
6.292985140362823,1.9443914239024358,3.6615399993307047,3.7998332945120517,3.3000705723000223,7.587567970014652,chilli_anthracnose
0.2698073155225579,4.790558504133443,9.3044847561298,0.0,0.6545127077584958,6.294046397178487,banana_panama
3.24065726590905,6.511047871250078,9.08955477635246,3.148175770997513,1.8508570674050764,4.7463389242184375,banana_moko
0.0,5.013822205894385,10.0,2.1651943290416553,0.33929551959915216,6.6116270774695876,banana_panama
3.0039640282659215,5.9681895384241574,2.378368584577377,0.4014065801145361,4.168482852385904,7.726126843664236,radish_mosaic
5.52503539900604,2.4968880631548105,3.185737444811726,3.797433946292178,0.790373525999988,6.569740600433906,groundnut_rust
0.31412396294942924,8.418682262825993,3.703872242234923,1.1970109873569688,4.367148621190974,6.992306539153791,groundnut_nutrition_deficiency
0.0,0.0,0.0,0.0,0.3892801769883492,0.0,radish_healthy
0.33760621520675227,0.0,0.22745276442234105,0.2411146800275811,0.0,0.1588260405915899,groundnut_healthy
10.0,2.8061723770389504,1.0882374416146696,6.147981468530137,1.1559978709619143,4.724356472575538,banana_sigatoka
1.6520278640205537,5.757722988616226,3.0163494385278966,0.0,3.168683460180991,5.965433461055594,groundnut_nutrition_deficiency
2.327477870631962,6.240838433146654,9.308704105333803,1.5866273494970569,0.10070081565163203,6.405319318865522,banana_panama
6.848129388492838,4.162198563149851,5.624953166831303,3.408538105139538,2.899926071533806,3.9757476583523363,cauliflower_bacterial_spot_rot
7.706735105050078,4.4117902650369,2.74753283649597,7.769849973923215,0.05555646528004132,4.826081220880512,banana_sigatoka
1.2493247581885647,5.474964240124891,2.5928362235392868,1.3128085189886884,5.339633815385496,6.194051958474338,banana_bract_mosaic_virus
8.87618859683773,4.971454911400936,2.4521039346137017,5.55448850592718,1.8085456641384754,2.6898178248484745,groundnut_late_leaf_spot
9.772402503626989,6.492812127483944,4.647762775861606,7.09557949913671,0.0,7.48419895935272,banana_sigatoka
5.397007785819374,5.217192003530938,3.3704103528667395,5.559747167563295,1.8833725474118763,6.023110760821351,chilli_anthracnose
6.296061117328297,2.2219022292494253,3.1592215429596924,4.339457752772946,3.658565593816009,7.425674251501272,chilli_anthracnose
0.4205407693032079,0.6143640276144601,0.5085327719850767,0.06277926123678897,0.0,0.0,cauliflower_healthy
4.19146457415336,7.910810750110243,2.3722992039664086,1.1245267062228907,3.0964552802510044,8.644379800167176,chilli_yellowish
7.061175292997608,5.02379836769583,3.2969766571681256,5.988402694423983,3.0547567676847813,5.576730312016817,banana_pestalotiopsis
4.406263451543097,0.8744893081563214,4.259949970485543,0.7690967796316672,8.320985678107126,4.27364515784776,banana_insectpest
3.5239441867461228,5.5500907100547705,5.102818795023708,1.0197539469256565,2.5462505035564877,5.620899376971661,groundnut_nutrition_deficiency
9.232472512247622,4.2225532524241745,3.434939857913432,5.388127256561241,2.218604753254522,8.07025316148433,banana_yb_sigatoka
2.0280849057645502,6.477657859811115,9.473495982581063,1.4890932744180914,1.5405948685336415,5.685890051734686,banana_panama
2.923824749325768,7.003821819405831,5.777781096262201,1.0397649546281336,2.9991496274004166,7.804671989431203,groundnut_nutrition_deficiency
8.657450284393642,5.221351584644907,0.2789299881488372,6.3970234539152955,3.010589403655872,7.04034637075759,groundnut_late_leaf_spot
2.692486552616648,4.756345536748409,2.4453750480455705,0.2752177759410154,6.10390774496748,6.813187317529505,banana_bract_mosaic_virus
4.117376040690683,5.786959600625287,2.476736632953585,0.4003039868145992,5.661238063804623,5.887974754456746,radish_mosaic
4.132402519791251,4.329387938900161,1.8755916225046712,6.404713876009902,0.4502533226156429,2.595204963759773,cauliflower_downy_mildew
0.3894909142819789,7.102991008015609,4.123459211364127,0.0,1.5759052626859622,6.42211518067872,groundnut_nutrition_deficiency
1.6956656108199268,6.585645326799891,1.7696045390783388,0.4982353251663272,5.800171184756369,4.464843002652499,radish_mosaic
1.6421379999032653,3.236412424341656,0.9236248723152811,2.788871825052613,4.553570021756383,6.371292384859126,radish_mosaic
1.1405665836640082,2.2296347049339333,4.130676021081403,2.2292221478319583,8.484388647510485,4.378447475352868,chilli_leafcurl
1.2014932422446474,7.86628418252577,6.476001683127349,3.8026081566554617,2.806333529377397,5.4610424864070755,banana_moko
4.5573609636682715,4.38016416441554,3.079313095558771,10.0,4.878139142705683,4.63730215717114,cauliflower_downy_mildew
8.169914944087859,4.570310325660774,4.4047939551811925,4.0137303453726805,2.7014288622049216,4.678233032909884,banana_pestalotiopsis
2.3356242185390497,4.3758687892078765,2.734646126503054,2.216673125836964,6.2009636520590625,2.148769308429096,chilli_whitefly
2.1256400848657835,4.095393793303395,3.5947076522397294,7.092968735894691,1.7494558919144747,2.638896756212729,radish_downey_mildew
8.721271796640632,4.012654854089231,3.3683006632054457,5.583721918959556,1.502445493950842,5.983232125828712,banana_sigatoka
3.1366331387944753,2.2498710951676166,4.1317910412002,7.989354881252512,3.3604261977182106,2.4102003331568387,cauliflower_downy_mildew
1.7786546352145183,9.813408117261462,4.915307150633089,1.3465662596783652,1.8014216781725694,5.509415979050067,chilli_yellowish
2.758945059970761,6.4309861898752425,7.07387365112855,4.931424798931167,2.2729950508784644,5.763161300854086,banana_moko
8.903336957705575,3.0457014068633907,3.6778369585871507,4.413440241978882,2.249515630354009,6.780587567986123,chilli_anthracnose
0.768823016845249,0.0,0.0,0.4833666601722537,0.3117601776891628,0.0,radish_healthy
2.514473591952882,1.754831349679801,3.8122658453768583,0.868820491316751,9.016383494490068,4.301984642783864,chilli_leafcurl
2.9891176438294074,5.222377419306583,4.148917752545427,3.410584904776683,5.532292332433781,4.310826226373941,radish_mosaic
2.071556443904209,4.223675866753311,2.837867976336308,1.4721824625060995,7.074231864033279,7.762206162018363,banana_bract_mosaic_virus
5.539600871623127,1.5882502114414152,4.04292502584841,5.7012230699304345,0.39858911346544645,6.888070499419718,groundnut_rust
5.669435635865137,0.0,2.007844217282235,2.5083673320567654,2.4662018872066227,6.872536516006491,groundnut_early_rust
8.246934144904323,2.909082856157448,2.804576740689455,3.7137713203518135,0.0,4.981467589630034,banana_cordana
6.248571951133249,4.11735373938361,3.5157235462859724,8.232571623830754,2.563402977427814,4.4603790520432165,groundnut_late_leaf_spot
2.990499618785636,5.976211563200766,3.566574568585195,1.0252046099593108,6.818343565553957,6.627679892087853,banana_bract_mosaic_virus
4.413729967110753,2.2559724611079464,2.293569960636871,7.383440296750358,3.6472995994986483,2.4774987908784603,cauliflower_downy_mildew
6.993669868926751,1.109307900984014,3.7403626073478993,3.3078344299790223,2.160906422699997,8.120769186422347,groundnut_rust
1.0450502097841858,7.310166406889575,8.91573556617886,0.0,0.8176391412207533,7.272172582405524,banana_panama
2.947030260418428,2.3705153852441025,5.826754762906168,1.9489516538890619,4.216022967297571,2.6276883432954388,radish_flea_beetle
2.247152859450901,10.0,5.177911092103814,1.2832815520717928,4.269726741595243,7.425808186684357,chilli_yellowish
1.3122075633064378,3.229074117139473,2.09611201187729,8.139846113139733,1.8532027373135493,4.315949497686164,radish_downey_mildew
2.4439750566568965,1.0351844024549042,2.2088411557794596,0.7166145185713282,8.035273947927404,4.95742219057396,chilli_leafcurl
5.63515068101602,1.8848104941100474,1.066513130990522,4.089440800266692,1.258042974564676,2.2912235994148396,groundnut_early_leaf_spot
0.8410608405632489,6.353711592044051,7.439889425658271,1.2204186816210982,1.0187811240738396,3.639403571832375,banana_moko
1.8612220611341113,4.6386755652928535,0.22577361155908715,0.1361869499263496,5.447233474848255,8.2685466714627,banana_bract_mosaic_virus
2.7858981184250307,10.0,2.346471788129392,0.0,1.92826292206152,7.145493634355087,groundnut_nutrition_deficiency
1.6940273390949736,6.804791586299226,0.0,2.309808222306954,7.495302230997154,4.511931721110221,banana_bract_mosaic_virus
4.668865068688033,2.5508406858880446,1.481434263717469,3.1459098474888147,0.0,5.00111822788793,groundnut_early_rust
0.0,5.490202382969234,9.602999635355149,0.9311013637372838,0.0,6.083204594058418,banana_panama
5.929042038741211,4.124887538963395,4.7789328345055635,6.125587520349608,3.187519195508565,5.328929042453747,chilli_anthracnose
0.0,0.0,0.27813542931694574,0.4452350446174685,0.0,0.0,radish_healthy
5.019910960652505,1.0445528400417394,2.071931467276602,3.6874137606239765,1.9396490887437317,3.8279556820336382,groundnut_early_leaf_spot
1.0714529610757124,3.5064143560262995,0.0,2.7952531737870197,6.785238787624869,6.933298394907454,banana_bract_mosaic_virus
0.0,4.8819924478463,0.8136906714188992,0.0,6.215872981384174,8.670402743613518,banana_bract_mosaic_virus
5.9587416836449645,5.66442215295179,3.322016000924443,5.6801296174846545,0.36988490587132605,6.263098821852963,groundnut_rust
3.5062714959614976,4.3623849204615,3.2392559047848093,0.0,8.345128751236567,3.7802910584664584,chilli_leafcurl
5.306523585060006,1.5484391300900047,4.022582859688718,0.594014783218926,9.034867453373039,5.276746433727734,banana_insectpest
1.982302738379789,0.45732128754666745,2.9589937421588073,3.5389249714755815,8.38878588440315,4.233728806753681,chilli_leafcurl
8.294350091164322,3.5089989956967353,1.8661095327779196,6.774957169924454,0.781204122944209,7.645853926590709,banana_yb_sigatoka
1.4589199788310425,4.425404158565379,8.523461602118577,1.9502338664010228,0.0,8.155998242010021,banana_panama
9.800478567274025,2.145932311112278,1.5640255899337459,7.35588721203317,1.6404342976074315,7.791543147304593,banana_sigatoka
6.5169768848368985,1.22918550217181,3.6811770196316607,2.56679300245687,1.9294759652589506,4.14154020507105,groundnut_early_leaf_spot
7.038483924002687,1.365402513694534,1.3880849055611093,1.7216543851746167,1.8963952460264166,3.7452262624235004,groundnut_early_leaf_spot
8.787914936717923,2.597530736381173,2.27147545713862,6.912743111006534,1.9610705253448037,6.13052157970349,radish_black_leaf_spot
3.5456908698228533,7.017410799115185,6.516637044763446,4.5052060329088075,2.8772007521425778,5.646121948659743,banana_moko
4.110857750798764,2.520364210996811,0.0,6.266430496317903,2.929923328530169,6.423039103253517,cauliflower_downy_mildew
4.162804584784329,1.9916481405051703,1.7293666072139255,2.5297481674649287,0.0,4.058265818627401,groundnut_early_rust
7.678521519009801,4.149466156734202,2.016790088718512,7.390166395767993,3.468552347015798,8.139155798050378,banana_yb_sigatoka
5.01258557920865,1.319932155403944,6.9679480181943925,3.3959719143406324,2.640351709779771,4.2545263137063305,cauliflower_bacterial_spot_rot
4.864268820286489,3.625172248190126,2.271212345434902,8.513212125211915,1.1547676109349423,4.245828760261229,cauliflower_downy_mildew
3.2246520221809614,3.9992164802492765,5.482535319569246,1.8789618683535037,6.031452349822381,6.4679830339602224,radish_mosaic
1.754167238874338,4.687958230677737,0.8020185255436485,0.0,8.83668424958202,3.762964795036998,chilli_leafcurl
7.25986956617635,2.3824050587593977,2.2731840000770425,5.961549155183416,0.5828330196027374,3.6179826691587875,banana_pestalotiopsis
4.586615067775585,5.861517360397763,4.203975975377881,9.518627505702248,1.7695984756862961,3.279754930497246,cauliflower_downy_mildew
7.5031937178339145,1.8903693233717616,4.061096246053181,4.767235412183956,6.416411506749169,4.438868559899327,chilli_leafspot
0.0,5.371259416346131,5.1930016555615826,0.0,3.4774132986248505,6.6462549961023045,groundnut_nutrition_deficiency
0.0,0.0,0.2582219952377954,0.23289339105316026,0.7860631682360724,0.0,radish_healthy
5.791423784529935,2.4259599400944745,1.3047710079857606,3.6278260059871847,0.0,2.8484712253457913,groundnut_early_leaf_spot
5.8660662784939195,3.0024107161748703,2.3662508505014213,5.4993778166231495,1.7949364858592554,5.192901799756583,radish_black_leaf_spot
4.968846461876746,3.153586036412717,1.8693753431207587,4.201630722111438,2.094810433744312,3.41025690752093,chilli_leafspot
7.010465588281974,2.7294398221026164,2.1413844174177257,7.345799054219913,1.2067699344470069,4.382073552280073,banana_pestalotiopsis
4.103333041910774,1.103692057915799,5.188199486751147,1.739442710064557,7.631844020406769,2.4271071525686394,banana_insectpest
0.08644584239384624,0.94778738661428,0.0,0.0,0.0,0.47327426385839116,chilli_healthy
0.0,0.11266258977025259,0.39188972515448167,0.3148240067149474,0.0,0.07343160472820741,groundnut_healthy
3.880539180178038,2.24628259790426,3.8241305868571978,9.103290114504377,1.9059359603247286,4.276649904220875,cauliflower_downy_mildew
4.025570150535407,1.2102467293319776,1.2578547315447022,2.7483574724453366,3.126923851955083,4.347853410051411,groundnut_early_rust
8.513236949160309,3.7175844799102253,2.4520139443454907,3.396294887595098,1.0323575879451012,6.019931463378434,radish_black_leaf_spot
0.8540431572283966,6.773699352536804,3.727999816187856,4.9405468809578,1.7816948719844623,7.204536460495559,chilli_yellowish
4.296550145074944,0.624214361279178,3.8721887522170415,6.721334203561387,1.6954567091009987,6.34413918177465,groundnut_rust
4.292388668443257,0.6917499118406842,2.8173524791348843,0.8363075364383907,7.132642380968728,2.2484216685803915,banana_insectpest
4.422011058734511,1.0216636047306533,0.30323703991146367,1.6535601952525003,0.5614987346797341,4.076352618677426,groundnut_early_rust
6.05681264739046,1.4025204557306663,0.0,5.609589592295053,0.0,1.4165312884570205,banana_cordana
4.4787540635411265,1.2355025859946185,3.5478398078952615,3.1443787517924364,2.426138918461174,2.7441379526042002,radish_flea_beetle
1.842087101404009,9.511958143172157,2.77832890562462,2.6466064442445156,2.168004114477742,4.306982149398253,chilli_yellowish
1.4300656266068525,4.216004920911546,4.118545088337316,1.4859780531531466,4.486939254797946,8.101434336465731,banana_bract_mosaic_virus
1.9731089040581915,3.576894080975773,4.219497476344307,0.0,1.554584915271613,7.868968286599337,cauliflower_Blackrot
5.606400732648838,0.8969626791466601,1.9276417813587507,3.0433830335109926,1.3264322759545923,6.347066329099944,groundnut_early_rust
6.767579607946743,5.955616426530028,2.6320883103859414,5.7042218465418415,0.0,6.518395876043533,chilli_anthracnose
9.082398053852112,2.4753168694099505,1.1446665382068872,4.007857559963961,4.025039578335379,4.722257342014815,chilli_leafspot
0.7031930063838154,3.3038468287612726,3.8248478906850054,3.7250561011191756,3.614457718954728,1.6088611209229884,chilli_whitefly
6.804319643267483,2.1061168262322614,1.1897860700307423,4.826577595141378,0.04909609480004651,3.6304461644331516,banana_cordana
3.994542474602744,3.609457442409172,4.259624422811035,0.028894238737745104,5.703904949286851,4.304308647476831,radish_mosaic
0.2179731619496685,0.3336915515702843,0.0,0.27230625209201853,0.0,0.33549632604446195,chilli_healthy
9.293750474953725,4.896539482391057,2.844392337565679,4.156163171541554,1.658252708581526,5.803282050437901,banana_yb_sigatoka
9.983495661476507,6.493333102238133,2.9603696835365274,5.395619687549284,1.7931500510556058,5.85767807302124,banana_pestalotiopsis
5.713311705363467,0.4165789177893484,2.8765985963164997,7.982038371195834,1.6628306184791373,4.591016489529789,radish_black_leaf_spot
3.3381173636251003,2.9861367852281315,1.6853262353194014,2.640426286370479,1.5515512446590418,6.059848379052966,groundnut_early_leaf_spot
3.7194134893970996,5.272671853710182,1.8381758991346875,4.206124279433995,2.9075665915313156,3.8515212256817755,chilli_whitefly
3.5673184553188895,9.484549978424885,3.7878949816782237,0.0,4.807215265410826,9.268459483440965,groundnut_nutrition_deficiency
3.4153763327428814,3.068148052563785,3.8956738482266435,2.3183936659998796,4.591525811940963,2.145551213498372,chilli_whitefly
2.8236242660174398,5.993328791169116,8.081406216700325,0.5760872014126366,3.730334006962268,4.385150911187968,banana_moko
5.400771801414313,4.073089045583916,3.890882481413035,7.45433590119926,2.732677158067103,6.401902813831044,groundnut_rust
3.7596954078246694,5.386661566505824,2.2927961224977835,8.281064496319472,2.294332318661129,2.6536382560607015,cauliflower_downy_mildew
1.7016609754799872,7.751936364715685,8.054676657370278,3.7480885659358987,2.844128159766673,7.58591441285977,banana_moko
0.0,0.46825330302850393,0.0,0.0,0.0,0.7756888605047466,chilli_healthy
0.0,0.0,0.2354344296876904,0.4939172106539968,0.22318712237926785,0.0,cauliflower_healthy
6.16634424269313,2.508861074264275,1.371093922478489,5.182825846440466,0.013096081141359406,5.345236800789365,banana_cordana
0.0,1.1587581155984275,0.29170245789909544,0.33805181914857485,0.5864471393157392,0.008534412599863058,cauliflower_healthy
9.456054959118932,4.539256749804263,1.4404183313921572,5.354974322490155,2.091006803417555,5.791446230709706,radish_black_leaf_spot
3.2719873564159636,2.452033818411663,3.7411715875399816,2.525449083954565,0.3331354454207631,6.836977308973424,groundnut_early_rust
2.6226454165281465,7.594966025233085,8.001942837628329,3.497727468946549,3.925206929970315,4.657886891549583,banana_moko
2.9964029798530945,3.9726994089093592,2.085879484663271,0.42681106388185996,6.5747757908956705,7.400394526344338,banana_bract_mosaic_virus
4.887711148836723,4.78225990097654,4.341158929924749,8.60222245923187,3.304236187666203,1.940202907427361,cauliflower_downy_mildew
2.570185083861809,6.061012953667166,1.1414024635286617,1.3584534856446657,6.395009607686682,7.0441014085926135,radish_mosaic
5.872797527417495,2.8270949331340613,0.5483663085906709,5.719914475995445,2.8369009988124367,5.46251422203678,banana_cordana
1.1873447395566046,4.174658846209483,3.187586587851588,1.5507319601517031,0.0,7.359747649012302,cauliflower_Blackrot
4.122100891007915,4.646836734318204,0.6763288830427827,6.942055149996749,0.4128011494453534,6.559917617874227,groundnut_early_leaf_spot
1.1220400817753107,2.2327063357778427,2.555044279440568,3.67378532001958,8.804966442388492,4.402262015460846,chilli_leafcurl
2.917519517162696,0.1101440150447186,2.706819553632421,2.810003317669275,10.0,5.021124313330936,chilli_leafcurl
8.48123857702855,4.278077130436471,0.8871523931648797,8.546120347004067,0.23887033981922356,7.354616985059267,banana_sigatoka
4.884015308458231,4.935336279236447,4.16090712292511,4.071955429234848,3.7038133848476638,6.32461617055968,cauliflower_bacterial_spot_rot
2.463470448493984,7.2254108887254,5.125937078151649,1.8824329919704317,2.029785368700395,8.359109570706247,groundnut_nutrition_deficiency
0.0,0.6713738016583829,0.0,0.3147382485572385,0.0,0.0,chilli_healthy
1.86054394741328,7.305932609708499,4.210528413496404,0.8441264668585502,3.5383976460528186,5.98600010909005,groundnut_nutrition_deficiency
4.360585548236511,3.051495036446865,2.019713104355411,2.338596486336599,5.709774623639528,0.1290182021506583,radish_flea_beetle
10.0,5.181382002921588,2.3475987073496065,6.036049637425542,0.44427394929800657,3.8370567868420324,groundnut_late_leaf_spot
10.0,3.6401470306040653,2.5524987798113887,6.832549548486516,1.3081399087896675,5.725832947428551,banana_sigatoka
7.219212054396566,3.608022924173666,5.402912961173756,5.630914299461041,2.4322712444929144,5.649585552809934,banana_pestalotiopsis
2.5417085825554757,7.393882679392306,5.464359739606103,0.4932147302677561,3.981944110513811,5.523044072492287,groundnut_nutrition_deficiency
0.0,2.4729343164450297,3.3709658248017575,1.0745810873028723,8.82082389375399,0.9206567368811038,chilli_leafcurl
2.156428643188532,2.1018658898320006,3.4531420877041117,1.5324108722657392,9.406313319739034,4.232386379957791,chilli_leafcurl
5.651266698330102,2.94376462576461,4.089935471739586,5.347337377636859,1.552138184748003,6.417455654337169,groundnut_rust
3.0679739925092044,3.393111277371549,4.067765481654329,3.7020986633666877,2.3711340621520334,5.744736099682897,cauliflower_bacterial_spot_rot
7.31507359480231,3.232307893641053,3.0210775546015665,4.835153853920724,1.4685578199146674,3.8761338964810044,banana_cordana
9.215230645461123,2.5090019169432702,1.3484291518735856,4.353345516762366,1.9607586657319296,5.334494904956077,chilli_leafspot
5.197158492304293,1.6558469171140768,4.9114178649833296,1.6498896412897555,6.928208627764116,3.59227224520115,banana_insectpest
0.0,0.0,0.04587624222418643,0.1261201982133387,0.0,0.10735659158526317,banana_healthy
2.3605601867670307,5.9467344636139305,3.6308104705589024,1.8938108022453806,3.3817967321676274,6.729961277246093,groundnut_nutrition_deficiency
9.375386684120215,4.688520531882281,3.677413168437798,8.429407653928115,0.35023239219139723,5.877592463847286,banana_sigatoka
2.572921041907445,3.2647829254194516,4.686407533960567,1.1543258772669396,5.154898244260989,2.8261145051022822,banana_insectpest
7.440744776081608,5.2058204121541465,1.7318408211537775,4.580819844658163,0.9766964729347208,3.6361842605988697,banana_cordana
6.475658067011205,2.5416793642423228,2.8643138282631306,4.936597024825431,0.3465505828539416,4.7369772328452795,groundnut_early_leaf_spot
7.230458939788038,2.6290602429569985,2.1602490857387386,4.817036196343348,1.8497304120263085,5.148042780153501,banana_cordana
7.048109783936791,1.3574945572847645,2.6064255571900947,3.4431249638456127,0.610680901901816,6.401890894155699,groundnut_early_leaf_spot
3.0314221790229583,5.085544712659354,4.766748177055295,1.1498142781650906,0.4779368797169684,6.226397293634979,cauliflower_Blackrot
0.24993206187018568,0.0,0.1838246464957108,0.0,0.31275400841551787,0.4426157414944955,banana_healthy
8.652417078652032,5.3186449454127835,2.405246791427127,6.952115591642974,3.3956279635484434,7.112099117046174,groundnut_late_leaf_spot
4.955262538376491,0.0,2.554397628443711,3.1399807800187283,2.387701325796926,5.099887611014032,groundnut_early_rust
1.753750971557093,6.335357834735488,3.516599885830235,1.7968053714619432,1.7866652299461432,10.0,cauliflower_Blackrot
2.801954867634409,0.8573972768337113,0.8932240650673338,8.642695961427203,1.4793528532103064,3.578807030080674,radish_downey_mildew
2.217125392404799,9.625234427197684,3.324907828259812,0.6075518587184001,4.290600025356764,7.145860099342185,chilli_yellowish
7.416381980383332,3.4491757074557974,2.3307962980822765,3.362848423414889,0.07251560350935848,3.5653099626911446,groundnut_early_leaf_spot
2.283265276984503,5.739895222768725,2.431481986721041,2.223282118964656,1.6738881646853254,7.761597039412516,cauliflower_Blackrot
7.178225468313325,4.886877115082119,3.4948271629031376,7.891407033289655,0.0,6.390767045932347,banana_yb_sigatoka
2.173788625759256,6.631428988914468,5.754486258002521,1.2092747648534796,2.197135278340765,8.023001531146047,groundnut_nutrition_deficiency
1.1131656103721204,7.782796405812016,9.71276643714706,2.496678296809739,2.907786025179318,2.703127915295039,banana_moko
3.0082103491477183,1.9596318522809375,3.051629382018152,9.280961421284823,1.5824125404853002,1.2969597822596213,cauliflower_downy_mildew
8.659551925962322,5.428569982232179,3.22635533201377,7.253451279069348,0.5925638120008161,7.153118614329914,banana_sigatoka
4.740054029501398,1.8998219023094942,3.5327001550257915,1.913379902563875,3.90334759235335,4.279158081990455,radish_flea_beetle
7.873839473110698,3.3443108566435926,1.6613112896921254,8.260929148566536,0.0,5.57110194219516,banana_sigatoka
2.039648062071148,4.978486438100242,3.9574958311701884,1.3675206581122712,0.0,7.657176142289284,cauliflower_Blackrot
1.6792528526355506,5.293784108940837,2.584018570157356,1.6830165515298192,4.901992258813692,6.055417588509467,radish_mosaic
5.433715434252325,3.0735766250886467,2.352568658222723,2.421775880422642,4.626129700750228,3.0563218824724436,banana_insectpest
6.28658919112445,4.157322773177664,1.6900978161873585,5.124291826130081,0.0,6.6741616999331255,groundnut_rust
4.410780636140964,0.6046195968068027,2.5342530546968742,3.7934171887112624,1.8010433137529578,5.674393001728788,groundnut_early_rust
0.6205591862476869,0.28185736121446464,0.21467483524601444,0.18341743441607353,0.3067216333250751,0.0,groundnut_healthy
7.864070296066213,5.168748032255104,3.1355901210935944,4.881442541863762,0.8414093708023573,5.506981546321127,groundnut_late_leaf_spot
0.45420711954308096,0.35538701258759703,0.0,0.29852804986927034,0.44688089869391534,0.8100793424783537,chilli_healthy
6.982847345003739,5.982313542011855,4.10632365360914,7.021691924115185,0.4210431101382306,6.440858826313539,banana_yb_sigatoka
7.691537109424322,4.333063016192238,1.880272707375469,4.803682048317448,2.825846367743459,4.467671803751137,banana_pestalotiopsis
0.4973465756607357,0.0,0.0,0.0,0.0,0.5540989482129427,groundnut_healthy
0.02175733432173304,0.27906975725925315,0.0,0.0,0.1206609674583905,0.0,banana_healthy
4.188553502789129,2.211427787003231,3.1997815396581237,2.2375000008104906,6.271033254855631,2.5147656087719725,banana_insectpest
7.86369426365474,4.54089938873308,1.8900890211368713,6.32253094697837,2.2245285201501104,7.466109536413008,banana_yb_sigatoka
7.121469470373955,2.3319185852102766,2.486425003194962,2.633703119518741,1.4827952378851716,5.29787060889241,chilli_leafspot
7.27084557857,2.5270495441452456,2.512508552517798,5.712446543060983,1.4812600050440432,5.066185468809904,groundnut_late_leaf_spot
9.136169079814245,4.06600352324005,3.506921967481728,5.440573665664532,1.559355278945902,5.345076686200794,banana_pestalotiopsis
10.0,4.176492192935169,2.6126424541414837,7.242086385755253,1.6364430267985592,5.856529492048325,banana_sigatoka
4.576888283522711,3.8411667872447586,6.288008212236255,4.977621324752883,1.6265500529915822,4.690743939367111,cauliflower_bacterial_spot_rot
1.8601346926897264,4.932076832762447,3.6810291003645985,1.3669355622324666,6.662291820415954,5.971168408538511,radish_mosaic
0.0,0.48388943083248115,0.31184660508809575,0.007792286284829327,0.08543676437349103,0.006127715315770775,groundnut_healthy
3.3896445021002855,6.4714962126578595,10.0,1.3170221615929594,0.04346372053002312,6.049109698474707,banana_panama
8.731027058252238,3.9957837209900258,0.3283612379494085,4.256840605373238,2.036769134094233,1.089420521736776,groundnut_early_leaf_spot
7.880494134550484,2.6967226879711985,1.015196576667724,4.752828465643945,4.6496708930109065,6.562768052941676,radish_black_leaf_spot
5.316679342797228,3.278416607289197,4.25363660204177,5.133231110776716,2.1181821164233545,2.1071090956367526,radish_downey_mildew
8.976818034873798,4.121956064240109,3.400661279965248,8.906136611488133,0.17801538502750291,6.961418116785819,banana_sigatoka
0.8861772447462748,6.880329582777081,3.305963935615096,3.71978758597803,4.763937307429009,8.275656980779397,groundnut_nutrition_deficiency
8.93845082736333,2.6132154369463922,3.4605902249905958,6.825579262306942,2.1979730777775526,3.482055624738342,banana_cordana
3.3744800832116963,3.1261947668320835,4.606042259443833,4.96554108284747,2.7381958444198853,3.539721322712671,radish_downey_mildew
2.9377147033586337,1.4897684560725388,2.5452191111301703,1.97173512707371,7.38613586306256,1.4287361843217443,chilli_leafcurl
0.0,0.0,0.0,0.0,0.0,0.5700066432003927,cauliflower_healthy
9.013240976891728,2.3356941099504063,2.6827796950223304,6.954075947754245,0.5450467108150155,3.7557035678771657,banana_cordana
5.692714840641103,1.258904485687185,4.010047176090511,2.5590172001979514,3.5288763002193795,2.9369518175751,cauliflower_bacterial_spot_rot
1.4290454671941186,6.0086656099425495,7.175583080360603,1.3793328427884202,1.908954259177972,2.978398907328336,banana_moko
0.5377974540991651,0.15714465773935354,0.0,0.0,0.0,0.026469734117400553,chilli_healthy
3.463317299545727,1.1883625963572735,2.577751444456181,2.134826844996586,7.766353609088563,4.082500068116286,chilli_leafcurl
7.367152029325404,4.555197204767747,3.6914744635147514,3.7898222872564205,0.0,6.373514039601006,chilli_anthracnose
0.7771889962681486,4.296502786824886,3.6365877582358475,0.11015886503041639,3.519567002805741,3.302795968046011,chilli_whitefly
2.3550140662685797,6.821944889802677,0.9968693312710939,0.4774311423541947,1.5911354636420814,7.592241173573803,groundnut_nutrition_deficiency
6.162247488172752,4.450241889899759,3.4133741290164292,7.467052983519587,1.6283734768509466,5.014395282726303,groundnut_late_leaf_spot
4.465048741409669,1.8587246121660277,2.9509771925287103,3.4112948715622697,5.824254228031094,3.780858122929905,radish_flea_beetle
1.8239657073455466,4.846831916625266,2.2879205177015542,2.466363276874718,5.665598466140908,5.724582975487636,radish_mosaic
1.3433378716808329,4.147748924370081,3.3554214647861564,1.1923111439699987,8.556907330061092,5.909002400712366,chilli_leafcurl
4.150370813986226,4.170567546805362,2.157383246452966,3.459199416610451,1.9118278060713516,3.716890178697752,groundnut_early_leaf_spot
7.616311742878995,1.6390468050258808,1.4454608434401726,4.065202791358471,1.3964764361383752,6.9511735520076785,chilli_leafspot
3.185966422267767,4.920669552943947,3.856114831220571,2.9451552307459457,3.9685510143894636,1.683657843414443,chilli_whitefly
5.940914715646998,1.9275126413406374,2.3774164925632353,3.1820078229616846,1.5291025933700313,5.69433745201693,groundnut_early_rust
3.338853301439418,2.900448343594528,4.247329670676709,2.3487256367141502,7.379015676437452,5.870758060403709,chilli_whitefly
5.928652608131387,4.009249532353943,5.689263621360651,3.4031565602316847,2.857459713756207,6.370865325725146,cauliflower_bacterial_spot_rot
5.348285010583032,3.764331682776705,2.8813950160220276,1.1011049617884576,5.979328580668387,3.683057566764406,radish_mosaic
4.417073936564263,2.1040372392972757,4.4268027382758754,2.2298928754329075,7.607489187167111,4.736766839270167,banana_insectpest
3.0789416273696992,4.279004433084903,4.9356354186153935,1.9278146007138468,0.0,6.895817322250777,cauliflower_Blackrot
8.370465510822696,2.366883188905139,0.0,4.9536178774072095,2.020620620462634,6.868890060893165,chilli_anthracnose
8.666890613651471,7.46491092972317,3.726485405715296,6.567167715588014,2.6369619004072753,5.712171671119541,banana_yb_sigatoka
5.895796643917266,0.0,2.9433182201243,1.6996587310734965,5.2426468213305,3.279283869210384,radish_flea_beetle
9.584661833556513,4.920768835122984,2.173104226738448,7.396940567845883,1.101838550033325,6.82274324906218,banana_sigatoka
7.517846908448121,3.704219081754734,3.1271433922532554,6.915170288179111,1.7480373124902029,6.30326782723246,radish_black_leaf_spot
6.977199585856268,2.823148529762618,1.9095773104885316,4.617568287977391,3.4658016401207306,7.460475981333811,chilli_leafspot
1.4671546397392585,6.093088442040499,3.9112182621564773,1.5088157424959778,0.0,5.02699265764518,cauliflower_Blackrot
0.0,0.0,0.15190929780243786,0.36078125256307175,0.0,0.7266303316605172,banana_healthy
3.1217075570875896,4.095550826165905,5.011328836118833,1.3535284635842706,0.8828873318147029,5.979941440348609,cauliflower_Blackrot
2.239982315398323,3.3321398935134288,3.2415172951120383,3.061205974523874,5.665541379540698,5.204572042800343,radish_mosaic
3.8950553786088697,5.92092167498349,1.4366307368780575,1.6510720523031575,5.443898768625045,6.441124295715692,banana_bract_mosaic_virus
0.21584452513023134,5.536150060922688,8.237350681421333,2.2499870103507105,1.4324424590858333,4.907225895381012,banana_panama
1.6368197476120574,5.203876611336614,9.045089831203038,1.622371005454289,1.1552416080445822,3.1431130733718033,banana_panama
1.0489751138807593,4.862316270239721,2.6059847347765484,2.0389062330041456,4.559644311533068,6.598598516990862,banana_bract_mosaic_virus
4.95578823584952,4.863896624026505,3.557832694035933,5.941728139657226,1.8201006774866697,3.964626261973675,groundnut_early_leaf_spot
6.430668121822807,3.5858750838169717,3.0528750808879193,3.797077492587492,3.6663974241229784,5.17085349501256,banana_pestalotiopsis
1.8085575535455622,4.34091361602491,3.703504675830737,0.6443990488273557,0.41103224020429585,6.6428151338172965,cauliflower_Blackrot
8.816454052382262,1.410734249270811,1.4417272684137976,4.7034603189147,5.4216891743419335,5.26804543366387,radish_black_leaf_spot
3.32981938008502,3.752112887449363,2.735328686075084,0.0,5.251477247165034,9.296837624640144,banana_bract_mosaic_virus
1.9017707043684047,9.135624852358594,2.0962548594808057,1.318326062756479,4.653455570182168,9.409547315034786,chilli_yellowish
4.437144340818978,7.446031231084696,3.0715942724363736,0.0,2.4878846053937185,7.3736744288944225,chilli_yellowish
7.17005286566744,2.275510688200484,0.5931060705995084,3.82583850037439,0.0,3.6670617887788293,groundnut_early_leaf_spot
0.15195090104754172,0.1584261693666448,0.0,0.2204720099613085,0.10411343107678171,0.0,groundnut_healthy
0.1774090590891967,0.2951811040574728,0.17254309300754128,0.0,0.6056327482465065,0.39925245230783446,chilli_healthy
0.0,4.9667403934013095,10.0,3.2240438082825076,0.5642420238195065,7.025282401344864,banana_panama
2.9633126587890066,3.4260543470879137,2.376695791092571,1.019862226087336,5.229998944503716,9.029964476167976,radish_mosaic
5.623860281648141,1.1628868409848243,2.1277327401543458,6.2542490984387005,3.4578608362196412,4.890345743518594,chilli_anthracnose
8.121453934279996,2.266343974831566,1.0678261651949186,3.6836198676403953,1.1099672013330633,6.338847946112101,radish_black_leaf_spot
0.1716759649242321,5.573259176125219,3.1515855275481477,0.0,5.161692550153366,3.8316094599452346,radish_mosaic
0.521801670646681,6.952877861683652,5.070522448536399,2.0516454278008283,2.5429778744682565,8.276899927270644,groundnut_nutrition_deficiency
8.170237155738915,3.6013130039278143,2.227497939918492,6.201255311080569,0.0,4.813450383437089,banana_cordana
5.561175482841938,2.414133056186739,3.025311297420705,4.642719317396895,1.9192670421037585,3.7104067526805644,banana_pestalotiopsis
8.102304972327966,4.140378789382373,4.616756280225396,5.028857322942879,2.9868331269378574,7.10998009312137,groundnut_rust
8.008660575305477,4.912091334866097,3.9498332840733275,6.654211410757119,1.2578825993665577,4.219845147887418,groundnut_late_leaf_spot
6.671389355050674,4.3005159723131685,1.6518968846488744,3.1937189379745434,2.3346843288068144,6.656474519358758,groundnut_rust
5.308681776139447,0.8942051283179038,3.1556828892369753,8.148411730976497,1.9011328549374267,4.156934418375728,radish_downey_mildew
10.0,4.076136074398405,4.512454221768051,5.086407181846646,0.5017655812108786,4.718888651358665,groundnut_late_leaf_spot
9.048787701208258,4.094127095300404,3.2195933395743124,4.998874388318441,0.0,5.283370891854921,banana_pestalotiopsis
7.138234809484724,2.2615292090941477,3.2636836611138946,4.177843562353478,2.1567275214872486,5.021170170482024,chilli_leafspot
1.6317633626926582,2.4287272654800676,1.910409909386255,2.4170305928320532,5.623859518121537,3.723835287670422,chilli_whitefly
7.2773474497687625,2.854750209518954,0.05484794065563148,5.225981002069213,0.0,2.1448542664923504,groundnut_early_leaf_spot
5.718958521649871,0.28998561989317917,2.0149768465831275,3.411581209630928,0.0,4.710806432565915,groundnut_early_rust
2.056525637311176,4.907727356736265,2.5211664821400954,1.4805183926275363,10.0,3.449194647732509,chilli_leafcurl
4.5808207235786345,0.875047174777811,1.7363007061491067,2.382395710610847,3.030796879733885,2.272425291626086,radish_flea_beetle
8.099601262463418,5.34184583171127,1.9263324006736313,7.741016802878562,2.505466687322285,5.034416834838641,groundnut_late_leaf_spot
5.666250451675562,3.2958057341184057,2.597866098196142,6.36817884622552,2.8966488238820483,2.781886969806558,banana_cordana
4.588563873340126,2.8669817875816648,2.2782690466282975,6.915042351209684,1.5169003146685913,2.7851440314068774,radish_downey_mildew
6.524605810750295,4.505692118736857,5.173866927832696,6.6948915610506035,0.0,8.460068190997536,banana_yb_sigatoka
7.814371602638534,5.856652932908165,3.1188173393847087,5.373102325946989,1.3198240186371928,7.973096527138836,banana_yb_sigatoka
4.272441374637866,1.6111181897492357,4.7097305821022255,2.816264432572029,7.368884283663626,2.010465299478287,banana_insectpest
6.371027383404973,2.640223991770876,2.8117137263851064,4.075921553823669,0.7111214059071093,6.3959639099882235,groundnut_early_rust
3.8200937570405804,9.789495157911313,3.1076526829431796,1.2078030960637283,2.9750553793309185,8.967156562248732,chilli_yellowish
1.8694987725996586,0.0,3.7411447981015806,2.46681430776157,8.539267653523849,3.8378439915091573,chilli_leafcurl
8.878277683081258,5.505422442857428,3.960842337054692,8.471814002084882,2.6704686043333825,4.81222714865221,banana_pestalotiopsis
0.16692998328426734,0.7156833909155917,0.5408833638364143,0.0,0.31103499515302435,0.6644666597677048,banana_healthy
7.132197873404729,5.439927496416566,2.0451388037752665,8.095788757913546,3.232581243071781,7.97003145959885,banana_yb_sigatoka
2.872138974272206,6.408073934643901,4.401760349367329,2.5640330835155893,2.566707881699223,7.138185764605331,groundnut_nutrition_deficiency
6.906560533672735,3.1716685201153543,1.7797516135802414,6.862058882209789,0.0,7.381998699656971,banana_sigatoka
8.027998143843288,3.232825205406959,5.708102966602519,5.192845461534154,1.338971035605606,9.204810449835678,chilli_anthracnose
0.0,0.0,0.8173027558806008,0.0,0.0,0.0,chilli_healthy
5.634532590690514,1.8489448071270917,2.2600423893314487,3.6896675292903143,0.5225049116583581,4.519396096494965,groundnut_early_rust
3.4948169583841886,3.10804990064035,2.95559028711212,6.9907418835220465,4.019466066737397,2.2154149171482747,cauliflower_downy_mildew
4.172837082375072,3.0217421731510457,5.138428935241767,7.557340276475571,1.9645908816571145,5.7561227851131935,cauliflower_downy_mildew
9.137014290290681,4.809633973370344,2.257961975947044,5.046127623597972,0.0,5.184838210020305,banana_pestalotiopsis
0.0,0.1121082021453965,0.357304895318309,0.0,0.5795370324779489,0.0,banana_healthy
3.1574917936039846,5.5981495165537405,4.110005659405316,1.6233573287362075,3.531424192606184,7.44255556954996,groundnut_nutrition_deficiency
7.771772241920803,4.1444535064914865,2.462826997833799,5.581222041767343,1.4217068403428454,5.001982060558923,radish_black_leaf_spot
7.482584335580513,2.437826819121705,2.5357361399657328,3.8739981965150543,2.0960829459154295,6.325115680712802,chilli_leafspot
0.2625723293941357,0.679859106500448,0.43712008461662083,0.0,0.0,0.0,cauliflower_healthy
8.35057861054256,5.336283135202994,3.3506025938487913,6.137814108333304,3.042558005966659,7.027725215200877,banana_yb_sigatoka
4.389208252017842,1.3607294021397158,5.007596637317427,0.370978952189678,5.919194340985024,1.8429599142921065,banana_insectpest
6.76630159927026,2.222071734992805,2.5719009763800718,5.088811535273221,1.1841054346047024,2.560454858031184,groundnut_early_leaf_spot
1.6163851053866507,3.915844343130787,1.792043912641448,10.0,1.6548649402220086,5.571327756935149,radish_downey_mildew
5.085704999097312,2.869381649917006,6.239569081896837,2.428028134750001,0.0,5.743880763494491,cauliflower_bacterial_spot_rot
1.2118755699779404,4.011427409002418,2.0511916320928867,1.424279376088556,9.87897183508572,3.387067369714633,chilli_leafcurl
3.4116582368328516,4.559376556593945,2.0818383994684555,2.5116413827682686,6.430064362882035,3.847073035325463,chilli_whitefly
8.564016393495994,5.124058395454514,1.8162714010809042,6.620190318989341,4.587619558075158,6.543166451445889,banana_yb_sigatoka
6.5223596886873985,2.8399718692899683,1.912204657108241,6.00843815741946,2.2292741807375642,4.821614445642389,groundnut_late_leaf_spot
4.301373029828745,4.745732562562109,3.440057238189225,1.115718377321841,0.9329242400636854,7.9056910448374165,cauliflower_Blackrot
3.709584192688612,2.862251264280949,4.644031651651473,1.4553396813811132,3.9207521583897242,3.7322931093474234,chilli_whitefly
5.01335905722801,8.976082126011306,2.6249195303744077,1.3731680889750622,3.4516404446389304,7.4638991070051155,chilli_yellowish
4.300043155632619,5.464602351952165,3.4550976079463247,2.9032527213272896,5.319949821497105,5.333143746543015,radish_mosaic
2.154280364099704,4.447117379685747,2.987667523299987,0.0,3.237883372762588,6.070975130768979,radish_mosaic
1.3729283690865495,4.876031580000202,2.421953439327787,0.8293136961691565,4.723409915886299,6.187482898724862,radish_mosaic
2.3830357335705443,8.075623754530925,1.6905557059017304,3.7254763920421183,3.4284053103594743,5.363756963526361,chilli_yellowish
5.346229427476565,4.7840488664207115,4.235357750828689,0.9151180523167997,5.14124736993583,3.309571177465417,banana_insectpest
3.5182942579681606,3.8835483454646536,2.513306178051461,2.999502083745591,4.551755587350063,4.751069873524949,radish_mosaic
9.132421963764665,2.922144320435668,2.2096034668778888,3.156851241869521,1.9177519564073413,2.585600038272669,radish_black_leaf_spot
0.8056542196704071,6.526095239395974,7.9392013719042716,2.158996572194775,0.5422127022110887,4.415407867913962,banana_panama
7.627419722824892,2.754889754212412,2.858438898997579,5.350597083857398,2.5947033710116485,3.9376069267947935,groundnut_late_leaf_spot
3.373803350214222,1.9065959279701865,4.46956647745821,7.539826377291336,3.014487868138467,4.643028330986366,cauliflower_downy_mildew
2.351916533236301,2.623882567434503,6.242581408652624,2.503646730028719,7.331897806709258,3.0102672969892197,banana_insectpest
3.3240595361342353,5.678349532671297,2.698974406526766,0.25167494537512414,6.041665585073332,3.5960419346908705,chilli_whitefly
3.7384589125077534,2.7193104174661267,5.226142287642416,8.453871542517811,2.575412675529564,4.647585729214084,cauliflower_downy_mildew
1.5677745439213444,5.156506274352519,8.714631555088872,2.5597175448947804,1.6248273957072024,4.704560577400754,banana_panama
10.0,4.321562559052886,2.7896378202816643,5.91977657093818,1.108414516793494,4.081299448715752,groundnut_late_leaf_spot
3.1979857661838382,1.9267091943771486,2.7298712396300164,0.0,7.240551557696475,3.7306864275055585,banana_insectpest
10.0,2.4456896551994554,0.574936199869952,7.694691781682961,0.9227948231450002,5.453793859255484,banana_sigatoka
4.63770611661453,5.521116379906486,1.2880209470275834,6.598932608158729,2.153512642849495,7.76287183172866,banana_yb_sigatoka
8.720139746293407,2.974298046057196,1.359054030064525,5.351749308554989,3.1686676838480996,5.411579560839582,chilli_leafspot
6.243099451318441,4.025325301368667,5.655678742000726,3.5697489669248683,0.2598041995559577,5.758753473760038,cauliflower_bacterial_spot_rot
8.237860793264984,5.390311397875498,3.1782574843111666,5.637920335249637,3.1196799268651825,7.076250285473125,banana_yb_sigatoka
4.306444327527856,9.021145573172223,1.1263884202801338,1.6625085123959953,3.075187373922956,7.538761066684256,chilli_yellowish
8.69162722113657,0.18930375551124223,3.9114224772463846,4.2046792321241515,4.632353991539892,3.9368359010310456,chilli_leafspot
9.702842733640717,4.35202244358758,3.875783234721157,7.670305065215903,2.026266585397802,5.380342408380939,banana_pestalotiopsis
5.311970249116776,3.368836583412512,3.084890666149223,3.9927720048756985,1.0191084660723404,2.1746825173152695,radish_downey_mildew
2.957801996848788,2.024229485878797,3.6534221401759552,1.6254649708767293,6.96696584854402,2.408171475493677,radish_flea_beetle
8.216366061605004,3.8526371564497532,2.2910179822902847,7.494049209867908,1.9381889674952864,7.450431635373368,banana_yb_sigatoka
2.5384438415145194,2.380993475027781,4.22921544238299,1.1942029832630165,3.69556360639847,3.255708689842765,chilli_whitefly
9.59651881325458,3.8552953738318365,1.3918501252142572,5.417185506509943,0.21456595581125248,3.649776677922606,banana_pestalotiopsis
0.0,0.0,0.0,0.0,0.0,0.0,banana_healthy
0.0,0.0,0.0,0.09178030995695542,0.3308192508598239,0.0,radish_healthy
6.442459243241928,3.2413915870474073,2.3399454458553706,4.689314031555107,1.7040325617703296,3.4301156120529708,banana_cordana
2.692836230127994,6.845608664377533,9.688321695070101,2.419057806498219,3.1463230846486465,4.953508526012548,banana_moko
2.5745854267757924,6.434735715538126,5.579854927147226,1.241999496984131,2.538239496203564,9.931843028616882,groundnut_nutrition_deficiency
1.4164440673945435,7.831181580340405,3.0126168813707337,1.3958187883186033,4.1647250119420445,5.450967272142644,groundnut_nutrition_deficiency
5.066389305160136,1.6328259935189395,2.8215499955742693,3.7073164616789898,0.6603740733532861,3.9891324836524227,groundnut_early_leaf_spot
0.11514411580244976,4.998978181520852,6.280737487020861,1.5790661532781352,0.7267364621970966,6.8585917161233825,banana_panama
1.279571966883712,3.2195455313079626,5.106373284759965,0.6027373974995708,10.0,3.620660463243507,chilli_leafcurl
3.604579181595627,2.5200519128683814,2.3401756721670997,8.548037074988116,0.6455683990848089,2.8189926619449475,radish_downey_mildew
1.8337853064713303,6.491331949213177,7.633773385423098,4.256294153385767,1.597707101758368,3.3907223440381173,banana_moko
5.975222607242342,2.910487697813798,2.2730297110147673,7.070080954189961,0.5659779836133738,7.400296515347919,radish_downey_mildew
6.277320420095172,0.8625287392772165,2.9988123454101014,2.9168357378874314,5.148638181748425,2.2406939641379533,banana_insectpest
3.3284872530089857,3.173829948427016,1.8856047874500401,0.0,4.274034551201876,5.207474647305498,radish_mosaic
0.0,0.2758703999554602,0.6001308748694146,0.0,0.0,0.5769503671278736,banana_healthy
7.0868158516271835,3.1461349529526457,3.0257983369864334,6.284421141286247,2.279586400977709,5.2198869149588,radish_black_leaf_spot
0.0,0.3576307668502024,0.4805129042873674,0.0,0.0,0.012803077563997059,radish_healthy
8.95390773665067,5.618962126136116,4.269804112588922,6.564611816854268,2.014235215016941,3.823054389903729,banana_pestalotiopsis
7.995445318276869,4.477094509058563,0.0,5.388114378957174,0.9116175684906918,3.150181524521186,groundnut_early_leaf_spot
5.509823640598654,3.315986201710895,1.0940818278701667,3.7573063122352157,3.354763041682502,4.882746932161648,groundnut_late_leaf_spot
8.1685110409338,3.522498783277129,0.0,1.090882155163257,1.2749450622667102,4.423347889271869,chilli_leafspot
2.558220399612997,4.761582661317922,2.5218521156123397,1.3012374422840485,5.285595270308307,5.250363160445117,radish_mosaic
4.179104857573543,4.933477185050969,3.6963626758259727,2.7564366914321576,4.24520206902624,8.078031586384348,radish_mosaic
9.356809757425413,5.081279432204348,2.1097278838522713,5.172658115145348,2.931744119787784,5.087962435223822,radish_black_leaf_spot
7.780540111043367,1.1963036378882186,3.262337141267502,3.8023272472227045,0.5392344736571781,4.300240247502034,banana_cordana
4.590005585934766,3.8331979954205746,1.6689153142751123,4.831537110920124,3.722789933991344,8.226144315715139,cauliflower_Blackrot
4.067831386381122,4.343654179601313,5.118673413152712,1.7033775615747029,4.8533574187511075,4.452459130874116,chilli_whitefly
3.2153219340093084,2.0327760558217265,3.943155156946677,0.10138788398464738,5.871521300218776,2.3270869116241677,banana_insectpest
4.794372865350102,3.775937162386721,0.6008959964516472,3.1750280483157693,0.5663300313185022,4.809285761268338,groundnut_early_leaf_spot
5.50346672637778,2.2493539676823957,2.132932693847404,4.979323922946899,1.7487883251299126,6.009635421013401,groundnut_rust
7.99514305238104,5.074955461883114,3.110338271260198,7.202381641132234,1.81162845720989,5.954775455109314,banana_sigatoka
2.1515770393798404,6.437042974947509,6.8085607986973455,1.2657536827053295,2.7995236064522278,5.693574228367469,banana_moko
2.623215817089407,6.839286695603093,1.869487821851771,1.4820540665187298,6.828172790053335,6.5185354337369965,banana_bract_mosaic_virus
7.470157604995732,3.4314226578398865,2.399746468330645,5.30408439825952,1.9283902101397292,6.032890910284328,radish_black_leaf_spot
0.0,0.47257736783341486,0.0,0.134230949933366,0.012877675461631412,0.0,groundnut_healthy
3.9395320421757902,2.5254465739392264,3.6104423971708743,2.9726235671424925,1.6044049281546071,6.909696012356808,groundnut_early_rust
0.0,0.4432295510682262,0.07909175042360338,0.19080911954990898,0.7202526617750762,0.178283438788099,radish_healthy
2.3516602265821303,5.828377898730086,5.353764096546321,2.2549641416415893,3.7431807715195076,7.053090130472621,groundnut_nutrition_deficiency
7.605736097851643,2.869998183156847,3.7507757801982065,4.323308142465882,3.6797585809314413,5.329443425099938,chilli_leafspot
6.810507926209514,2.8415615875023366,1.8548015844158556,5.6488337934744735,2.8057876588481268,6.5987370929236295,groundnut_rust
7.318434819279554,2.3006896108661015,0.0,4.838865005376435,2.7072977633199278,5.111458482689911,banana_cordana
5.7051494385527075,2.2124480207396666,5.0781911120663,8.639962608083781,2.5689296015829775,3.1384995638607656,radish_downey_mildew
4.133662740386334,0.6951902780906303,3.293742105559886,2.5103705233865345,4.824459216068592,2.0956203469123906,radish_flea_beetle
1.6813725662799814,0.913596598982177,1.2536532289185414,2.044213809696125,8.376209733391754,4.226128096504908,chilli_leafcurl
1.204851489264984,5.684718402311791,1.0840890121489797,0.0,4.046949074540205,7.057701935993658,banana_bract_mosaic_virus
7.934033291399965,2.33857714040576,1.0181613398932314,4.995950651106858,0.7957784529700859,3.4561263408072698,banana_cordana
0.0,0.0,0.0,0.2459072005439813,0.38669990803380566,0.0,cauliflower_healthy
8.374474558072086,6.029924516218246,1.4844444757592128,3.706608809687415,1.3190632625259782,9.161834089398623,banana_yb_sigatoka
8.280314097513891,7.540163665956625,1.996566179154995,5.681005961223609,3.2927524076188313,6.97856541413472,banana_yb_sigatoka
7.809096002757664,4.9153991700093815,2.810298446450506,6.244975925409666,2.6422581771316342,4.483188329647741,groundnut_late_leaf_spot
7.801999875527393,1.6446173068855152,3.37574810063159,5.801101952571929,0.0,4.654464490221859,chilli_anthracnose
7.019177112815957,2.58930584382385,8.003885366083386,4.0293756038222925,0.8447977587091695,5.239632160907307,cauliflower_bacterial_spot_rot
6.118490107842341,2.0276970755827426,2.2406830366771313,6.378364819314458,0.0,4.074015819817566,banana_cordana
10.0,7.197412562679065,2.7684223586871726,3.8614619016182057,0.0,6.263154206140706,banana_yb_sigatoka
8.229043614357881,3.861537110005402,4.450123201165728,9.133496770572345,1.2017737511199855,4.8837479273727995,groundnut_late_leaf_spot
0.017529208935556897,0.025483858799840636,0.33996993641737294,0.0,0.2129915608925183,0.0,groundnut_healthy
2.9059783329328956,7.6452044078060855,4.213569801024705,0.4824197793022098,2.5119231713743098,6.757843476398069,groundnut_nutrition_deficiency
0.0,0.25712737800891744,0.28602872085707204,0.0,0.5621766799352513,0.0,banana_healthy
6.583963147373773,1.6060231372354306,0.5596154573632199,4.148025750648596,0.0,3.840298686495175,groundnut_early_leaf_spot
1.6969182183282077,3.502660181642181,3.958893564717962,0.0,5.47194661596362,7.156888692743309,banana_bract_mosaic_virus
4.338156302199378,5.691339379722601,3.86263610344884,0.39744164786225755,6.511282163590549,3.868802706000019,chilli_whitefly
6.568431954777036,4.528728513889019,2.5542455746947774,3.868821303645729,0.8228639275839567,6.075023643263092,banana_yb_sigatoka
4.313474945536555,6.483787414621013,6.244166431385566,1.4009576020688836,0.1378192178066603,8.940158777989682,cauliflower_Blackrot
0.48921105601401754,0.2610712729669679,0.0,0.0,0.0,0.6652874520195201,banana_healthy
8.167582009059076,4.078029557426536,3.9759364872775116,4.987375347090121,0.0,5.188187619317832,banana_pestalotiopsis
6.9404183388436405,3.009046356549121,3.785775845237787,3.782819543923055,2.1720635158757853,6.1608841511393,groundnut_rust
3.4745633280547006,5.454989132898375,2.01823893403479,0.0,4.402082688270501,4.2121568572179005,chilli_whitefly
9.572727095376155,5.405322366003471,1.4921215968654775,7.547043661688248,1.6182097980584853,5.72087961817471,banana_pestalotiopsis
5.509800174980692,4.039018842620983,2.9258892915643737,8.051772823568554,0.0,5.452272069894596,radish_downey_mildew
5.725439532921147,3.311000965107174,0.8975667668959268,4.3151233771290896,1.766824570562782,4.200484684128758,groundnut_early_rust
5.151480739450845,3.4634712769254983,2.567154599460512,4.736375545971392,3.3835210123697275,5.170398166604668,chilli_anthracnose
3.1416332567325824,3.269646055040722,3.088488943447854,3.2032656982127765,5.22380746026008,3.2719007148327695,chilli_whitefly
3.996479398572168,7.366291751837624,8.704870039767215,4.697024745997308,2.5368727244827705,4.398519070651744,banana_moko
2.1672214494787143,1.2400040941637163,2.259773600275707,2.0160668065250125,10.0,4.94058808689599,chilli_leafcurl
0.28230296294680013,0.0,0.0,0.0,0.11265396102047079,0.0,banana_healthy
6.865512032965794,4.282554666189168,1.146998193798507,3.206016682873547,3.840614126043554,5.217588405484291,radish_black_leaf_spot
0.0,0.9144548162185892,0.07291813312098516,0.4028457369611246,0.07146106284497938,0.0,groundnut_healthy
4.889852183824651,2.6169762891611654,2.2189991733352397,3.6725451035397687,0.0,4.093499580326368,groundnut_early_rust
8.350079270453971,5.256933178743361,3.586956667979145,6.0662047654457565,1.9992698212132527,8.435952544992691,banana_yb_sigatoka
5.999684158479789,2.8399257733952794,4.570701971227423,5.67871529570102,0.8494353747550865,7.88880869720287,groundnut_rust
2.311859353098108,5.938187446132773,0.5156591469463017,0.0,6.626329878740277,7.356381607879824,banana_bract_mosaic_virus
5.169212422515886,4.515100924112619,1.337770224929064,8.069839142801904,0.3229028816111337,4.221461563836445,banana_cordana
7.398376396682817,3.2285996157348795,2.8513421805668475,4.477416355316188,1.6157269578112992,3.6885439868992993,banana_cordana
1.6547515333406282,1.5394964229043888,5.533935862101567,1.6273200908400618,10.0,5.625871517826207,chilli_leafcurl
10.0,3.366998026038705,1.6686533334645364,8.055253693531528,2.055153123258721,6.708900356452247,banana_yb_sigatoka
7.280543094148897,1.1329252245556474,2.3970562786573484,6.00023475393071,0.0,4.448867883817087,banana_cordana
2.215546727158308,8.614177144542898,8.431686770152146,2.4016393250538584,0.8585787555344526,4.5898138157046375,banana_moko
5.329140458847011,1.7909988016628164,2.0559676092819643,2.0984879271794936,3.7853706092850845,4.229574770528652,radish_flea_beetle
0.8774665358236208,0.009200815391719065,0.11263205862377476,0.3463613775584297,0.0,0.8512573290648028,banana_healthy
6.5810504633055995,5.719938607264234,4.028091811012646,7.716847197168758,3.376375160937145,5.710780762552954,groundnut_late_leaf_spot
7.093591016327329,3.0727784519511627,6.202659309867906,5.7645580079051015,3.638069985814669,7.020792005022885,groundnut_late_leaf_spot
0.792585190223067,5.477082603635257,9.530780241797382,1.0991244715932815,0.0,6.130899564419798,banana_panama
4.362150316783447,2.3850079309429177,1.6144356613383264,6.943272248262021,2.9170251393626767,6.367029727656286,cauliflower_downy_mildew
4.128012041287701,2.1666389578385834,1.3732398179845406,1.9542642296839476,2.354048716171489,2.911311122746843,radish_flea_beetle
0.33341301734032003,0.0,0.0,0.40285764238834115,0.15302768302613656,0.0,radish_healthy
0.3756388525713051,0.14746736755506798,0.0,0.09106743550558823,0.6798859466641568,0.0,chilli_healthy
2.470044546443199,3.686622702705227,2.5584000718591198,0.6756812489769148,3.844265664108463,8.356071097610506,radish_mosaic
0.25204691597197093,0.07682456464830946,0.15956042093427067,0.593525575333191,0.6117898298796368,0.6674733641918216,cauliflower_healthy
4.078015350090634,5.56592824480964,3.342583395225664,0.716717135317404,4.677067036963639,1.7948179387403902,chilli_whitefly
1.1408259182694214,0.0,0.0,0.0,0.35635601443066567,0.0,banana_healthy
6.631096561545362,2.7988140778590003,3.9511980802081013,5.362787296917528,2.0528272792948163,6.108298993376475,groundnut_rust
1.5797079981105628,8.559069309215554,3.3498123264744133,0.5908729833318814,3.8874375440205013,5.296629137676636,groundnut_nutrition_deficiency
6.802943459150207,0.7337719047415128,1.7156934719827006,5.953911221208734,4.332821180000529,6.440598486051654,chilli_anthracnose
4.144141557871034,6.786998076031401,1.1567043875541279,3.8962203995293874,4.648086992447345,6.89625611276683,radish_mosaic
2.989092865703906,6.723081153860067,7.317218219340564,3.2777404189822055,2.621747783513169,6.457438493086016,groundnut_nutrition_deficiency
3.1930172847923965,2.267925003104313,1.9093339688376698,1.3447498414199346,5.689454559581719,3.162406017470749,banana_insectpest
6.425569373272971,0.0,2.971354838028657,4.110114489327791,4.026586630763212,5.297465974896038,chilli_anthracnose
0.1613353153710057,0.5527965726447421,0.0,0.0,0.0,0.1025924453680918,chilli_healthy
9.248567324134282,3.7128722234177785,3.7737454713193808,5.221123855605077,0.09838543647595566,7.824110089189322,banana_sigatoka
6.268415635794667,2.856698796129408,3.3589077319866742,5.496996068281929,2.3855082971310293,3.703496203956055,groundnut_early_leaf_spot
3.951310637753559,6.291355925244023,1.6071575708674977,5.575803744509617,2.68574901035171,5.134257174700458,groundnut_early_leaf_spot
5.089029692417322,3.60790649207069,2.6845410323575485,2.2776876215328987,5.557953974607316,3.273536714475131,chilli_whitefly
0.28789498862589136,0.027487935781142628,0.0,0.07056744537264939,0.13350516671508722,0.8949682431531413,groundnut_healthy
6.911725030951015,3.444736766337427,1.3529245558525198,4.607534165785105,0.45621052757687797,4.075678035385744,groundnut_early_leaf_spot
1.9447894055448658,9.733549376685893,3.2814840239238405,2.721299285729317,4.214695089183486,6.221864015953694,chilli_yellowish
2.092841969177142,3.9664589584060836,3.8277488927235885,1.6466920524215904,4.755304614808252,6.77159358629967,banana_bract_mosaic_virus
4.353305400067271,0.4033173805758221,2.521532858658708,3.77861704874958,1.4063501891639203,4.696876415515389,groundnut_early_rust
0.02066341593850158,0.2774835824993065,0.6717732533110257,0.0,0.0,0.008018331506739172,cauliflower_healthy
8.104929474532948,0.5889682752953065,3.1761099442375476,4.420050966999671,1.5913407687082326,5.21962152615231,groundnut_early_rust
0.0,4.356744513711968,4.121697755449617,2.26955877902729,5.87181790248174,3.428478449352461,chilli_whitefly
6.742443146288556,4.335617332722762,5.544171760995414,3.2311419299084863,2.920846593471771,7.99980564450509,groundnut_rust
7.932581682387844,3.976427960448874,3.927616447436373,3.729415995277457,0.268510672272246,4.138523088881575,groundnut_early_leaf_spot
6.569991817574533,2.2229498332378093,2.893030365799924,4.782530992138277,0.22075235401428883,5.585564838727614,banana_cordana
1.4110109804271698,8.07452906913799,2.19206024306523,0.0,2.4878503255217694,6.12925189763543,groundnut_nutrition_deficiency
1.0854686864590573,0.034338912896881055,0.852671371325885,0.5988396122667546,0.0,0.0,radish_healthy
1.2843309083635546,3.2949272177318685,3.7561977652183853,1.8072160563607107,2.021179214208118,8.908765068529696,cauliflower_Blackrot
0.07692711443674949,0.0,0.0,0.20783168626930312,0.5079282594964887,0.0,chilli_healthy
3.030520057003134,2.818364515709109,0.0,4.858149865314864,1.991394546822408,3.0209472169069937,chilli_anthracnose
3.2345227897081763,7.602022054202546,8.297990171019059,3.0937412822832195,2.4802830266321303,5.241983486155106,banana_moko
9.891629055549108,5.814458338347168,3.711417117911995,6.619934230292159,2.8352508933157834,6.1827450960039165,groundnut_late_leaf_spot
0.6115415335476625,0.0,0.17625248417843978,0.0,0.0,0.13502867919571104,banana_healthy
9.720350023785135,5.229740859148823,3.7946025047369996,4.201637403420945,3.4330573796167903,8.561322475628911,banana_yb_sigatoka
0.5448101991696215,0.0,0.8177998650510474,0.0,1.1951472524753477,0.0,radish_healthy
7.339877122936558,3.294723380469499,2.4314277923363865,1.091503218066427,1.9150126969167964,3.304791316509021,groundnut_early_leaf_spot
0.0,0.0,0.3134215537239102,0.0,0.9625379149315445,0.0,radish_healthy
6.441705484997103,2.3263719149712636,2.528689257099829,3.1977956904441944,2.047837048989903,6.9401617274507,chilli_anthracnose
0.0,0.029011367404197613,0.4242154411026423,0.0,0.0,0.10564184613973636,banana_healthy
4.964961570299505,4.877616309406145,4.321614047451556,7.836537697438995,0.09163891828458004,4.389577485903832,radish_downey_mildew
6.413161692733901,2.394479854021469,3.924758057442831,5.421503155546723,2.034017848950605,6.574547851010795,radish_black_leaf_spot
8.50746561332963,3.1702536511541943,1.6213918564609637,4.017257066031535,2.844192227253406,7.193292337461156,chilli_anthracnose
0.5624402849392862,8.064495731735544,8.344128934859103,2.823353665577283,2.677810830320147,6.962957367362978,banana_moko
7.849857307907868,3.279859357516202,3.1437639606958943,5.344548998242189,0.26507515043147456,4.433804230247322,banana_cordana
1.695216111708131,7.6944322542518995,8.246227512996986,2.1187205444346606,1.4060289303231515,4.8089063919254125,banana_panama
0.21645981300150308,5.34025276843436,8.621680399300493,2.321660513107704,1.85820926815367,5.938657568381547,banana_panama
4.272960086167137,6.079473652085969,2.7780953182987256,0.6968441951099524,0.1585005467151085,9.171366428080304,cauliflower_Blackrot
8.186186411438428,3.5220603597489415,3.141106355864643,6.181688875286422,1.3052578911812924,3.924358942609783,banana_pestalotiopsis
0.0,9.05774192039915,3.744792571972579,4.251131978165243,3.783042835622634,6.748053907921531,groundnut_nutrition_deficiency
8.638394497930985,2.756042106507834,4.425110181621616,4.82038286250162,0.8388122860537743,5.636087066799953,chilli_anthracnose
8.851293176703926,3.831335817397082,2.2425106365111596,6.719340823586045,2.462853008637743,4.02813188109271,banana_pestalotiopsis
1.4374737728265483,5.183791828382459,7.458735556712983,3.7710549806047586,1.5897346130732823,5.725102762893949,banana_panama
7.333196378977728,1.4580228363728693,5.773564304107499,0.8063194413217087,1.949744120040402,4.549547662713989,radish_flea_beetle
5.7642369305381695,3.905632500370296,2.862696604644018,2.5839713030817917,0.0,4.985178510900293,groundnut_early_leaf_spot
2.4347561643758646,8.540765830700636,1.9791312113440853,2.190998312385666,1.8692865673272472,9.246938392970469,chilli_yellowish
7.2311073611412535,1.1435364939328112,2.347807948468506,3.5696035921564486,1.0172017118317762,6.108004330042983,radish_black_leaf_spot
2.316122496705473,3.6556989088747893,3.373954588469676,2.8332792105766846,4.389819711177755,3.204884532744836,chilli_whitefly
5.627528551215206,3.1302716469318277,1.9601240112266471,4.750259771272952,0.8457549862732832,1.7417811454028334,banana_cordana
8.581681577562708,4.637841807924497,6.036443602370028,5.726528929480999,1.7230566174767334,6.043615997423347,banana_yb_sigatoka
3.1858343063859196,0.6654777272623904,1.36203419584763,3.5008791330438345,0.7335758195439724,5.4115208969250945,groundnut_early_rust
0.0,0.0,0.5280151857828569,0.0,0.0,0.2534056988315246,cauliflower_healthy
6.425395052789915,1.9646690831482554,2.8321746942967923,4.529584832097044,2.271923660855946,4.740407139492037,banana_cordana
8.421689679098936,4.434796725341439,1.9897125291354796,6.2100433206015335,2.6199024295750006,6.355560243962103,radish_black_leaf_spot
0.2966682998156817,0.13092860362286265,0.0,0.6392426037258361,0.0,0.0,cauliflower_healthy
9.790358343348611,4.278633405570793,3.194498228539369,7.690674310996438,0.6459325722332294,5.444572457142744,banana_sigatoka
0.07507333066905099,0.2810514200164954,0.0,0.10064014488395574,0.0,0.0,radish_healthy
0.4782358340296249,6.79808903861495,8.08204587916119,0.90423992930516,2.3979772005509155,3.7434109175716825,banana_moko
8.896474700108815,5.099194675783409,2.5326977600610947,7.7979738524996165,2.8348240532913502,5.151278861408597,groundnut_late_leaf_spot
4.477617558121236,2.5641424193474815,2.8662626209461783,1.912028261463027,4.477293958536234,1.7601412823729787,radish_flea_beetle
1.6612204722715593,5.119821519986065,8.639008852761242,0.047225926463221546,1.2243882516695972,5.946872016186421,banana_panama
6.123103773306019,2.996349015080631,4.288717309207975,2.806803045300935,0.4028144941170837,5.903030795793013,radish_black_leaf_spot
5.617002620138198,2.2080551842240825,2.32518585762464,4.034924880578093,0.3881025977940731,5.501378695622683,groundnut_early_leaf_spot
5.705765541611191,1.4272250588347528,4.991293161841207,3.6259508890393426,2.7940839345163373,6.273824746753147,cauliflower_bacterial_spot_rot
0.21526480583851718,0.0,0.0,0.0,0.3600817163841343,0.11451648029906915,groundnut_healthy
1.2917615861661869,5.435755993457627,9.734798656803015,0.8256939320136147,0.0,3.842142312709071,banana_panama
0.0,0.0,0.0,0.0,0.0,0.0,groundnut_healthy
0.0,0.0,0.9354825876858911,0.19480708868545193,0.0,0.26731454306121766,banana_healthy
9.026241809297915,4.317148252183901,4.5765386118861695,5.981434031127913,0.9584294929660018,4.743688109353949,banana_pestalotiopsis
5.213697879992809,0.83214476198971,2.3584988788134567,4.1156500303737005,4.930154231525155,2.4572966751493155,radish_flea_beetle
1.2779520653247238,7.222733821410725,1.9838033303144793,0.0,6.987053894523827,5.534987620034773,banana_bract_mosaic_virus
2.9527221450926113,2.2563158894771793,1.548810638665904,1.3632925510060507,9.307633180486159,4.700475233826183,chilli_leafcurl
2.5827127040528026,0.9541872868002113,4.7852261356842165,1.674053233502132,10.0,4.438192758970203,chilli_leafcurl
1.76001215309978,2.9764715529909465,3.700418399875279,3.9758035820174085,9.042462014018419,7.122545641481545,radish_mosaic
0.46244639386002995,4.542232636933628,6.350063068526097,1.7232963217716646,1.1630313088979882,5.936993917753617,banana_panama
2.759338239327542,7.724831429365275,2.2182395060701943,1.2978647035604034,5.448766920551707,5.98018675664225,banana_bract_mosaic_virus
9.101321837354165,4.627524636229383,2.2117974375666836,4.706021920044927,2.4307011004887915,5.752248130566119,banana_yb_sigatoka
2.7544766579115647,1.7748835998900656,4.6411815647231665,0.6874832962058642,8.636670545849354,4.792586778814837,chilli_leafcurl
8.269549637387472,4.200091869054277,0.4805245651169314,3.208493088421868,2.5110374931666786,6.72868915748914,radish_black_leaf_spot
0.6186869271791251,6.139894214414957,10.0,0.1921591637715212,0.0,5.295461675255823,banana_panama
3.0251210738940344,10.0,2.7504628813511416,2.919365101432013,0.0,8.593065580851084,chilli_yellowish
1.6461229860111126,4.166749081200134,2.4008511848414313,2.467057000391703,7.885505683022411,5.4391195446589755,radish_mosaic
4.327329131976066,1.8890953042068959,3.8926424628395533,1.602682412111553,4.263989768710125,3.283794597177906,radish_flea_beetle
2.8090206341547264,4.140326847559105,3.233217935119987,0.7036795282631687,1.4560809286885985,8.685323154309643,cauliflower_Blackrot
4.639028178073628,7.164291988904074,0.3331492610269593,0.6611843531472406,2.4369944916008057,7.9542990008407335,groundnut_nutrition_deficiency
10.0,2.9673215154233357,2.612349157472392,5.559315599040857,1.4943718306754699,5.745616087962922,banana_pestalotiopsis
7.109136355483119,3.86080351321416,5.277464751190447,5.863424953903491,3.302266716393958,5.046266202541181,banana_pestalotiopsis
1.4617485961665664,7.286265944528487,6.451326293664538,2.8280893015629687,3.3158565418763044,2.370495378601663,banana_moko
8.895118669428538,3.8357881901702817,1.7429606627556,7.934774568028443,2.1440766748777715,4.1471072241343,groundnut_late_leaf_spot
2.2569124929562445,3.505113465545614,2.207817111021418,1.462380855674604,4.939371076558641,7.184470127134634,banana_bract_mosaic_virus
1.892313124421307,4.676607493155216,3.9084662179125007,0.006102812986409578,2.0323990713000644,4.679209492877122,cauliflower_Blackrot
0.0,0.22485630374825424,0.6651717537448594,0.9439294939793194,0.16561137992993816,0.2534012972762371,cauliflower_healthy
4.580507285066461,0.8767251323983736,2.4694522871689015,0.08514733616715953,5.398978630522172,5.911059273105473,radish_mosaic
9.158392000593352,4.8452034518248945,5.222448053776404,5.4986603849836575,0.682866821269128,4.566046268752945,banana_pestalotiopsis
9.73587594950164,3.4481688852218317,2.4844380257669894,4.438668880330386,1.4852231391530963,6.157723873162935,banana_pestalotiopsis
4.25430949683712,3.153997303715216,0.4749650400818979,2.035541104800874,4.655706964917462,7.153791948238094,radish_mosaic
6.311346680594972,2.6177199983270008,1.9588240031002293,5.283630018087529,1.7073998086097666,5.796059658616862,chilli_leafspot
8.824128884604026,4.229814315266791,2.3167782917026347,6.710001659631757,0.9707201880739766,6.538249571675115,banana_yb_sigatoka
5.647748880045319,1.3840710358463872,0.14503558840926067,3.1557308787931433,1.646851109275132,6.181929682373475,groundnut_early_rust
4.627244912195743,2.7931287602289223,3.0977047871241714,4.42777252560339,2.777127179080485,6.59224475304452,cauliflower_bacterial_spot_rot
0.0,7.894181037141781,8.160999699195012,3.51401046079287,1.1462453670995543,4.53865174522749,banana_moko
0.25991450133551336,0.0,0.06404944217949333,0.0,0.0,0.49915228428919173,chilli_healthy
4.292631005121348,5.700492440011773,7.323398562973048,2.049906881070121,6.704481107755827,4.2151623052823295,chilli_whitefly
4.6344528219743175,3.686607757244956,5.587080816260043,4.566243937452011,1.539898469637282,5.606839875228047,cauliflower_bacterial_spot_rot
7.161624329667773,4.028707843994077,3.661821610163498,5.4731068313372155,1.9120950634971903,7.731467162794964,groundnut_rust
9.805221365901325,5.281597333670766,3.1267633624457503,6.923346600602384,0.0,4.80127634850529,banana_sigatoka
0.0,1.152044891774595,0.18710836740123918,0.1839097842219326,0.17974296988692895,0.2076898112529949,cauliflower_healthy
8.56732216206389,2.36559048723361,0.7220962964792488,4.1493577658742336,3.731188122622134,6.1471598314480955,radish_black_leaf_spot
0.843860104947729,6.962755400930337,1.8662113276274832,2.4653441922678936,7.143571522273102,7.295541986461193,radish_mosaic
9.52958374884601,6.109666166616105,2.2047702198143577,6.104113290555176,1.3605964774640913,6.0168802429727535,banana_yb_sigatoka
6.1801518839948475,4.617213702615149,4.09051617374923,8.954824424146864,2.8393401087278503,5.390505801411844,cauliflower_downy_mildew
8.927417406252468,4.939791865332413,3.4020652222946057,6.677746927089178,1.7454923960954893,5.650643608290858,banana_pestalotiopsis
3.4346376657040514,5.177236263024023,8.60549817737287,3.751846036004331,0.5125252567037126,3.196555269581133,banana_moko
7.8872571612412585,3.479501463849311,0.5953820838453094,5.23811428539955,3.6128146597992465,3.0688554959750793,chilli_leafspot
1.2646535714187366,4.534758128076819,2.343038468869886,1.40134814798443,6.7902531272073965,9.41224544651962,banana_bract_mosaic_virus
5.296067270967172,3.1313462169680903,4.584766284453994,3.286315838254157,5.944860661105614,3.4183141438331766,banana_insectpest
8.481690351181475,3.3383736018773584,2.6157863314621963,6.908557126747683,1.7888311344600556,7.457391895586892,radish_black_leaf_spot
3.9536532784630976,4.383640098615538,0.7047021529783346,3.028627303056057,3.260980473004044,9.304074015479868,groundnut_rust
10.0,6.2101787312639285,1.8255806932233378,7.416876983721714,0.0,5.823368699078387,banana_sigatoka
5.799619701903225,6.555113433888501,4.015090923520377,3.040873391597571,0.0,10.0,cauliflower_Blackrot
0.0,0.0,0.6559632876656255,0.37454392915004764,0.0,0.0,groundnut_healthy
5.386400299806079,3.294382335151671,4.380154414072359,0.0,8.151373584847848,4.089617967345087,chilli_leafcurl
1.3642498726483034,0.0,0.09072950347126948,0.0,0.0,0.04891324592613377,chilli_healthy
1.581617438710569,4.580890754817886,1.6140379385391408,3.492097580273009,6.458322542677864,7.516049976629284,banana_bract_mosaic_virus
0.0,0.08280756254836111,0.6870679120750547,0.0,0.0,0.0,cauliflower_healthy
4.833798773672056,4.404230800884674,4.993950955731766,3.4681375690867653,0.16926208394570708,6.662549501675811,cauliflower_bacterial_spot_rot
2.791437763506966,9.11981416039316,9.24632728305058,3.111790005239691,1.3868129957651276,1.9357404847329223,banana_moko
0.7814443842540989,0.0,0.0,0.0,0.9520682947865035,0.8129794576810316,banana_healthy
2.9922016614474893,7.502592022845411,3.0983438519361304,3.1414129212694126,3.2954498733048228,9.416716036467777,groundnut_nutrition_deficiency
3.015254010667289,0.0,4.165306006058643,0.0,10.0,3.5754189685453825,chilli_leafcurl
7.9529434232908045,2.739132165766815,3.351763327468667,7.536622364204396,1.8046499819005177,4.781255952284632,groundnut_late_leaf_spot
9.03962796863164,5.616329493266795,2.928827328885263,6.991023043911104,1.2600269169972078,6.3547986617784,banana_sigatoka
0.9161556693254584,0.0,3.21275665577677,0.998714639755103,7.176158355149389,3.933527769421197,chilli_leafcurl
7.834989506683068,2.6872129528583653,0.9683125754023085,5.962125944841254,0.8528217006665051,6.113376414286444,groundnut_late_leaf_spot
8.202467092815052,3.2762169674750634,2.0948886295551357,4.413531184712932,5.630124398460973,8.073557332125327,chilli_leafspot
5.905025968475043,2.9060235798846783,3.1133319905983865,5.265455035900695,0.0,8.004427607645118,groundnut_rust
8.075534115850392,2.549645796343895,1.544322649959393,5.291997581802725,3.2104963701916938,5.416479526640332,chilli_leafspot
6.07514590131956,0.8604240345456917,2.716390052254754,2.223583922984266,4.684549672119133,1.8138727074628758,radish_flea_beetle
4.105083507067201,2.2811767863338646,0.0,2.7106380667345165,2.820286424003058,5.78405334098355,groundnut_early_rust
7.182217059569885,2.1767261681475856,2.577383462256495,4.915376536727097,0.1221746900534475,6.918771727779234,chilli_anthracnose
0.7980394921940288,6.718923998236313,7.550688728947978,2.9709353488776546,0.0,5.4204192887125915,banana_panama
7.360578150967778,1.6403921210623236,2.8330532515342703,2.2617628695595595,1.433385074900434,3.724759669366521,chilli_leafspot
6.262230838640644,1.607059990491817,1.9778969945128497,4.163551346567021,2.5939056380244416,3.187068754057905,radish_flea_beetle
1.019349745480567,6.171967566000005,8.380913624241192,0.8895292908284527,0.0,5.165820770307753,banana_panama
6.0135590043624365,3.1287430393158946,2.647882317224025,7.52069026281678,0.18406463701067333,2.4345413204990685,cauliflower_downy_mildew
1.925173785965073,4.907863480842979,1.5585446173280846,0.994709990781371,4.861451219372973,2.335882504829736,chilli_whitefly
0.5416355995182431,0.0,0.0,1.0086852361978356,0.1539075067781685,0.3183349705806688,radish_healthy
0.0,0.14366445220150464,0.0,0.0,0.0,0.16475436778650457,banana_healthy
0.0,0.7121417071369287,0.07934166180936444,0.0,0.0,0.0,cauliflower_healthy
1.8734175594106681,9.611917489628155,5.210253602509488,1.5310978761144594,0.19438953985013852,7.5772844434129265,chilli_yellowish
9.3591469493261,3.976887092711962,2.124789769244325,6.340628747794632,2.1836064478143977,5.20191092282551,groundnut_late_leaf_spot
0.04273862517414866,0.0,0.0,0.0,0.12238742055584921,0.0,chilli_healthy
0.7043976625841821,3.2382339387960157,8.014945293108376,1.4878349660776908,0.6892734441059314,5.774568718789537,banana_panama
8.94094184154546,3.939965084506456,4.679595485879562,5.042837530637008,1.8506520443426935,7.040588266920223,cauliflower_bacterial_spot_rot
4.061384655256839,2.447320764288531,3.5972229077450004,1.8260321834579356,2.8620940373319557,6.267624363554596,cauliflower_bacterial_spot_rot
8.719671646820562,4.242398812908785,1.406042538931159,5.780805482598366,0.0,4.7336110096890485,banana_sigatoka
2.4214863865230276,4.712424044414488,2.183986223952054,1.9776743532173162,4.845975311894488,5.73179069820353,radish_mosaic
0.20960850653988444,0.0,0.22121845644035737,0.2900458632490015,0.0,0.4782899655088564,radish_healthy
9.444801356102781,2.451607153732249,1.6974522094735085,4.02636795515586,0.7920093007036413,4.680723613085596,chilli_leafspot
0.0,0.0,0.2588420969440163,0.5888527390659581,0.8784273699810704,0.3254678386932548,radish_healthy
3.5331978749461097,4.290114333397004,2.6565168574040454,0.7573688170793271,5.738782556127336,8.318532222384627,banana_bract_mosaic_virus
0.4380233962648971,0.736335337875491,0.0,0.0,0.0,0.0,banana_healthy
3.5088298310851345,3.2071094141557,2.6470046812563535,3.353490791904283,7.185392398714301,2.596136892146192,banana_insectpest
7.177379423280942,3.6046654456552805,2.3277066302358667,2.3978240660069696,1.1208438568407733,1.2353860366143743,groundnut_early_leaf_spot
5.595864368728769,0.8376234749039764,2.6497552738457455,5.910986192363176,0.30818751912793674,0.8907492494261082,banana_cordana
6.946764183780127,3.204958684720563,1.7722660405184227,4.607636165274475,1.9726708168122837,5.108100173048128,chilli_leafspot
5.916227201485787,3.151850553541867,0.611066057160853,4.058709011529691,0.0,4.355834708688128,groundnut_early_rust
2.5229726682158278,7.62904391346048,3.9943314838567354,1.0213904547199413,1.8736945523001787,4.120181543853176,groundnut_nutrition_deficiency
6.666206122774394,1.5123954727770232,1.9545791710278597,2.0358065894165644,0.0,2.7185485276820094,groundnut_early_leaf_spot
3.986182712467888,5.01941297974599,4.918756405805939,0.4264860774673449,2.366803217825199,5.666125189014079,groundnut_nutrition_deficiency
8.296696479655166,4.733696162698119,2.874951703661966,6.974088376520589,1.9263097389606116,5.868655623920654,groundnut_late_leaf_spot
0.0,1.4120835047013647,0.0,0.004906870198202161,0.5716521371650068,0.5181929542935126,cauliflower_healthy
3.4728025945580256,5.148054819604725,2.315692337971677,3.9200091677472235,6.9041425208660225,6.723798970824775,radish_mosaic
3.0645788782829975,4.415547019320779,2.7268234533550313,2.940474586609464,0.8023647430504895,4.671360242569202,groundnut_early_rust
7.135924492645318,1.27406642601916,3.103074721490244,4.198227097353207,3.2479573314610546,5.296057678857578,banana_cordana
5.3629987936855645,6.5224566734918845,3.2282678662138724,5.5444506039878,3.028590066107946,8.829566315779307,banana_yb_sigatoka
3.0616513028162173,3.5968041838219458,3.0949121962396657,0.0,6.75470047304901,5.62907038025629,radish_mosaic
1.1698430293510422,4.53464851764045,3.066476294140001,8.522058045968533,1.0059161339020986,3.093850721861778,cauliflower_downy_mildew
3.5406193724644375,1.8515252644701967,3.5227843676624753,0.5791633301329286,6.5201211254426354,3.3231537030968807,banana_insectpest
3.5707872916749346,0.1868905258196074,4.34732548828001,1.7934225697792057,8.317405694932091,2.8907097181240022,chilli_leafcurl
3.676668351415617,2.4782152645606628,5.639990036737217,3.5800359035784535,0.0,5.4327692667317145,cauliflower_bacterial_spot_rot
5.414065890531296,3.0125156908282307,4.113383347339271,2.0022955232251927,4.926872585856803,4.411965058340092,chilli_whitefly
0.0,0.0,0.3997594245367984,0.0,0.15014344579375258,0.0,groundnut_healthy
0.9561746087960005,0.595173856368146,0.46101895070218574,0.0,0.48130981021400154,0.23061623894437358,radish_healthy
0.0,0.7060347154046397,0.0,0.1580522265531999,0.5970234918312874,0.1907207626595189,groundnut_healthy
7.1437322108734955,4.293604418885149,3.237627360693685,5.980528549554846,2.4580719761454635,7.116245002930825,groundnut_late_leaf_spot
0.07918026918081722,9.069569635938796,4.160045977675921,3.807555097864587,1.1422939323690084,6.578219636606596,chilli_yellowish
3.656953294025055,3.193816199086089,2.4814547482446963,10.0,0.9936515916805633,5.4153093617685135,cauliflower_downy_mildew
2.8202762234270207,1.7872912762096864,2.6947506995681256,8.884204548926215,2.1776688966689774,3.2282195078528138,cauliflower_downy_mildew
10.0,1.991478284796352,1.529607650254742,3.0099857219125763,3.2245218446667274,4.353980650986828,chilli_leafspot
7.494101226271649,6.254067374277447,3.1449482790013326,5.09997278212114,3.385997072649941,7.232394117420159,banana_yb_sigatoka
7.594175939621038,2.308769795427999,4.300711441404886,5.7566809434091875,3.666353028016339,6.590370796721286,chilli_leafspot
3.9937032086221973,1.428014985921879,4.535141905982342,4.903856135699388,4.191976495174325,6.50093644129296,cauliflower_bacterial_spot_rot
8.315220149536204,3.3871219815803038,3.909968911529961,5.7480557186274845,0.0,5.663374375031601,groundnut_late_leaf_spot
4.575848275656459,1.3565548633518036,4.397413728352574,4.8116421830251745,0.08248255533350302,6.16681581727077,groundnut_early_rust
7.5092861610043915,2.1376819171829617,1.5506541023583449,3.4421043093327723,0.0,2.8614017540519887,groundnut_early_leaf_spot
5.197537390401721,4.249309336319893,3.150469166168086,0.2702157380555087,9.140449242697516,4.292592311940117,chilli_leafcurl
0.09931661181713203,5.9124975873731564,2.9429601903809983,1.5105490741419576,4.839628628244944,6.942746372629625,banana_bract_mosaic_virus
2.835587434496388,7.334559774862553,7.749597954535441,2.624797865121171,3.0294785903496115,5.664283437281352,banana_moko
0.2187491482042275,0.0,0.0,0.0,0.48595934691012216,0.0,groundnut_healthy
1.0094033638489863,4.614336990016408,2.495517745130749,0.32353053663523035,5.013335525320282,7.292424653790294,banana_bract_mosaic_virus
5.661316379971806,2.7159267363104656,1.4645199598586638,2.302620586713718,1.9367568092217933,5.31097791838035,groundnut_early_rust
2.430265351867785,1.5098005782125523,2.0470995520734636,0.9118323345229385,7.826823795414233,5.234652930014732,chilli_leafcurl
7.406143210184816,1.458756710028991,3.952541662591709,5.328774003208929,3.254150904222941,5.040725462161956,chilli_leafspot
2.2906238040892672,5.39441881939578,3.3551648928239204,2.562228323382603,2.4592078466937717,7.136813975830192,cauliflower_Blackrot
5.474733777640914,2.1384936588617025,1.5006142434644594,1.5880848826377116,1.85857411813964,3.8525367496277045,groundnut_early_leaf_spot
0.8911476319249715,0.21562688620054027,0.0,0.5229889271783563,0.0,0.0,radish_healthy
9.368447084702186,3.9385169973613703,2.7507015124100005,6.732074093880028,0.6313045292059223,7.642913499315421,banana_sigatoka
7.3667583056952735,3.6472573715516843,2.459111667236698,3.5979527979293597,1.2184550420201818,5.838245682577208,banana_yb_sigatoka
3.565576929560439,2.746342690974717,1.5531353774928258,1.2392731221694637,1.1772469849156098,5.0002346637725275,groundnut_early_rust
1.6138961818750728,2.41632987745096,0.33909320958509204,3.0402424747356296,0.8263211212977567,4.4248582103050556,groundnut_early_leaf_spot
9.248069468952067,2.777356051519918,2.7266748250516386,4.8719808814514955,1.53666466869663,6.218265070177166,banana_pestalotiopsis
6.411770912525574,4.089708357914567,4.450127986963306,4.071169219564873,1.1887386940536957,6.855194438552408,chilli_anthracnose
2.4284185831580567,4.168508485687215,3.079519850519901,1.3687594250519313,6.975434542606752,7.755554610308335,banana_bract_mosaic_virus
0.0,0.0,0.0,0.3658361633104558,0.17339127729709808,0.3483789313571507,chilli_healthy
1.7068407136831816,6.607269815272964,2.8206919685909995,0.0,5.409338061375625,7.0325331437666945,groundnut_nutrition_deficiency
0.33473508222873155,0.0795718392037919,0.029984739658001493,0.0,0.0,0.0,radish_healthy
5.245036962336904,1.6483992760024742,5.197208376572558,2.4719728322629315,4.926289704773053,4.287695692767111,radish_flea_beetle
3.062847407669995,5.396193999636857,2.154178187131132,1.2780170853330513,4.40541958268083,4.398390719067938,chilli_whitefly
8.700604497846872,4.477702163593798,1.3092471038495528,6.330002757950173,0.20947757942556344,8.554248487203573,banana_yb_sigatoka
0.4378281816141182,0.0,0.4989771610712748,0.0,0.6058198128245834,0.0,cauliflower_healthy
1.9275224900111139,7.650614768921973,1.9465551651856132,1.2458864664310232,1.347076020140525,5.8448520668709065,groundnut_nutrition_deficiency
6.534187817750525,3.204499466850585,2.1926887772598374,5.003655224184097,1.5243258036956198,5.42877552974361,banana_cordana
5.945180477259459,2.777341758488576,3.0199451776348964,6.060779792563601,3.931212050731852,3.9774091285577073,chilli_anthracnose
6.527583107253757,4.184112923903802,3.2219551048105037,8.881900393236423,0.9641723453998063,9.448160663196303,banana_yb_sigatoka
8.785570391389404,2.5239645840417517,1.9820354983628552,2.5954459488536514,3.1595141577930015,5.5777943846805496,chilli_leafspot
9.937555801263887,3.691979495974884,2.1245218996063984,5.11676938093197,1.435800704525794,4.395473424108733,radish_black_leaf_spot
6.861036619680815,1.8092763442464062,1.2404035612444493,5.13232006335352,2.7824806282845063,3.9579617210165807,groundnut_early_leaf_spot
8.215599246645905,4.143382532668146,0.6228048464627016,4.442589294698394,3.9280100335736505,4.491947011717116,chilli_leafspot
7.389662127093612,4.784316020735162,3.805773205718504,5.185655258955742,2.733900710938091,3.86776146002487,groundnut_late_leaf_spot
1.8989896095906522,6.871981138608373,2.524431892274973,3.0976495020532573,2.4179781923684667,7.407862371702257,groundnut_nutrition_deficiency
8.857694779866733,3.7195311305779293,3.848949253037257,6.932318030825795,3.929498073342989,6.624144377145444,banana_pestalotiopsis
3.8587015441018435,3.783391084422238,0.6599064881707433,0.9959708559520225,10.0,7.468771588478965,chilli_leafcurl
0.6161896000086451,0.0,0.2431766029123482,0.0,0.0,0.2695560326260154,groundnut_healthy
8.158476981509406,4.483356866167462,2.106389109153725,5.236778848886715,0.2588177254787798,3.62071257276754,banana_cordana
0.0,5.848160904303528,7.907610789686059,2.8341982979961684,0.5492396071391918,4.434219731480461,banana_panama
0.8858660227590808,5.600354857135486,8.627530810346922,0.14263813242916257,1.317105716328807,5.951599307743147,banana_panama
1.24017639276172,8.370088175063522,2.4775092352582964,1.7515712471767624,0.728434707693832,6.7822913666582805,chilli_yellowish
0.15735497119537986,0.4029488885005344,0.0,0.11229973835412975,0.6917120392779875,0.23659829161261306,cauliflower_healthy
0.0,0.09651106635897144,0.0,0.0,0.0,0.42264015230342417,chilli_healthy
7.04627229532307,3.3994033717831535,2.146698263835204,3.3664448796563535,0.44259068011120095,3.440385737203561,radish_black_leaf_spot
4.9675793988271355,1.1853557411775513,2.325333808145108,3.0116831612710318,4.563621377308988,3.958141706231345,radish_flea_beetle
0.0,0.0,0.09521194496252887,0.22460936064251713,0.0,0.017220505852920676,banana_healthy
2.9269579470957585,4.28952085031864,3.482597467887354,2.2163417275882837,4.720453983861759,2.931504116164923,chilli_whitefly
7.815860178647738,5.380843929600074,2.604537746405446,5.220853606366786,2.5049586665930192,4.90815687287792,groundnut_late_leaf_spot
2.8080694220413993,3.339182984011885,2.843765360634286,2.019729114343258,3.9224829279439315,3.7568158345174565,chilli_whitefly
6.11867318289227,3.1211363643474974,3.3110304976141034,4.719329218367511,4.318887675064759,3.360504044723467,chilli_leafspot
3.8264552934657234,5.731685268004046,5.702877296029025,0.0,1.8006627271654339,9.180483252684276,cauliflower_Blackrot
8.533510394087754,5.520602288106652,2.096259203255304,4.652502387062915,5.003806149086852,6.419218792479336,banana_yb_sigatoka
3.0903093142250615,9.548655163454383,2.7804395513201987,0.4803696141843088,1.6063837551393032,5.836864024313443,chilli_yellowish
0.7327630400399989,6.691665849853862,8.369398847016662,5.481871249806988,0.32263342589084365,6.443091806270273,banana_moko
6.749830972617345,1.3421570130211635,5.649515061353023,1.2678248724441943,4.275270328899965,3.278419759684387,radish_flea_beetle
2.879792677455892,5.257911157732047,3.448310325924353,1.5930940465678076,1.11521112159646,8.242489407393576,cauliflower_Blackrot
2.6186155161365567,0.0,3.0287430147006953,3.14804382366279,7.620335818898045,2.734184084457451,banana_insectpest
0.3467967584514908,3.874609952101853,2.6180423206503916,1.6165431410946507,6.6180572235672575,10.0,banana_bract_mosaic_virus
4.122530517138605,2.812654295601847,1.905220503217634,2.0885506038777533,4.67145632116285,3.180388663914265,radish_flea_beetle
7.484476108403931,2.9709652723309006,0.9155577671238462,5.389231138065924,0.0,5.425215266153876,banana_cordana
5.464985558575657,0.9478714625457862,6.054448340821471,0.0,7.521724077468269,3.570516819031948,banana_insectpest
0.0,0.0,0.44070376446178555,0.3605676812727908,0.0,0.6777214005527479,banana_healthy
6.095374316385856,4.751220684790106,3.7482309585910305,8.166500215703737,0.5624504451912056,6.488114496603312,banana_yb_sigatoka
3.7299754200106405,9.346331581558191,1.8276818146913238,2.1537291223921957,3.710905208864768,7.84456885870189,chilli_yellowish
0.0,0.0,0.15988902056341003,0.0,0.14728425628758193,0.9449069519469216,chilli_healthy
9.203764403966678,3.27815131515111,3.3347219516421287,2.728577698366988,2.6094548053139923,5.47496592887625,chilli_leafspot
2.962630139219731,6.0748551886325615,2.9345243779699164,2.1578833105050816,0.528774864269788,6.9066644427885215,groundnut_nutrition_deficiency
9.022740248265857,3.1520861207890483,2.545104420615269,5.121358142433811,3.223946051012396,6.940445932747042,groundnut_rust
0.7461322547375294,0.0,0.0,0.0,0.0,0.22040989945285785,cauliflower_healthy
5.082250777739503,3.5546071992983315,4.4291715479442235,3.364191194488628,1.2276474011324747,3.205621386644069,banana_cordana
9.230751533369924,2.4107952298508084,1.8278513660963573,4.885829263041507,3.9347241459603532,6.0683703048696795,radish_black_leaf_spot
3.3445405898126386,6.977416385966392,4.04044457470901,2.1284794827353566,1.8103851027689537,7.2742573238463075,groundnut_nutrition_deficiency
6.874660937755034,2.7974139321719873,2.084062595735818,6.394253963129828,0.0,4.286042779281742,banana_cordana
8.654076420475455,4.2337940871194295,3.1134611462670927,5.839171848219632,2.0180854631386547,4.7968019632299495,groundnut_rust
0.22065357584962292,0.0,0.11449819622967013,0.0,0.3016237502856969,0.14907923299526282,banana_healthy
8.172087153285565,5.690428069424151,4.152735879004182,6.949796923167549,1.7938274434367911,6.824041871147677,banana_yb_sigatoka
9.211851048548956,3.487048710843101,2.3920141979716396,5.303996912127941,1.247543399295247,3.764066331535264,radish_black_leaf_spot
2.4370551502631246,5.534451640395605,4.37086252937607,3.5199588127778,5.678985839235792,6.733612114683558,radish_mosaic
7.870201704158483,1.7869399553593133,4.038041376758511,5.738609022201915,2.138793221132504,4.1017241358873475,groundnut_late_leaf_spot
8.13731039434345,2.6438131329985963,2.845452571375703,4.861706261537911,0.3853938243145876,7.686157748098138,groundnut_rust
2.855650802687514,2.7507881137345955,3.1032250187236365,3.2006527489629857,4.72976506452563,3.1439379805966663,radish_flea_beetle
10.0,3.1354545163831005,1.0959483925069702,3.6524676279967405,3.1130331056428435,4.222565675607252,radish_black_leaf_spot
2.0906916472040455,8.258636970250434,7.964940312975218,3.930138145906903,0.7453646171911363,4.968487048076177,banana_moko
9.589133315755605,2.536082920011741,2.566091440963125,5.393212466185834,2.7380451533132533,5.057796429364633,groundnut_late_leaf_spot
5.212993237198148,3.4514459996702267,3.822818215441659,10.0,1.9284151876346032,4.025752312029973,radish_downey_mildew
3.984322033066775,5.092923821359173,4.743475702325181,2.796037802829404,1.5690420462693504,4.439459725293704,cauliflower_bacterial_spot_rot
3.1664683588876663,6.984034437545637,7.280213572016181,1.1294556059713903,2.983247921767288,5.508667378932783,banana_moko
3.3808490594023883,5.586949234111922,1.5182383363598588,2.8482363597790714,7.615216587511618,6.485502569125744,radish_mosaic
8.068459796223744,3.6902460193278794,2.6007988656574517,5.059728424617152,1.0084757903538117,3.2076146326318637,banana_cordana
6.511556424487863,3.823582148348041,2.127073343738281,5.701295576566981,3.3717287014185824,2.1229100659467384,banana_cordana
0.0,0.0,0.0,0.441985921339263,0.5791291403890131,0.42288753179218264,groundnut_healthy
0.5551535878740613,0.06498093578455771,0.0,0.0,0.6265757004261399,0.24395637606394285,groundnut_healthy
3.1592666096066844,3.2526144701326634,3.945623982060673,8.904522716837068,2.723435545916363,3.958765153969625,radish_downey_mildew
9.107653792672114,5.4873128226184,2.0230160920828757,4.601757600041654,0.24763707774893295,7.2255301317193075,banana_yb_sigatoka
5.689224682392905,2.6203098603662376,3.4557172399750202,5.170060296367886,3.783195447978033,4.471981407273246,banana_cordana
2.858907124375322,2.3822252057586493,2.8099640038716274,1.2405436701382497,7.227193968750849,3.3566931280561487,banana_insectpest
6.193872001866055,1.2824654424510398,1.8777483739555376,1.894768886128166,0.10221047524169091,5.8476849599142335,groundnut_early_rust
8.632790315006382,1.4294155210570656,0.0,5.220619453704434,3.1606134178130243,5.486735623527325,banana_cordana
3.2706301129996813,4.939537031170724,8.072364348476757,0.9551266740275104,1.8695101344677472,6.538182545035728,banana_panama
0.0,0.0,0.14236777853466814,0.0,0.0,0.5351759176818803,groundnut_healthy
0.0,0.2355402020484432,0.04082235450912686,0.19727201715833717,0.0,0.0,chilli_healthy
1.1767576004669007,5.1834071426831425,9.737933566837654,2.6116196926907946,1.9740466859359187,6.398302137249464,banana_panama
5.590518530914094,0.31182198860295407,4.703085041397579,1.1158758368628536,5.301679369690975,3.262240850893135,banana_insectpest
8.067494405087814,1.3155992327393673,0.0,3.46583138484239,2.413864690393619,3.9459194271928384,chilli_leafspot
6.21660527047206,3.59126321588043,2.3894051868449755,2.5991236239188655,2.1049457922765726,6.393466727784996,chilli_leafspot
2.8813744533010377,2.9355726228338215,1.5725450598468478,1.4126604303285155,0.0,4.48212694985596,groundnut_early_rust
3.8991224472768433,1.1968656430504647,3.644339485305121,7.7312612988527025,0.0,2.3515248730423854,radish_downey_mildew
2.290354725879241,2.7040637064106425,0.0,0.32525496491083283,4.784602655598691,7.377096799114328,banana_bract_mosaic_virus
3.607905206036731,6.33434403303249,5.325373244604959,1.8474096837501388,1.770254873773323,7.5402860946082475,cauliflower_Blackrot
5.7154353590224805,5.815355282577672,3.253220436266738,5.176465913258278,2.266109295720067,3.9974235276295262,groundnut_late_leaf_spot
7.03214447038196,3.3621749832910424,3.961129383171837,3.6409658197968144,0.5661841274717592,3.510521290547622,groundnut_early_leaf_spot
2.7384443533638967,0.9205934949939261,3.4836298586192855,6.877519106665769,1.958333446754174,3.7819330065851524,radish_downey_mildew
4.6773107885419885,2.6693440686633956,1.7996943996928612,4.957383018033605,1.1042317309763332,6.139697073468809,groundnut_early_rust
1.871776867900461,5.858441444204177,4.908250318555984,0.0,2.9744635438112654,6.935271468476705,groundnut_nutrition_deficiency
7.219641257039414,2.069918575683303,1.6957412320867742,5.464254327416506,0.0,4.4294891730509995,groundnut_late_leaf_spot
1.923033984088409,5.394514892364176,2.3856286585403277,1.5063049050823416,7.9364535228703765,7.5442411618167755,banana_bract_mosaic_virus
8.584385766604477,3.934614287370635,5.58237908040516,5.344579963869817,3.7453483480500047,3.3748484884076753,groundnut_late_leaf_spot
9.821624040856094,2.7318993022444067,0.0,5.475839695135411,2.450992525408763,2.7601187806035257,radish_black_leaf_spot
5.160730259542416,2.265968253957842,4.403748647190167,4.088664323349465,4.927849360382602,6.3614909761096685,cauliflower_bacterial_spot_rot
7.726725190959031,5.4394447730193205,2.4075183302985788,4.478807575166896,2.6071736180484493,6.166875082073433,radish_black_leaf_spot
0.0,0.0,0.0,0.4150959059313051,0.4501992941975318,0.2256126596592541,banana_healthy
4.841357440855502,1.904634616078566,3.1723077905753905,7.024251087384336,2.9865330167393753,4.168560370881828,cauliflower_downy_mildew
8.775327214191744,5.239189019946415,3.7446082845462616,6.4240424287453495,0.13411710119196496,6.166627238917056,banana_sigatoka
7.305848325348403,3.9070068401284144,2.929883857203014,6.99168398079663,0.7207613940467834,4.938149349670818,banana_pestalotiopsis
7.790422465182046,5.632201756993616,2.772367807857111,7.019501437255941,0.0,7.902533335176156,banana_pestalotiopsis
0.0,0.25181831808893057,0.016507938467429817,0.0,0.07311763951118048,0.29564479464673643,chilli_healthy
5.127287091664206,3.8493499369860213,4.208605475793886,4.204581616836297,1.5018903959296055,6.846178390725812,cauliflower_bacterial_spot_rot
1.0207723136645563,0.9810324241844097,2.734322090177886,0.035034774207173824,10.0,6.156419819797545,chilli_leafcurl
8.531303985570926,3.0503016482863505,1.9016690211298024,6.324861089415261,3.8772450304626425,6.022929517785611,chilli_leafspot
9.259932319430016,3.059593626849861,1.8656999777609544,5.141268234977758,4.198634592393857,1.5061400968152214,chilli_leafspot
3.1730855186844362,7.1502649328896535,2.5553258965588017,1.1755157623881645,7.0568770837334736,4.8849842215887405,radish_mosaic
3.816724066023813,3.5792553126673656,2.5037624894288038,6.976912893504201,2.7318909471855726,3.8266145902666846,cauliflower_downy_mildew
2.0128319741557763,2.425287880969207,4.023672547261933,2.353509982620193,8.513116198041297,4.599297529526883,chilli_leafcurl
9.595961537975874,4.76212001391751,2.480203526240597,4.583124070914684,0.0,5.964373451656826,banana_sigatoka
2.9424170461793024,3.359208246458053,4.379528536311656,3.639457742246946,1.3371141963373916,8.97078633107481,cauliflower_Blackrot
1.171428504143704,0.0723827455588202,0.0,0.4239643766776409,0.9328636779842284,0.0,cauliflower_healthy
1.424990914585652,4.77720922800342,0.6723980311927662,0.0,6.975030986873038,8.627488034284987,banana_bract_mosaic_virus
7.757193311755895,3.7801057081488616,1.2697075726658291,7.135115502324454,3.1438115051952247,5.946890241679892,banana_pestalotiopsis
5.541617057437559,1.5825677526846023,4.91261308089159,5.005616865443573,1.8791649526193877,4.864423412702644,cauliflower_bacterial_spot_rot
1.5770221067820658,4.610309677901632,4.793383514393616,2.612302666886022,1.3144198892301708,9.120107545371036,cauliflower_Blackrot
5.6801803184744735,0.500917376512841,2.032585891066997,2.7576000035296593,0.40480089359762406,6.171301904815713,groundnut_early_rust
1.463164111082651,4.5880260673199365,10.0,0.0,0.306263849541228,5.690389756562869,banana_panama
8.385853567181599,5.600280186638014,2.097727644116013,8.733730348062613,2.668241980194783,3.1767057487594315,groundnut_late_leaf_spot
9.121585648803949,5.443910735605268,1.6592075892825184,5.950210674507145,3.1645861515360556,5.490082444759254,banana_yb_sigatoka
7.287272436119233,2.128629076383218,3.2122051383423744,4.365313310739677,0.9687173627195806,8.165783197921723,groundnut_rust
0.15128516746789172,0.006502381991654717,0.0,0.0,0.0,0.0,groundnut_healthy
5.673210468006285,2.6775976603091505,2.016895758157501,4.78412484480648,0.9375237505609013,2.3660361421842255,groundnut_early_leaf_spot
7.7683237321954515,3.8260007206092608,4.067157743152151,3.7037998686618367,3.405681488255142,6.620606108031517,groundnut_rust
7.906492717185781,5.659489179277333,4.810702673120284,7.342005764151754,0.29673877304475127,7.268793962681259,banana_yb_sigatoka
3.8557050859805546,1.1501190481423722,4.443812691901916,1.943183504293051,3.317075065985734,2.400581971484592,radish_flea_beetle
0.0,0.1431938493703726,0.493663564755226,0.5587376257920592,0.08404628770539085,0.4836497830907115,radish_healthy
4.595439024835979,1.357619944918809,4.613799490434234,4.3221848480722755,7.978601226933115,2.942293791203073,banana_insectpest
2.6900319426373214,1.0907351992512841,3.921016682640854,9.446413963312017,0.0,6.205966619381807,radish_downey_mildew
8.377966245866398,5.257979380945457,4.348112744514914,6.812392916850065,2.2314342117802286,8.822106436782615,banana_yb_sigatoka
7.5251242715468,3.984236694451562,2.484452688145389,3.797087982114837,1.8557330797582652,4.454213538003089,radish_black_leaf_spot
7.594546669431432,4.002677946594883,2.670427500760443,5.451337752816965,1.1730658427338518,5.561228124630663,banana_pestalotiopsis
2.6100256869975986,5.434222482883717,1.5685245676358595,3.7722947555723225,3.7190996169335735,4.019257892853133,chilli_whitefly
6.420656055536055,3.089175468538751,1.7949871954438632,4.319989292076066,3.9089391812520295,5.044202970641449,radish_black_leaf_spot
0.5933673100886655,0.7181677028529893,0.0,0.02300137362663706,0.0,0.5863784226337224,banana_healthy
0.19448936467609187,0.12573680447025604,0.0,0.0,0.5243535632082817,0.8277035565441476,banana_healthy
1.5299950770232726,4.279523970227726,7.99511312962141,0.0,0.0,6.214235003664573,banana_panama
4.155110379414962,4.615119413527358,2.096266103763226,2.091322899762305,5.1501595889236125,1.8970096098311973,chilli_whitefly
7.164246692255974,7.23703943106482,2.1944308903546967,6.107037835935086,1.6625556855166796,7.148102960201153,banana_yb_sigatoka
5.52965559818567,2.588442196263907,0.9617472795755198,5.047454739902544,1.4521780852489323,3.1467299720794095,groundnut_early_leaf_spot
0.0,0.7158747421205395,0.0,0.0,0.0,1.241882996293754,chilli_healthy
4.716954242559587,4.258553327605489,5.3712685309517845,5.9347738334842575,3.4369862480458093,5.452205268595085,cauliflower_bacterial_spot_rot
1.1100888330871324,8.551074566923296,3.224424129232725,2.703949859140186,3.5345750096250317,6.940218002912797,chilli_yellowish
0.0,0.7691328204560175,0.0,0.0,0.0,0.0,cauliflower_healthy
7.5228548536246524,3.924500696159051,3.6398878429865147,5.266399513555173,1.478973853141334,5.975265811859866,groundnut_rust
7.66021773814415,1.5699521035885926,3.1897126782921434,6.040132161567781,1.9017267445130084,6.189429335511999,banana_pestalotiopsis
2.0812160577055465,3.6614085568150427,0.7722821400765567,2.4846657136887424,3.4722063270081214,4.358886648851123,chilli_whitefly
8.692452899079601,3.013170428806776,1.3137573934944151,3.664252098353745,2.8071741344564303,5.8007263906386015,radish_black_leaf_spot
3.64698583023817,3.046486331030048,2.4978498789069263,3.8995481714331732,1.429658606627885,2.389933307972423,groundnut_early_leaf_spot
6.603139241113009,3.570411478703997,1.9684637833458551,4.931317427290783,0.0,6.6071919073759995,banana_pestalotiopsis
3.254518762081359,3.9559565752027988,4.72986689101348,5.462467565004774,2.2162836625511773,3.8640293156610364,radish_downey_mildew
0.1545788597587321,0.0,0.0025426980641170423,0.7635661920775653,0.0,0.0,cauliflower_healthy
4.815791448021067,0.35739188855502246,4.402038330853561,0.42160869793773403,3.2778549893672624,2.760361101674228,radish_flea_beetle
8.547703304899295,3.80781762152395,1.8338528192194714,3.530842116452761,0.7491720912567696,2.9793754549488396,banana_cordana
7.866994923331524,2.6200106823160274,4.672709436649288,4.017829896643798,2.203252963931248,5.06905681282488,chilli_anthracnose
2.0495449467049274,8.244590678389892,8.401326217818227,4.773686278027733,0.8076925812871567,5.163109480662017,banana_moko
4.057633783927347,4.319735290742371,3.269874953863584,2.0701724821617673,4.833898577192031,1.9058425420071872,chilli_whitefly
3.4648675433666076,2.1357685484636275,3.56426000661332,0.0,6.53398367403861,2.6332570667180244,banana_insectpest
1.1277950098440672,7.540788973245144,3.50648748341982,2.1747403961922696,0.0,7.92543672023683,cauliflower_Blackrot
7.2033211266189925,4.871813946803273,2.8324473350434225,8.90139325018847,0.05197948382175044,6.831378252361107,banana_sigatoka
0.08247843770451234,0.5660484404173446,0.0,0.07499754495386957,0.0,0.4013637862188489,cauliflower_healthy
0.9568556156136274,6.986959435558034,8.164822975288443,6.501808266072111,1.7790250211801575,3.64378552461838,banana_moko
7.966462674466049,3.995212710271538,0.9726790070753235,2.854348199568493,2.6801132580852176,4.4097446542226395,chilli_leafspot
3.831447065412009,4.358184679698099,4.930265084086388,1.7300103750905993,5.886379126206571,6.712306183610672,radish_mosaic
0.9095010507528434,4.453735302940753,3.6894827057531456,1.4035370157971814,1.0656338384495514,8.52970371187154,cauliflower_Blackrot
7.122227554314384,4.858824181794224,0.5130715092153191,3.238969681097072,1.1977130094838202,4.0610652422272215,banana_cordana
3.297986218123617,6.299255476395555,3.3162048908907398,1.8081056885102957,1.9722286930469133,7.711323382627906,groundnut_nutrition_deficiency
0.7676931496601,6.0980046948339695,4.744580228712746,0.0,1.640164784435878,6.521753496411914,groundnut_nutrition_deficiency
2.3862022280273245,1.0623707652596646,3.8296276572966303,0.29156596983360317,9.899466044934154,3.6710662295431344,chilli_leafcurl
0.19867336326943535,0.7790831775064729,0.0,0.4538819989846268,0.0,0.0,radish_healthy
1.8203604159362956,2.7238697604858926,3.8825622111380267,2.0355453703482995,5.760459080870234,3.735746999075021,chilli_whitefly
5.7871467466625575,2.075597342694255,1.91491027150309,2.0345488623671013,1.785975752696606,8.013822454678692,groundnut_early_rust
0.0,0.1639397620796787,0.042946503146665205,0.0,0.0,0.0,banana_healthy
0.6349515443877323,5.636371128489872,3.35818572823697,3.215988203478963,5.969653544554078,4.076203961139106,radish_mosaic
2.506417231292833,1.739941986336287,5.24067754461697,0.0,6.339259547695718,3.122998120362795,chilli_leafcurl
2.8282003996373613,2.7466765638306647,2.1791478659518857,0.887738201256584,3.431932436945651,4.639027950397608,chilli_whitefly
2.004815550766356,5.7098852221437175,3.542515255272552,1.7514059730871518,2.5241056303058764,9.554008579926101,cauliflower_Blackrot
6.333271377124334,4.493143996849637,4.389779466791453,5.539957410926323,1.74558452919855,3.6342192259003525,groundnut_late_leaf_spot
1.8039113231224253,2.2170928102700302,2.954196495640286,1.9217403429168327,10.0,3.0231145330093807,chilli_leafcurl
5.974983592112718,4.178570514015508,1.7432882403786016,5.827665112741742,0.0,5.118308143832749,banana_sigatoka
6.350991857154148,2.9061960766370483,2.873056848548744,3.821234002282768,2.0558068431179555,4.731791527644187,chilli_leafspot
5.5311135433346355,2.7688627034908793,3.5557835562455646,8.291309283072524,2.0211889342159832,3.020789001750379,radish_downey_mildew
8.32374127860691,3.315299460181052,2.8009945984560276,5.256791471748516,1.3288610258609317,5.754570968129911,radish_black_leaf_spot
6.515294020550447,2.818300718416288,1.142464625450844,2.3939898096136725,3.167002154079145,4.147661555418707,chilli_leafspot
0.0,0.23972075904303194,0.4372585370662613,0.0,0.0,0.0,banana_healthy
6.430377230643012,2.827198906645359,1.3240146144967906,3.5339942194594793,2.948463315386134,6.015952833441222,radish_black_leaf_spot
5.060349458765167,2.807416535605725,1.6525186127078009,10.0,1.7147319519834647,3.4322711039673734,cauliflower_downy_mildew
4.908921457904407,3.0963834871502542,8.029411131928994,4.445022271253197,0.0,5.348641233939642,cauliflower_bacterial_spot_rot
2.6167190186324314,2.516472181032872,0.0,8.768773184011826,0.3527850803467165,4.824205759918166,radish_downey_mildew
3.196137295940973,5.154619545627098,3.7410030934766145,3.365429331163246,0.5756169341421387,8.272791088187828,cauliflower_Blackrot
3.117758758284104,3.9874499024687546,3.70832656134296,2.0027455233722047,8.284438192275916,4.5262709063263875,banana_insectpest
5.460405095796175,0.8529800019175797,2.4269439432845568,2.0243555410715324,5.6060980918168495,2.4317692436612326,radish_flea_beetle
4.15615532571765,1.1950217628624253,2.3322410665800284,8.620652259390752,2.532671406851464,5.465398900004904,cauliflower_downy_mildew
1.1048694482292785,6.2061502689816495,8.904103356202917,2.262553459570686,0.9723817780625552,4.266039515966529,banana_moko
0.6585267935357508,1.0590661591325135,4.336898923362527,0.2900250215890653,7.174280422902831,4.6391157851368785,chilli_leafcurl
2.033982051356553,5.035707367394894,3.125940567171197,0.3807463261391514,6.11534493232918,6.445269653553949,banana_bract_mosaic_virus
0.0,0.0,0.0,0.12020560683432803,0.0,0.21270431470929238,groundnut_healthy
1.3156231186562408,5.585070142764582,8.040683268418805,1.5715107171906118,3.11117012085754,4.8907089675763675,banana_moko
2.591981481057067,5.221803348433848,0.9699706637825438,1.8403718552907895,5.3092346085146715,7.146411777574434,banana_bract_mosaic_virus
4.847280339826517,4.151104051738846,2.8823627144642545,7.90271511079037,2.557116491882952,4.681593447429091,cauliflower_downy_mildew
1.0454760995212413,9.16996575376278,2.5677625098180776,4.434907831938879,4.325843945638451,6.773343835943853,chilli_yellowish
5.375236172970478,1.0671542181849123,5.8705470213962725,0.16344630830794782,8.955570557335358,2.5527892992576304,banana_insectpest
0.7687183007106109,1.784320983187855,3.0859969677010217,1.8359578014612965,9.764799649526632,4.203448492261943,chilli_leafcurl
6.170733531754186,1.8662407006647008,2.942056427495374,3.1307444607249684,0.0,6.114552561070594,groundnut_early_rust
5.789730040043345,2.5770567557545707,1.9985299540300945,2.913692608268268,2.206594384367654,5.000833082471597,groundnut_early_leaf_spot
4.034297823537035,4.869953948126938,5.948469291842564,4.6246149959539355,3.483131842673724,3.5759323025721295,cauliflower_bacterial_spot_rot
6.974811540541629,0.7294638169129728,3.873820455707435,6.127549179442601,0.0,7.918284104535279,groundnut_rust
3.241072008805715,8.769266024626265,1.9074987909963315,0.1400009858047908,1.8615581584041998,4.973317997723525,chilli_yellowish
6.827986765631175,0.8401925575338751,1.4166362397814012,4.513670497181399,3.134805538478852,7.870248067348741,chilli_leafspot
1.9842542200133444,4.086509313571344,4.499147227529828,0.8042976051239938,4.598399658996463,6.413254637678171,radish_mosaic
0.20525339574319074,0.004755919970497112,0.0,0.0,0.7884249127946085,0.0,chilli_healthy
1.819859658495432,5.483192598463163,8.583421749874326,0.6607538936130921,0.0,5.8870165936418815,banana_moko
7.7185608889783035,6.360839333309793,2.0169029847255975,7.4087138968257715,3.901687571654144,5.054559831479833,groundnut_late_leaf_spot
4.708800246287453,6.09635027842893,5.651908357969128,1.8308924209822508,1.1724133941188672,5.93614507647242,cauliflower_bacterial_spot_rot
4.572732907190391,5.760702826781613,0.0,1.2237451777233133,5.205856242277934,8.02292000175547,banana_bract_mosaic_virus
9.456991702014305,5.611266233621422,2.318196707295905,6.221201775432211,2.0603281431930025,4.360561994797299,banana_sigatoka
8.124032238395072,1.7195121407150136,1.647045030404885,3.096082926414684,2.959776080390866,5.427536059689929,radish_black_leaf_spot
3.6479410809061235,4.484010309662193,5.588009106987926,1.9603183983658785,1.2650101243484229,7.948610745109377,cauliflower_Blackrot
0.7145381323871489,7.052752115107357,3.248545532485048,2.2232572545814544,5.299745185219624,8.09659198737466,chilli_yellowish
1.6669468924213382,8.549528606819054,8.506136089101044,4.572230289697076,1.7408473755797214,6.12497299100831,banana_moko
4.834482969460359,0.6307897882967142,3.8661894074284677,1.034040222976927,6.534760100309727,2.503661201244429,banana_insectpest
3.2431182293712886,1.432446923735728,3.527004509318791,2.7726956123553874,2.842305968068544,1.8249834764668809,chilli_whitefly
7.029407853536403,1.0666365202009733,4.581146795171541,0.0,2.67976953839902,3.357559366187183,radish_flea_beetle
3.8413967732267538,2.0867347584611466,2.1997337662636767,1.0653955486154785,8.621287470895767,4.063429426301755,banana_insectpest
1.4591981869183912,4.711522433290973,3.865394186500986,1.307589583562624,10.0,4.362316762003625,chilli_leafcurl
0.056813680618772955,0.0,0.7898593900435031,0.0,0.0,0.0,radish_healthy
6.833115512467255,5.560374725618276,2.1370029001857542,2.5320315426561955,2.3832044660059934,4.666238794052219,chilli_leafspot
8.339966215256583,3.785514256372079,4.035381066276399,5.313894897170803,2.324385495012043,4.841991461053618,groundnut_late_leaf_spot
0.7277491460394716,1.0819881666507902,0.031223488331564648,0.27528679685079893,0.0,0.441462402793376,chilli_healthy
9.307555427490993,4.5688576348323,3.860716252539858,4.968720947019359,1.4356931404803712,8.798255632803825,banana_yb_sigatoka
5.16883172987894,1.558351507782252,1.5475816188034714,6.3793016915264245,1.1089614874362592,6.337579018813826,groundnut_rust
4.250506718196807,1.8449999964800905,2.350905466788232,4.094004178248261,3.5033731344603813,7.008417020616999,groundnut_rust
4.2041277743888115,1.1776403411963092,2.2437664269876714,7.663093030378312,0.9772020662790175,4.298143915543317,radish_downey_mildew
0.0,0.0,0.0,1.0560446636264542,0.10726645944320799,0.0,cauliflower_healthy
5.530929989973304,1.3707615277589376,4.9094583490587524,5.651329608695074,2.1683521108406527,5.212107643983694,chilli_anthracnose
8.298854453588131,4.939178015901516,3.366207161496609,4.080224272509717,0.0,7.250000079700021,chilli_anthracnose
5.628473318496624,3.7266527791026993,4.47831803825097,2.205762895236213,2.0096801112933633,5.990749618221307,cauliflower_bacterial_spot_rot
3.1395806210464765,0.4584988811600368,5.17337865962344,0.0,8.38430841198031,4.663619276715412,banana_insectpest
4.812502672786825,3.257425416455063,3.1487156914149965,4.691693768637796,1.3419578981952367,4.932508218053972,groundnut_early_rust
5.028042976291067,4.012852505366586,3.0337938979085486,3.2922177735892166,4.396387098729157,1.5669727186892528,banana_insectpest
0.0,0.4682752147938737,0.0,0.1280660468295857,0.31434915023637117,0.0,radish_healthy
0.02967339734170463,0.7844182240673815,0.6405831088055887,0.9969345452543626,0.0,0.0,radish_healthy
0.5982364150665977,3.8472946641696444,8.319953870333936,1.2802143272995261,0.21143804526633037,5.162737315322106,banana_panama
7.965306022245734,3.296073853543527,2.2548344645696927,3.660865131989634,0.9380494910689967,3.484225692602344,groundnut_early_leaf_spot
9.015285955897564,1.9993215779198639,4.346649700747049,6.826403899082665,2.657798670741479,3.521936356797424,radish_black_leaf_spot
2.0710081586725955,10.0,3.2148250970754235,1.082350724494445,4.533142815878066,7.254791368801479,chilli_yellowish
5.26737422063975,0.2445828562353145,1.3393557806100997,3.5351450889030094,0.3902317628232269,3.822663617419034,banana_cordana
2.5373862517976047,4.576857379505666,5.23137088388316,4.080329485035371,0.49291983138794526,6.655109188209151,groundnut_nutrition_deficiency
7.38452224690628,3.0823817484891403,3.1269067323573565,3.289463054397996,0.02809977185298207,5.018648596342057,groundnut_early_leaf_spot
5.722104879066682,1.5832372532505885,5.743930571251053,1.9061232091297786,4.789722672450571,4.070481119678065,banana_insectpest
8.342694726048608,5.665444073126353,3.0795296848130818,5.941866424993022,1.2914710757560701,6.0231111708374545,chilli_anthracnose
6.356503976153138,3.735320871679223,2.296287276099934,5.649762606714733,0.0,6.67376715579136,banana_sigatoka
4.36648634428049,0.7011210671576287,0.7536061378282217,1.7335435835226545,2.3461375557760347,3.8544437512331435,radish_flea_beetle
0.17490001228395377,0.0,0.0,0.0,0.0,0.0,banana_healthy
0.2965526996788696,0.0,0.0,0.0,0.0,0.7643894178551537,chilli_healthy
8.317378021941648,5.076442831718925,2.739807539733428,5.648690497473054,2.602280280440806,6.965420078093652,banana_yb_sigatoka
5.812101624371741,2.74741436335556,3.8209259891216893,5.1614999417746965,3.573776982752354,4.630301049327337,chilli_anthracnose
8.805524164046425,5.89522874357938,2.2469519967071125,3.535816141612934,2.4329069055966017,7.086746016549843,banana_yb_sigatoka
0.0,0.17200005315251796,0.3490417324588341,0.0,0.12593472415901275,0.0,chilli_healthy
8.533875074011862,5.020863273352776,4.070235626592899,4.664046199062443,1.2115577155792114,6.193469882889946,banana_pestalotiopsis
0.4547295862487816,0.0,0.0,0.08321919868541011,0.0,0.20879419082139478,groundnut_healthy
6.159376414891155,3.5895288248715396,3.646890858549484,6.938304385808868,0.3156605467138278,7.1391158091387705,cauliflower_bacterial_spot_rot
1.940975699624198,4.92236732841065,8.08074575711952,1.4464795394020313,0.0,6.403161808128692,banana_panama
6.284925188781912,1.5768693561982388,0.0,4.879733180746154,1.3592303952690465,5.484913931065258,groundnut_rust
3.3412569150367637,3.250567871162213,2.269015381824551,2.457795926155775,3.7258893506854722,4.022100337544366,groundnut_early_rust
2.8227076955580994,6.830021696787847,9.399644654803103,3.6371707943569085,0.0,4.36463964379159,banana_moko
7.654324641978466,4.517227549613072,2.8637249222514582,5.932977380816627,1.5471361790453482,6.613824837416834,banana_pestalotiopsis
0.8270296002167417,9.40338380413683,2.365064799270593,1.7387443505390119,2.874412722265078,6.181037477179467,chilli_yellowish
1.8735942526501685,8.050274354995677,6.527170808998644,1.4594585471146777,5.570150189058633,7.204518972261595,groundnut_nutrition_deficiency
8.350815918548154,3.2917236699940973,2.2556828439987857,5.352496822008798,2.391915151899627,5.384024293193207,chilli_anthracnose
6.903982399812296,2.752689465309146,1.5560554443930001,1.266011109830806,3.9495997504413825,1.213008026225406,radish_flea_beetle
7.248818247795876,3.9791067429990647,1.7596833689577642,4.4443388519219,3.1490137859877985,4.680117876435535,radish_black_leaf_spot
7.61632012788366,2.360758992405706,0.5960997971476545,1.553285344062021,0.9669821139392365,6.126701916003693,banana_cordana
0.23653154481768424,5.321927431738569,10.0,0.9789390931533217,3.9294660669662966,6.524552135677262,banana_panama
6.939912607597559,4.54896242330561,2.1086640351200914,4.861096766057854,1.5494328653570735,4.201522682818311,groundnut_late_leaf_spot
1.5082385074477602,7.940030452628838,6.2354125385225,1.4846762691617232,1.0689502122002195,5.094756854801702,banana_moko
2.309060468867317,4.910664901080599,0.0,0.9681833494609398,6.072276251929232,9.955890534982343,banana_bract_mosaic_virus
4.553386240760099,4.525769750736453,2.635413064148119,9.864713796361826,3.343127348074538,3.464946651229045,radish_downey_mildew
4.211503161469432,3.182511789129732,4.3288466087791635,1.6808909671130805,0.8768217118592421,9.63632875423964,cauliflower_Blackrot
6.662447616796516,2.857758919165363,2.382877234115231,6.0797953953595485,1.1355339694394342,5.333519520669194,chilli_anthracnose
3.086258331657121,2.3679608004784782,3.8558078905507216,4.973106508515484,0.45777628417310057,8.157557506230445,groundnut_rust
1.3257894807779613,7.575233144115307,4.8502195323510655,6.058811650461267,2.637231313873052,5.178652164701229,banana_moko
6.022954387137549,2.3159095929784153,4.428839541066005,5.235965290100294,2.413333933220696,7.417465961064721,chilli_anthracnose
1.954838357090182,6.323962258419826,2.1370731783944477,1.180362113754253,5.563665345343373,6.931665251534719,banana_bract_mosaic_virus
3.740851908961308,9.918936647376329,3.7904289766867425,0.06928814066527522,2.657809763813666,5.722753107478961,chilli_yellowish
2.494643718238699,5.537516879327536,4.548669774339213,3.6233108367377156,2.4378704718415443,7.657350049631331,cauliflower_Blackrot
7.8430835976763,2.5826195306779813,2.4321465738595247,4.4628144915150685,0.9728378576433749,3.9371023257488993,groundnut_late_leaf_spot
2.201618408639034,8.13425384153378,8.600997909205054,1.945831438389528,2.8909506963111444,4.234894949508844,banana_moko
8.304953224485722,5.836461174607672,3.4702575146947012,4.758482448472014,2.7808011545505034,7.5110931605216935,banana_yb_sigatoka
3.437721423433802,3.6932992774724975,2.308783227936289,2.298094476265378,4.652892868846671,4.497216320507272,radish_mosaic
4.865138929933231,6.643737322354855,4.881311023371601,3.706907546342986,1.0640611269748261,8.753723563800445,cauliflower_Blackrot
6.781186209817621,2.6313334520782377,3.9408827723499966,1.0660472224905624,3.6878266975131293,4.482439920551565,radish_flea_beetle
4.861997851833095,2.8785628472189617,5.280998178078894,8.409037519097865,1.568113355380102,3.702751361878603,cauliflower_downy_mildew
8.6723919023729,4.702025598745358,2.3374304214923303,9.199073488427215,0.0,5.853076812303123,banana_sigatoka
5.472286413385511,1.8858087782172617,3.1246475246980223,2.4901063079005894,0.3024928600293574,6.508264075242565,groundnut_early_rust
0.20098433851909947,6.037378672938328,2.7169492899166823,1.5633762615907634,4.435832144019461,6.562687778066724,groundnut_nutrition_deficiency
3.0650887127479596,2.2438831455032373,3.4508401007948617,2.2228262965024865,8.81095721608546,3.7267274791575753,banana_insectpest
6.24647247133062,3.2418355269390022,5.574417416781125,4.187308886148223,2.825060863510993,4.107324436641454,cauliflower_bacterial_spot_rot
2.0362338910258253,6.205763181108469,10.0,0.5391154478036577,1.561540506558222,4.59566315232387,banana_panama
7.21858844732987,3.2906930789875797,0.0,4.843003622876029,5.345595052154987,3.5066767427015657,chilli_leafspot
5.97206167607002,0.19780817730305778,3.326968764095356,2.66262752878256,0.017672914710532117,4.6815309878622395,groundnut_early_rust
6.077248104790249,3.1352222401924483,1.5653096061318656,4.204979424431912,1.901428345312562,8.177579000787693,chilli_anthracnose
3.4013384739917685,5.3053050119614555,2.4051231944902427,0.5057476406530392,5.414872531113008,6.480930174616455,banana_bract_mosaic_virus
0.6234458577673597,0.0,0.4757246385290433,0.0,0.0,0.0,banana_healthy
3.0995932096429777,5.415786171077591,3.1976121318315824,0.0,8.506049645736873,6.8324924462137915,banana_bract_mosaic_virus
8.564579595354928,6.36681337489864,3.557101485747604,6.730962622864216,2.6869343673861223,5.47645600385888,banana_pestalotiopsis
9.357558860299696,1.328984919433826,2.1869022893975365,3.8799444266756,2.6712090322043482,4.509178582622073,chilli_leafspot
9.47950230401298,2.595908363942525,2.977207777481448,7.596637950062966,3.1261919782214544,4.240822098271977,chilli_leafspot
4.311550933076002,6.164555164287999,4.496046434956475,2.0655341394920845,1.7887853141434469,8.37712090616142,cauliflower_Blackrot
3.5556108489056926,3.59194596739993,3.2064932185789177,1.353886301654557,2.6389987465478493,5.6300227569481835,groundnut_early_rust
6.899874436251567,1.260425736361764,0.8937682242496243,3.7952511535022015,1.2487207952787327,4.0832132044435,banana_cordana
5.724479619428266,3.7536944362802984,3.006554713779293,5.859782327594007,2.6163311532982663,6.899637625733843,cauliflower_bacterial_spot_rot
6.228734087340744,3.564685751280357,2.648886300110868,2.613158964594445,3.1231677911187408,7.313920866770315,chilli_anthracnose
6.676361190531743,2.4090703392944848,1.742855231164001,4.972401554148935,1.3328475418694583,3.8629073030774492,groundnut_early_leaf_spot
5.887623257594143,2.7490811077209,0.5370447509085334,6.513007779841587,1.9394558129392192,5.30289626076563,groundnut_rust
7.681464346129396,3.7739130206191014,1.6346014190484361,6.493171398017002,1.8431596079209513,4.091109612824706,groundnut_late_leaf_spot
2.8074599480812394,4.663866790699992,3.663313952081737,1.2607669475384529,0.5846748738639818,9.019573739247981,cauliflower_Blackrot
8.08037686888198,3.90545391990364,1.2357857428755326,7.889220341603739,0.6542196850929805,6.180569398528681,banana_sigatoka
7.192513601588718,4.795409311625959,4.071826016648702,6.770272947430366,0.7643645124403275,4.419179451653498,banana_pestalotiopsis
8.57705552203471,6.577956236544351,1.8873157175443434,8.395601163646365,0.5185489521463869,6.851519375260279,banana_sigatoka
0.0,0.0,0.0012520306831592801,0.0,0.0483786339570928,0.2826770936429779,radish_healthy
0.0,0.41666695589015357,0.0,0.11027071350693343,0.6089795761527792,0.0,banana_healthy
2.2996832814365744,1.4828674394177273,2.163562236762166,1.34180763442654,10.0,4.541994967941033,chilli_leafcurl
7.0613759071974815,3.1875901727465323,3.653875816004179,5.26394456074288,4.087537344211225,4.6258075365505364,chilli_leafspot
5.439934693152825,2.9256733218683793,0.8619750720539905,2.0288688967353123,0.0,6.257222649932395,groundnut_early_rust
0.0,0.5079379691911099,0.0,0.8040957531450117,0.0,0.0,radish_healthy
8.979511663259183,3.4778554541117805,1.443712584594651,4.224934334679185,0.0,5.044408016320777,radish_black_leaf_spot
7.082230591821691,4.079485216662172,2.7362434127398694,3.6291415699526715,2.1979057255100853,5.847337196816564,radish_black_leaf_spot
5.771517598907172,1.8461969956802076,1.9593393886232966,3.933168525571131,1.9312034319216715,7.401879118823354,groundnut_early_rust
5.1124662343637866,5.0601921125262335,1.4732339840856212,7.031007312808785,3.0818215978857992,5.39587111685745,groundnut_late_leaf_spot
6.173603571198091,4.524635068976571,4.586438195590213,3.2364917980167562,1.0656955438259463,6.772877907548667,cauliflower_bacterial_spot_rot
4.958476614593398,3.6540051113612257,2.7870230381983028,5.568771861828189,1.0308860868587852,3.2232478568988183,radish_downey_mildew
3.1123995544810024,1.1891383971013618,2.415813752978043,0.19732420992494237,8.60136274062968,5.711481109695717,chilli_leafcurl
7.400902862606413,2.752111865817018,2.459558170491998,6.488217162167739,3.218470794410268,5.59380243943297,banana_yb_sigatoka
9.74168219271605,4.4158324219756,0.7898803753626251,5.16430125399509,2.844876076821148,7.696932468728138,banana_sigatoka
2.168451594562542,6.231304929152005,5.012548031057891,2.3793053865307208,0.1953482062999803,7.818323009670309,cauliflower_Blackrot
8.460386028640146,1.9462364182975118,0.41699365060145155,3.8113858000837983,2.370925862274495,5.403586171546023,chilli_leafspot
1.6372538682877948,9.790066019050704,5.841935528837814,1.5946061177142663,3.0941566721380975,7.645759059224122,groundnut_nutrition_deficiency
0.22930022693881535,0.4541112620458645,0.16697252399951965,0.0,0.27768982807488435,0.43004253387141017,cauliflower_healthy
3.9677706660027185,4.958126471179064,0.2374583387171385,1.8169460628354583,6.6609200370681245,2.4742620872340995,chilli_whitefly
2.1002689499618272,6.537452154761562,4.406551571507259,2.4817977806554508,5.673011943171705,1.8993519643979695,chilli_whitefly
5.618376112793261,1.175164335147436,3.8788962571371,5.255429978271325,1.1146787232150788,5.644095682006448,groundnut_rust
3.171248863227136,8.679383712366812,7.2456148339105155,2.66698365736772,0.7564289031514757,4.755846630703634,banana_moko
0.0,5.717671308033073,10.0,0.14607689341591956,0.0,4.200982557650763,banana_panama
1.781222359139608,2.127722499717547,4.522030333795281,2.1241668125596718,10.0,4.86442899807221,chilli_leafcurl
4.240813505241394,5.293295311051997,3.5678314153058746,1.770259138445299,7.262617515127635,4.08320959137272,radish_mosaic
0.6000394782134306,0.0,0.0,0.3098557229830681,0.0,0.0,banana_healthy
2.7393204390361547,6.997575843720763,1.6706238288605122,2.387429550021407,7.38150464874606,4.811096629367226,radish_mosaic
0.0,5.431322801976516,5.15362673659506,1.265120168473145,3.720015957297471,2.8354793731317334,chilli_whitefly
8.137170503671097,5.002164207627697,1.6927888347454725,7.330133522067471,2.354234441790603,7.473857788003093,banana_yb_sigatoka
5.0821176255283405,2.9152392244176313,2.8215244946191276,8.576733458298314,3.8250214784765353,4.121929262428013,cauliflower_downy_mildew
8.287756200490387,4.324352292533744,0.0,4.590135867520829,2.447775541322545,5.552506721581267,chilli_leafspot
6.758694477279558,1.5156560898685856,2.4961510052587705,2.5100483829256364,4.294613657195544,4.875103453876425,chilli_anthracnose
5.031501846812267,2.09576178087048,5.367466643230563,1.5351656425366265,5.681655489786626,4.704605144725276,banana_insectpest
8.833997661580346,3.5470919186436043,5.7893255396531575,8.088144727518879,1.495776971143147,5.720149802152327,banana_sigatoka
1.3468492127237275,2.1395477548825124,1.155518415517364,2.8028536909646387,2.011661949948406,2.200224087643823,chilli_whitefly
3.207245299892344,5.49345878891567,0.18603327657455404,1.3859673537059454,4.535459271704235,2.5964279454592267,chilli_whitefly
6.456101909172384,4.742961041364895,2.392093717522784,5.360569231532994,1.7466485728520822,2.633400258663077,banana_cordana
8.530888116590845,3.8032602134208586,3.3930830122215188,4.212076620176914,1.8888574097754318,6.236141420108556,groundnut_late_leaf_spot
2.7958414890408516,1.221028181563629,4.61505000381326,8.742154870865862,2.9431689186385523,4.706598341850337,cauliflower_downy_mildew
9.424271693115077,4.614221586415558,1.5929542817481397,4.350359034949489,3.534772205388119,5.745507313044235,chilli_leafspot
2.4424079706474813,4.527993425207168,2.034493787521781,2.5341422351287584,6.229318881623884,7.055723857787378,banana_bract_mosaic_virus
3.373653321428924,2.1034766955995208,1.1910013000778994,9.190224440609429,1.7903467544840308,2.5043916476549515,cauliflower_downy_mildew
8.164809589478125,6.427571174582283,3.414744413581735,5.925493562142855,3.250628692379621,7.279942049305446,banana_yb_sigatoka
4.76528811578093,4.690855159694508,5.658952010670038,3.3640084819558296,1.490628898889864,5.396896183313178,cauliflower_bacterial_spot_rot
5.267906107183235,1.2346166856299459,0.5561060413975882,5.062092017850767,3.978543158875943,6.833731100282824,groundnut_rust
1.08069389030873,8.394984340695567,4.013131737740169,0.0,1.4129544820593511,6.026871033586354,groundnut_nutrition_deficiency
0.0,0.0,0.0,0.0,0.0,0.006327232074327244,cauliflower_healthy
3.178731355489546,3.5964155538045746,1.8786175820285973,3.6502148691286926,7.248291672676563,1.9278970969928575,chilli_whitefly
0.38125530634633237,0.7809703685933911,0.26011744791273045,0.1384565978998516,0.0,0.0,groundnut_healthy
0.0,0.11070853086213055,0.0,0.0,0.19697600449696762,0.0,groundnut_healthy
5.8634156085797,3.0858398184491334,3.4705052737503994,6.632710182165333,2.8724401810058575,5.05256154325342,groundnut_early_leaf_spot
0.0,0.0,0.0,0.0,0.11793253287478543,0.5757575729665005,chilli_healthy
2.3752835023623318,4.82306905809537,1.5864404604427336,2.569912002877891,4.849082950624198,6.040493988576255,radish_mosaic
3.788826002251875,1.4574721217898192,0.0,7.677543864715267,2.3348750104223512,5.5963797112434595,radish_downey_mildew
5.794546545785144,2.5639176201246907,4.0265542370297975,2.1272707203871044,4.179149235478633,6.864955522966488,groundnut_rust
3.556930140177403,3.4197513198355547,2.851596514100755,8.73926681435741,1.5543243431541485,4.574712689402929,radish_downey_mildew
5.011097914039015,3.558741006334505,4.559751291824124,4.548486310332644,0.2346039406920759,5.812895581678975,radish_black_leaf_spot
5.963698355626114,2.048826006983231,3.9126845484318586,5.040084641850004,0.270996345474823,4.437646299904374,groundnut_rust
7.507328973576204,3.8508538486204054,4.697064807228392,4.639715014743054,2.725146069630538,4.329663472242646,groundnut_late_leaf_spot
4.242678081332892,4.413556605561413,2.7280264517204293,1.2429739535450968,6.336319701423811,5.485506544985834,chilli_whitefly
5.873723981304268,5.764244190074484,2.1947821852050557,4.684993004395251,0.6746578065740045,7.520249932567035,banana_yb_sigatoka
7.616689419590698,3.2154981383275176,2.420756119128271,5.587024556177196,1.7616657622741239,5.331639810347468,banana_cordana
7.620730512833568,3.7550858163542893,2.3909623877690778,6.000920686292082,3.094176312284962,5.197466113462653,chilli_anthracnose
4.484957510080246,6.894011212996743,5.054385820216455,3.6184318383746144,3.392948488881328,8.259865686053846,cauliflower_Blackrot
2.895933637522589,7.3906933801444845,10.0,1.9773304284032112,2.621722042435971,4.364958788226184,banana_moko
2.9060029812838115,4.3814368722993695,3.4238052601683466,2.036168793578213,1.1343783191455092,7.451961026367784,cauliflower_Blackrot
1.3116055917437164,4.34376927051153,1.9606960757408018,0.3478902746394821,5.144585060787403,7.127716273230276,banana_bract_mosaic_virus
2.520608738936229,4.691336729811827,4.02211896254014,2.518440172949611,5.617992973126666,4.6600967650655605,radish_mosaic
4.314480170904071,0.0,3.5789806839082305,0.0,8.643641329185021,1.6967345014582969,banana_insectpest
8.159785433805938,6.083588570619867,3.7440622411669007,7.107010555925785,2.2289479240241454,3.0612935618383075,groundnut_late_leaf_spot
0.0,0.07025445214280271,0.8245956616672309,0.4304550522707314,0.0,0.0,cauliflower_healthy
2.3214123654396,6.011758035248981,7.378096833366557,4.590331308524445,2.9925385142789214,5.189569174701742,banana_moko
3.178538374598073,10.0,6.004363970745999,0.0,3.9009985312161786,4.6375814342999355,chilli_yellowish
8.589993409827212,2.837245533623742,3.307816487990213,6.6426150538383775,1.174850337126382,3.736989307032753,groundnut_late_leaf_spot
8.530770399761309,5.775378114233048,1.2091714080083955,8.594375693853573,1.9809605520380469,4.903849704441333,banana_sigatoka
1.40218524106534,5.722788419606115,2.3916185892889756,4.9082073481601896,7.131864457770759,5.369524257191712,radish_mosaic
1.2244061528701136,0.0,0.22791883919407,0.0,0.0,0.0,chilli_healthy
9.938331042542302,3.9215077196855272,1.983796106488428,5.671920414724659,0.640367804880533,5.083841636029066,banana_sigatoka
9.533427986036617,4.684584797036289,3.1220678501661236,7.797614124365313,1.6245962323381735,6.237103206040288,banana_pestalotiopsis
3.8927927564605675,8.393460574373382,1.6922363469996795,2.782320081236034,3.2073747357255407,4.456838358774151,chilli_yellowish
0.3613883869663865,0.09430617098750589,0.0,0.0,0.5835979916795474,0.0,cauliflower_healthy
5.885820220081404,4.4859398530267764,4.638604445913541,4.412026418063563,0.7196923212664011,5.172379369194347,groundnut_early_leaf_spot
3.5724695039906114,2.6526119034796567,4.103023384412344,3.7287911752702083,2.85971624438888,7.386879254545071,chilli_anthracnose
0.0,0.3035755203896532,0.0,0.029020151032120193,0.1025387899918986,0.15509160905413252,groundnut_healthy
1.2513029577861046,8.01359697586211,2.534527410078936,2.4432738332239303,3.818377403187176,8.310116189099972,chilli_yellowish
1.070485148165177,0.007208281317774322,0.02442419660474244,0.0,0.24836887838785923,0.0,chilli_healthy
4.331920918613417,3.4345767809905747,3.2840451296659237,4.517527206958917,6.369242879217539,3.0388884160081635,banana_insectpest
7.200066425350914,2.469502817035486,1.6251037234026657,4.256868596855852,1.1681470069606001,3.9546517224394275,radish_black_leaf_spot
3.4529329686245154,4.280807476809683,2.8250778653879545,2.9492851833363005,7.178535155677334,4.5858340608977635,radish_mosaic
6.620525806448975,3.531791983017511,1.1138844321273416,4.842125376908909,0.193016720791082,7.762692644146847,groundnut_rust
1.1589101799406638,5.9920445555533615,5.675034036942517,3.6531510535274494,4.12441672418338,5.689743313917924,groundnut_nutrition_deficiency
7.0359896296514295,5.196562169998529,4.60639185139315,3.5755539492933015,3.1100627396980385,4.7745886159234505,chilli_leafspot
0.840648172245092,4.095084358622744,3.6249317336808082,1.0053262271317773,9.824612970118379,4.329058042156201,chilli_leafcurl
2.7683569508009294,3.47600068726298,2.842353489099142,3.9541622657267856,6.658738420472189,4.90869848714142,banana_insectpest
0.0,1.0498762739979945,0.0,0.0,0.0,0.7558367070927156,cauliflower_healthy
8.42843370370248,2.66064814786881,3.785626191609773,5.678240260501519,3.0551687512507715,6.047171038492158,chilli_anthracnose
0.0,0.0,0.0,0.0,0.0,0.0,groundnut_healthy
8.480834980399766,6.622876740067089,1.7041147348885108,7.882158535664909,1.007657849155978,3.782089763905902,banana_sigatoka
2.9949577015306126,7.0464348278157,2.811115697510459,1.9229554460567437,0.0,8.446497774400864,cauliflower_Blackrot
8.050275105385131,7.164002970334707,4.384203419737853,7.395088401825408,2.522655582790837,5.199782327092576,banana_pestalotiopsis
3.157722273521092,3.7615562476704327,4.124017133332827,7.6395913420288775,1.1090661683449965,4.094335151159854,radish_downey_mildew
7.496351653257203,4.18814974427138,3.71052357984299,5.747613235157298,2.642784861622969,4.6774985222687215,chilli_anthracnose
8.82994953395781,5.0533912374869505,2.948911174679035,6.973563912979672,0.0,9.59137268407277,banana_sigatoka
7.3931421661280305,3.631494053087519,2.0210694050999383,4.433827374156376,1.7049382853200703,4.882517796890698,radish_black_leaf_spot
1.846403629743926,1.0862533318833791,3.7878072998102725,0.0,10.0,3.722298326554009,chilli_leafcurl
7.329445017338051,3.6255136815367206,2.5946218869703164,5.247095118688352,3.4746278602406715,5.553293638755722,banana_pestalotiopsis
7.353462639176941,2.129178822179314,2.5075652163019795,3.6387313575545477,0.5407201772883119,6.077002003565533,groundnut_rust
0.12200303157139976,0.0,0.0,0.0,0.0,0.0,groundnut_healthy
6.115581042146234,2.4956615103241355,0.9188097229148924,5.4570906003699235,2.20308747611167,6.549805286760853,radish_black_leaf_spot
2.608424326562428,6.9311255619111565,6.325461794293914,2.1505068711911095,1.6847039027761952,3.084927237711064,banana_moko
3.3345788753679177,3.0282863246061202,2.3102481273416196,2.5355369430132972,10.0,3.8641952220519236,chilli_leafcurl
8.04026191618189,1.4363976938222345,0.2320637925275697,4.583943376153734,4.046046157273652,5.228339491906906,chilli_leafspot
2.9790242120942194,2.303512645055751,3.499107190869109,0.0,8.098767831817174,5.074552268409798,chilli_leafcurl
5.50335873003155,1.914026409719029,3.1049005617966436,4.615676011616283,0.0,3.130934423402885,groundnut_early_leaf_spot
1.0591937989538123,6.866936382265175,8.561662970155338,4.865561246629678,1.2160852452351778,5.672480015729384,banana_panama
3.3102702849195667,5.763021853655424,1.6011083366268453,0.0,5.036509907840914,6.512242379952789,radish_mosaic
9.555961812281076,3.600342854829373,1.6689251342717912,5.530717351543274,1.6798491844979875,5.221836959977035,banana_sigatoka
9.679125650279964,4.0782323916977745,2.131938245999935,6.229481796782972,0.04751394170544909,3.5258494657387613,radish_black_leaf_spot
1.93986707308578,4.069893232791257,4.570006040465193,1.8210152132393076,3.758233803865547,1.0936269976840123,chilli_whitefly
1.335652023049229,8.560352583280244,1.595995576272165,2.8135559475192014,2.9372434349147922,6.629945836919624,chilli_yellowish
8.74091435711279,4.191902912528153,4.065364722694618,7.678180791683186,2.937410403545119,6.741534053367908,banana_yb_sigatoka
2.442318003447452,6.0105461311584865,9.069436856912107,1.6812888400851063,1.8213405731637136,5.494561420064504,banana_panama
2.0010280539319334,5.114420329199334,3.784443552729382,2.9349567507060224,0.0,6.979762705022413,cauliflower_Blackrot
3.9248325072073182,2.2917481502154717,3.646908993236251,3.6279000629935787,6.759576906647004,3.278210510561818,banana_insectpest
6.728225329718168,3.440838608179414,3.0963015514798995,4.036185259183586,2.791226282751426,3.6746516787489174,banana_cordana
8.270024279014207,4.008935246810177,2.9236999260941383,3.776766215617202,2.2418236053784923,6.926956993340523,groundnut_rust
4.605332603995029,3.8631931221953257,5.203631789565541,4.578361392463471,1.0889797445989948,5.014456339112569,cauliflower_bacterial_spot_rot
2.9567027582480403,0.15313409411543777,4.4739932526533535,0.23556926815256718,7.538794346872219,4.834323072506497,chilli_leafcurl
1.2936245677022438,0.6659401521376769,0.0,0.0,0.0,0.09112922179102112,groundnut_healthy
0.028330197079259323,6.225360405651027,8.055391116015604,2.244031351998521,1.81809209057817,7.1550034629601225,banana_panama
4.699744569061777,1.0029804545147676,3.2313946578130373,2.7766879194692886,0.07297902917872723,6.369247786107154,groundnut_early_leaf_spot
8.34248826890386,2.9646348519386683,1.923517135320018,4.695361846458719,2.2707361609502645,3.4443860190359286,radish_black_leaf_spot
2.370117644557202,4.685930452968539,4.474221127697895,0.5124718263433732,3.2020618288104163,5.807995586318937,chilli_whitefly
0.14707294194455295,0.38663061071007226,0.0,0.0,0.0,0.0,groundnut_healthy
3.8475763374294636,0.8938775624746063,4.747570875467706,3.614704684648904,1.5339065108134697,6.267259275121157,cauliflower_bacterial_spot_rot
3.027210933161593,1.8731362275576353,2.906510344402418,9.13244196127981,3.8078343635747203,3.1288982968074657,cauliflower_downy_mildew
0.5217575742403038,2.6951583740955636,4.11452104209093,0.4743056222757558,9.86473265841472,1.2578986063967799,chilli_leafcurl
0.10636570073465368,7.151895168067517,0.5118711414450221,0.0,5.112193290186372,8.734080794648522,groundnut_nutrition_deficiency
8.237248928850555,4.809399038121485,3.469751397520239,6.940378955844646,2.5575439524141625,3.4826536892889877,groundnut_late_leaf_spot
8.212116439966648,3.664107312195422,0.6888384649113806,6.291969870346501,1.628508471704299,4.927111211735479,groundnut_late_leaf_spot
2.807974577879949,1.8128851568147106,3.441819836408728,8.909446834319294,2.966098686125422,3.545748575493445,radish_downey_mildew
7.419609635074918,3.7039306910626713,2.7978963455653427,6.724374886752886,3.6495335210918656,5.431617017223585,banana_pestalotiopsis
7.337270611492826,3.655752425321676,2.2730695021217366,3.9307875835242183,2.1140662684804514,5.3457984643354,groundnut_late_leaf_spot
8.109585107650323,3.52497478713735,2.9277861948291526,5.510768615464186,2.5986011939339533,5.93049723619265,radish_black_leaf_spot
7.514245544695648,5.359365636609769,4.9168767518659475,6.77362776394108,1.214276269251261,4.387269800842905,banana_pestalotiopsis
8.528297636252478,2.0119805539648365,1.7104143344745761,3.65322729008061,3.6301355314629786,6.250295125012974,chilli_leafspot
4.974347216871528,1.6146033277282572,4.503174008775656,3.9688945952263053,2.7963043510389145,6.184370404889647,groundnut_rust
7.9400686111391146,2.6981533367466053,1.28298776637003,6.706843834038209,3.0866795965570946,5.174629660938154,banana_cordana
5.725834702250498,3.4011305592918255,3.718314109733271,8.886279247042474,1.2903807442420667,5.665558700768041,cauliflower_downy_mildew
8.958522912187435,5.086861120596838,4.814748994275728,5.319914518717914,0.8754250187164397,4.583447417721501,banana_sigatoka
7.863709530577818,1.4480724505546037,0.8522763478183895,5.566887533456453,2.780939234243158,4.426736018542792,banana_cordana
0.24098249422287968,0.0,0.0,0.0,0.5135479348420212,0.0,radish_healthy
0.0,0.027467055499924363,0.0,0.0,0.0,0.0,banana_healthy
8.294598418153175,4.693775394182859,0.9544536501874612,5.900239769134207,2.988107821474774,8.134760113081155,banana_yb_sigatoka
3.072076717570393,3.6064668140785643,3.6043965706598673,5.688169034479558,1.0125588740024267,9.563411409294797,cauliflower_bacterial_spot_rot
5.39593855935305,2.9703174950371185,0.32598907206026384,8.45089625806359,1.355402885134016,2.219432973960012,cauliflower_downy_mildew
0.04349038516887877,0.0,0.0,0.0,0.0,0.14638001045742136,radish_healthy
3.4382028012579853,5.293876762055275,3.276043781466214,2.68827060425291,0.0,9.188680192931347,cauliflower_Blackrot
0.0,0.0,0.5923777517055284,0.02598586335775043,0.006572394279883953,0.0,groundnut_healthy
0.4851242573340779,0.4755351758694543,0.0,0.3615479435767407,0.3251918456979212,0.0,groundnut_healthy
0.8520648147664212,0.0,0.0,0.1530166411817551,0.0,0.32530247681570484,groundnut_healthy
2.167293337292931,4.52719962436582,3.026989485824218,3.969574935897535,6.788560689531877,5.072575890478669,radish_mosaic
0.0,0.0,0.24093303085924575,0.2736323986889835,0.2744419176586822,0.0,banana_healthy
0.21455971480202818,3.54058258057401,9.448240420094123,3.7465213806983897,0.2907778531198816,6.528071914827774,banana_panama
9.522253833947524,3.11020210010473,1.587492176587868,7.145753277039455,0.40065856853774384,6.8029022523210285,banana_sigatoka
2.0744766999870228,4.396508419954377,2.7451660349465055,1.7492984511549539,0.5115809298318748,10.0,cauliflower_Blackrot
3.5518449362935938,2.6966708700877944,2.233017086713304,3.7050787145223967,0.5710085832739265,6.948635476110427,groundnut_early_rust
0.8862417273802581,8.861319759036322,2.287845960610988,3.7371992056898304,2.314365388905865,8.89697788755188,groundnut_nutrition_deficiency
8.940655089962348,3.1252271250278554,0.9214591420122462,3.4036236491132126,0.7730555310675598,5.105980134309351,banana_cordana
0.0,0.0,0.121720357120065,0.5525567716370451,0.0,0.0,groundnut_healthy
7.5927238215600585,3.703884953367894,4.944133926007725,7.026421448401304,3.7372159885653424,5.376347252581123,groundnut_late_leaf_spot
6.525867096165028,3.0249769648960583,3.593536922322984,3.7461715223521335,2.429830442889612,2.1786453585009165,radish_flea_beetle
7.5488197047777605,4.326693042822804,2.4127029186066955,2.7056405355931386,2.4860424630268554,5.985337388374464,banana_yb_sigatoka
8.846658277755184,3.1866300451003875,0.7958794270901253,2.8374110631580067,0.6016733201333917,4.002414309049261,chilli_leafspot
7.093693256675187,3.3251056112489294,3.129124123467541,4.269689833316866,1.944050281742397,6.328313487914013,chilli_anthracnose
3.9437161297400745,5.810465127303285,2.929725539345935,0.8324038825727647,5.942180487625931,4.5961666724013375,radish_mosaic
5.406567498657265,2.0553483746579237,2.242327884002578,2.2630452915674084,0.0,3.44879785113692,groundnut_early_leaf_spot
0.6760577238098031,4.147858868177104,10.0,2.1242457847390104,2.7173825413140893,5.687956499783466,banana_panama
8.976544093906515,3.9146217253707576,4.51776434186062,4.101614826355755,1.1007904398559503,4.697096333911555,groundnut_late_leaf_spot
0.0,6.545252530865277,5.604113990251512,2.7412272659160086,3.145211091838574,7.436407177406778,chilli_yellowish
4.058181936240798,4.031714687440592,1.5269709088339305,2.0525654679286576,6.508681952809133,5.0914397640621125,chilli_whitefly
0.5608610936430414,2.899499085648356,3.002542105220967,0.7423665431357953,7.492613670591136,3.946546162906254,chilli_leafcurl
4.1996980037687015,2.6616429803842494,2.6056167744567986,3.58757668450138,3.5387281708397804,1.5163398485569146,radish_flea_beetle
5.919255118422558,3.7660703107300595,1.6056578291012185,5.723824917298812,0.3470631974629689,3.8046485127132468,banana_cordana
9.66974956034713,4.745306828192083,3.039328365066938,6.02546718100111,0.8784873261218347,7.09310246738367,banana_yb_sigatoka
0.0,0.0,0.2837428642844901,0.0,0.0,0.5440917844668985,radish_healthy
0.14806679494280237,0.0,0.7253997331543697,0.0,0.13081263179038544,0.12305885318829182,cauliflower_healthy
0.715770124526802,9.062848735410185,6.924400809689526,3.2631628046405234,2.950231172465681,4.315231483759865,banana_moko
4.361567639785268,4.1936992274420115,3.756018057498992,3.3466439999520423,2.6597627761337828,7.183817161097816,cauliflower_Blackrot
10.0,2.1642711038687965,0.20688376512051354,7.217045333778919,0.41014670343171455,5.247541662362711,banana_sigatoka
9.346867930664713,3.594417294220446,0.0,4.2600516329985165,2.386354504560735,3.8793318391855602,radish_black_leaf_spot
9.157343189610176,5.06181109936139,4.461496331923356,6.167434698517813,0.8808227946495615,5.673087718882954,banana_sigatoka
6.629260989528269,6.212064596886231,1.8868378189349875,5.677910851110046,2.848282736752305,5.907848944624886,groundnut_late_leaf_spot
3.846616748563213,3.0935147396453884,2.371857084198652,2.5517776900255256,9.316639225083534,3.526384349607396,chilli_leafcurl
2.1629496690298624,3.0574129136162718,2.661848484803815,2.087863340374958,0.21360697215904678,8.23396124718891,cauliflower_Blackrot
3.969053791015884,3.856584250015061,5.086968174898923,6.874199925875377,1.3691542336376203,3.885360511509355,radish_downey_mildew
7.132658943462557,1.2266734706960196,1.386015997669909,6.2994097206996695,1.6316071449399179,6.701670416443129,chilli_anthracnose
1.405612421619355,6.846891183245363,5.252794229596823,2.1145487179801834,2.934349834495231,8.51860418728036,groundnut_nutrition_deficiency
7.120488754269758,3.1117212969415498,5.545192279014131,7.1734170775851975,0.0,4.321689512947516,banana_pestalotiopsis
0.0,0.0,0.2552736079468337,0.0,0.47665515488300575,0.0,radish_healthy
0.2981498927306062,0.0,0.3138511972759607,0.0,0.0,0.0,cauliflower_healthy
4.101564085505764,3.017587091844152,0.3245093110657473,5.878661687709194,1.3338498130356655,3.4115559297319797,chilli_anthracnose
9.520553771269688,2.3274346649204203,1.7726661108146975,5.986597659264563,2.042722361486041,4.937362993444568,groundnut_late_leaf_spot
8.536772642555162,2.9010939506397273,2.2995313498516543,4.0711551822699,0.7788531978007457,5.752992168094387,banana_sigatoka
8.239055445209988,4.3520461641931,0.6908402837417622,4.507022854454498,0.0,3.7420947636535176,banana_cordana
0.9694070456977604,5.739409431435772,9.070044348981474,1.2753692825156544,0.5881528877883548,3.4970490733139954,banana_panama
4.166316412128761,5.172114724444789,3.0083616576809575,1.5293244663871715,3.013815906549844,7.9124366817424665,cauliflower_Blackrot
0.0,0.08841043606969899,0.0,0.0,0.8367260451492685,0.670230525895174,banana_healthy
7.012423143812057,1.4257965211798085,0.721863604309553,4.633730354774399,0.26858535740886025,3.775634436417465,banana_cordana
9.64255049689156,5.450812238681197,0.0,8.277004842809253,4.006538686428272,5.458030692987664,banana_sigatoka
0.0,0.6891614646162887,0.0,0.5741422815599725,0.0,0.7814116328218752,radish_healthy
3.9636549727044046,2.656794933743867,3.321151561998285,7.350016945064713,0.0,4.596039067883826,banana_cordana
0.19030894423878797,1.1096726554922292,3.9073054568340067,4.104725747014372,6.628540722731627,3.7586706456526886,chilli_leafcurl
0.0,0.23734561224250222,0.0,0.03774900449970163,0.5106816174498358,0.4556065518976883,groundnut_healthy
9.316506701787091,3.329440513525191,2.5607026582193475,6.346844624422849,0.3946927800433967,4.176128640457218,banana_sigatoka
3.521557861020173,3.0928491393130004,4.421159317388071,8.308063007354889,1.2056777840990867,4.4788057110926225,cauliflower_downy_mildew
6.7613977808734855,2.1612655101181204,0.9540618926932298,3.1019585915301215,1.93183112394145,7.596794116438266,groundnut_rust
7.310477770179931,4.597065658711493,2.6194766009112413,5.035878870994491,2.685469052283487,8.668772315139949,banana_yb_sigatoka
2.426589855711214,3.1679856766810213,3.139796034831229,1.7681333547697404,4.901045745541645,8.142311770594617,radish_mosaic
0.0,5.534442037311058,8.788639795738826,0.0,3.0056170905249715,4.91834918412339,banana_panama
9.579496756593528,5.034436193015923,2.492181881256313,2.7543417022904073,2.606268853967711,4.942883305857792,chilli_leafspot
2.304854339545734,5.391496982075012,1.9063899710521532,1.006703945040818,2.455492658866189,6.892675768907997,groundnut_nutrition_deficiency
1.484787379406343,7.712271103081588,5.310135748724303,2.946673556941384,4.458564650495745,5.531596873527075,chilli_yellowish
7.65554109760444,3.007706723773125,1.4763369313681176,4.868468235289003,0.8939644489535976,3.555986764141447,banana_cordana
4.855468564830589,2.4293852750238774,1.6239576424579116,3.7037142019908194,1.4769207686269024,4.806418284034552,groundnut_early_rust
2.9997563940780134,8.594644484331205,3.1690930540643367,1.4952567890527741,2.7370714051996474,7.081800520463903,chilli_yellowish
0.0,5.439742165730305,2.7866266696426623,0.3234812806034135,5.380063370418265,6.530190272315177,radish_mosaic
6.812269990556526,1.8444203622094055,4.301927729024976,3.6142418229699995,2.411732796117639,5.974020073706264,groundnut_late_leaf_spot
7.379923474973776,2.720236880945938,3.7374293193816364,3.665072972368064,3.093738830980158,4.48785623489189,chilli_leafspot
8.447177823776066,4.199791752538149,4.851283640735732,6.292170092564124,1.5150114086248367,5.002153847453728,banana_pestalotiopsis
3.7426411476774444,2.1379232652726503,3.2862058485703143,2.283361776750817,2.9923389314615845,2.4047073931709075,radish_flea_beetle
1.4786045270812214,4.6289934518376326,2.2665605259604553,0.4255016540038272,7.506907350688225,5.926471237336595,banana_bract_mosaic_virus
5.682827963705667,3.6095192039544193,2.2074631583909,4.064652558497321,2.611401659389287,4.751439230532521,chilli_anthracnose
3.333627421007712,8.218776079599659,5.2896895002650055,0.0,3.6302411592188157,6.812081720899764,groundnut_nutrition_deficiency
3.8548600138397475,3.054806089827512,1.7016649449852423,0.8564373997911137,7.403974256458455,2.607207071374277,chilli_whitefly
1.2024023876330199,0.0,0.2277304206357026,0.9379553612956155,0.0,0.0,radish_healthy
0.0,0.32795956982941826,0.0,0.0,0.0,0.0,chilli_healthy
0.0,2.099953565056169,3.3819062959001127,0.6057201804964503,8.926936827711957,4.228372150476468,chilli_leafcurl
1.6429237959680096,6.650848175973943,1.819933295560968,1.1506917441658506,5.792313810859357,7.018694857097761,banana_bract_mosaic_virus
2.174389422186195,3.6326807280026983,2.3032376642967525,3.0816520597147035,4.885758661350725,1.4427431704619538,chilli_whitefly
5.342314907420908,5.0935247558698515,5.419480587265029,2.60837161499377,2.3366348775786645,4.640042836887697,cauliflower_Blackrot
1.6000161276276508,0.482175044074558,4.586257190591763,7.943529751070736,2.2198902925504624,1.8512188084519443,cauliflower_downy_mildew
1.2375081437255155,6.95044877559126,8.667226516210748,2.2904582534377265,0.0,4.48561456770016,banana_moko
8.506807522557624,2.255639321538046,2.8164591247605495,5.0088811744904715,3.21660939328177,4.340349917411947,groundnut_late_leaf_spot
2.371417723597168,5.145779372085965,7.473400013715825,2.9268801705576504,6.1280265700881476,6.807929666094902,radish_mosaic
9.686066702723473,4.644835186685971,1.1936286159758052,5.105426845389472,2.6013866472831135,6.801532260214074,chilli_leafspot
5.8007148167179245,2.43465026316769,2.1887433062651147,1.8627763337782148,2.6578761954673444,2.8572702945212223,radish_flea_beetle
6.69100099224538,1.8832205225307166,1.3566772660542858,4.399870270365529,1.5340657295622815,6.659503382730507,groundnut_rust
0.8700586812995581,9.607121166984902,4.237221860450933,3.0495051749717685,2.6894389636693,7.433502740036244,chilli_yellowish
6.252183621630323,4.883500879537294,4.319298722151524,7.257945547229324,4.199736978078139,4.225092854282973,chilli_anthracnose
4.13956979833984,2.9418879833809535,4.813164522309866,1.9907911235785958,2.022314884949011,9.097841357717419,cauliflower_Blackrot
0.0,0.2545697378357703,0.0,0.0,0.2738848880097934,0.0,groundnut_healthy
3.0150247633120433,2.6288420208138272,0.0,3.3767220867721983,1.3087072564352038,6.229209161154561,groundnut_early_rust
0.48085798025661014,0.2533110849758734,0.19041234791895487,0.349000793755266,0.0,0.07595943187840438,groundnut_healthy
1.141635548888038,5.815517298721611,1.123560041939436,1.2597503074983698,6.0546862078845765,6.2180795828730195,banana_bract_mosaic_virus
4.0842936427809455,3.28294447703764,3.0316095464969224,5.226174789307383,2.605182818677472,6.4629857837186675,chilli_anthracnose
8.76540439299233,2.7488115874177605,1.1971127136081001,6.247885624875291,0.2732613523157631,6.191211656256323,banana_cordana
1.1946210703092526,7.563715227560929,4.192279393067532,0.8387685073072564,3.828923987502344,7.454634499290803,groundnut_nutrition_deficiency
4.851904708107258,0.659163726695871,1.9027003174653478,5.188758886592229,1.24168193797467,6.148419753787815,groundnut_rust
1.616585060097158,2.617833415922192,2.5680285917029186,1.4945371608767224,10.0,1.507408408839007,chilli_leafcurl
2.2376321587581556,2.843801127380738,0.1379894424348258,1.7826685251145886,6.823253819542344,3.8760961110451166,chilli_whitefly
7.976628241638386,0.6846212848487014,1.828670056195168,2.38679143342613,3.7908311424253154,3.1267489092958662,chilli_leafspot
2.2138220775034974,5.060733016606657,1.883276362006508,2.815581257533695,5.225229159316395,7.205946617334989,radish_mosaic
3.6027487232517417,1.1803731556185828,0.5279766999855151,6.682982395873798,2.0548211918724073,3.277379045464338,radish_downey_mildew
6.528587331079351,4.328727566404565,2.3829486667643685,6.199989206071534,4.472409852604198,4.718343433960511,chilli_anthracnose
4.0083175663421144,1.4924567503116895,1.4483622290312954,3.7116917921986934,0.0,2.6096138832125004,groundnut_early_leaf_spot
5.834011918550457,1.3444582022532834,1.2479393304920419,6.03487216685931,2.1437500544513037,4.615702504116752,banana_cordana
1.0824462945507287,0.6586756523260057,0.49214822259852287,0.0,0.10270663522887542,0.6045431990070023,chilli_healthy
5.093341210372537,3.32273183190242,4.152157909852614,2.710438773958426,1.773945980832876,5.234918489612549,groundnut_early_rust
0.8326825798879991,7.4879464410672085,7.792845038850999,3.766412567856361,1.9237117529766543,3.2588865306665307,banana_moko
2.9839715646142366,6.747704817466914,9.287829295019156,2.583571992020266,0.0,7.947908028633664,banana_panama
5.658920009086519,1.386784794203338,4.025552772660843,7.204205149028852,1.3012795249894675,3.445629282434459,cauliflower_downy_mildew
5.56238534877115,4.596146094549066,3.630140886207004,1.5839001307901088,0.22612496962679474,7.124675541382821,cauliflower_Blackrot
6.443118641587428,1.577284790670649,1.0389909006046532,5.877497489268897,0.0,5.1211944960711975,groundnut_early_leaf_spot
0.5079695148687753,2.096049523058312,4.586885189774076,0.0,9.991900758164698,5.649757564065736,chilli_leafcurl
0.0,0.8211005114228755,2.4835023495752586,2.641826828498293,10.0,5.948633694786571,chilli_leafcurl
7.418445722479903,5.172101156817772,1.7092194197101351,6.403899654550842,1.4507785259851067,8.256055256530917,banana_yb_sigatoka
0.9737719030694516,6.848677648565132,10.0,1.7678868457025532,1.262066785053009,7.5466361102475625,banana_panama
5.280244295929835,2.6124743915271913,3.481754999046443,9.7117967272623,3.681819575876432,4.514579065122139,radish_downey_mildew
0.7177908414176757,6.094169736156952,6.06011529902122,0.2115475632725069,2.851958273547718,6.463697965256781,groundnut_nutrition_deficiency
5.1583172612565376,3.8651869841171034,0.5781190662825644,9.587141409512927,2.1121501901196233,4.470453404642207,cauliflower_downy_mildew
3.92623761825143,9.954320654978645,4.469977689667061,0.8111437743342869,1.620961278374325,7.6215680515481985,chilli_yellowish
4.8660463914445256,8.421107974235408,8.867392273982615,3.134158989844066,3.2085886407160027,5.621593731669742,banana_moko
1.618841860131269,1.7638590918801824,0.29364981642931376,7.610342006330295,0.5465381620399239,3.0228179215123907,radish_downey_mildew
4.179236178725427,2.4369683552655936,4.008614160289531,0.0,7.192587548768176,5.65503724727669,banana_insectpest
2.80432646432763,4.9073382114102175,2.3617490485172774,1.655952413835616,5.804200714556556,2.9623248755207707,chilli_whitefly
6.244883927568654,4.840473251899799,1.3570382443372426,2.951170450888464,0.0,5.482973944008326,banana_cordana
0.0,0.0,0.1482877725703809,0.23159239763379236,0.09864613281560322,0.15565433672144244,banana_healthy
3.849790685940203,3.0162585246618967,3.861730920937363,1.5380685339079025,7.649090222273188,4.051403000629479,banana_insectpest
5.2487910010323695,1.6377849270166933,1.0248730874292726,1.8564380888011145,2.0117804471157896,6.250352736582777,groundnut_early_rust
0.42786766043042057,0.0,0.0,0.0,0.0,0.020214469916733594,chilli_healthy
2.105557132969131,3.0925533229422095,2.1476749220257103,3.0032601514571766,7.338484050327182,6.327629731274061,chilli_leafcurl
5.016402149049098,0.5738772907289056,1.0191346397311538,0.8636176646364628,4.4932252658708025,3.4849388531838232,radish_flea_beetle
4.4728975098583845,7.106409010931845,1.7012430218251118,2.1658851411452265,6.774451139502177,8.642357869038818,banana_bract_mosaic_virus
8.957570305498287,3.33386892648598,3.0146036187394865,5.888550598328337,0.47414177492925935,3.6162988019122615,banana_pestalotiopsis
2.9147193972029566,2.0210547297977133,3.779525838135463,5.95118845562048,1.2989250881694976,7.648824344991329,cauliflower_downy_mildew
2.073079329401122,5.080412970262288,8.682544921554333,2.4389119833114985,0.0,3.1381133892593014,banana_panama
5.305441161244337,1.2197202965248573,4.009762013522876,4.373046190389518,2.2995481948488106,6.952939121488255,groundnut_early_rust
0.6929306097520851,8.989452573452667,2.6835611209523056,2.1251435866786386,2.346364455456345,8.548613197153593,chilli_yellowish
5.752498213523783,2.161134449415203,1.8891994280552484,7.498954126007632,1.6659334561594443,5.966214923083328,radish_downey_mildew
6.970140761874048,4.344483188987042,3.6754927923421024,5.8710661418469,1.9077615115956055,8.576167793590283,banana_yb_sigatoka
1.2037957107737793,0.0,0.0,0.8219129650445465,0.0,0.19679032516785788,groundnut_healthy
4.0083818995071265,2.2365618705574457,3.4813659135170756,10.0,3.223914326513306,4.6416447395634375,cauliflower_downy_mildew
1.0024008179693844,4.355502318267958,3.9407677715911382,1.6531985376785392,5.151507047256719,2.2645704063907117,chilli_whitefly
1.5659153237819325,4.0642171291762725,3.0769230779402705,1.8232762069844657,4.65262007697458,5.052930933233264,chilli_whitefly
3.5170239034397968,2.979135733664588,1.948772034651761,7.5688415305771635,3.5301436979571212,2.069114789875008,radish_downey_mildew
6.911145337800205,3.925322731633001,4.268621446261309,6.3647642134732,1.1334381556055027,6.691985013939368,groundnut_late_leaf_spot
4.5722874553699056,1.1697774760053625,4.766252454460117,3.6336290157777222,2.359039719306675,5.251683743600833,cauliflower_bacterial_spot_rot
3.302782711831977,3.405403595154609,2.061913028289976,1.192824986043729,2.4845889734028184,2.5140625327830217,radish_flea_beetle
0.15330989349096105,0.07423184077344445,0.25887890785442036,0.0,0.0,0.2007334292407728,chilli_healthy
5.104175112776999,0.2954923015671391,0.8762020239406865,2.8647667048124643,1.1902800345623317,3.267450081126669,groundnut_early_leaf_spot
0.0,0.0,0.0,0.0,1.202312246036235,0.29908406697637807,groundnut_healthy
9.072356621480086,2.520436577262477,2.269621670902263,6.119108998247707,0.0,1.8870294256230689,banana_cordana
3.4912490110677554,0.8463700093009479,1.989403483258216,6.51249974161628,1.6769968034049305,4.797031924328311,radish_downey_mildew
2.202358913818783,4.854709481131335,5.638672444518613,1.9442041026481305,1.5400656054221755,7.2925052048766466,cauliflower_Blackrot
4.14083933217927,3.102055032240218,4.7126538874812995,3.672241427536897,3.6191887133728873,7.84561953823396,cauliflower_bacterial_spot_rot
0.0,0.3726255543221024,0.0,0.5447163991110127,0.0,0.7265577431436192,radish_healthy
1.304653706650468,4.480367311785783,2.6533291027991432,2.0184650774015225,2.5057763013313727,2.628177330371402,chilli_whitefly
4.508880233822142,2.0473364578888873,2.276908571357767,0.4210210202869915,7.337211100338168,0.44088524861419653,banana_insectpest
8.008744031805463,3.656080281841655,1.7132814809963668,4.559810705822375,0.5298902211474137,2.893107778601797,banana_cordana
2.6724238217624405,0.9317647088517609,3.507023692869023,3.7297386840907065,4.064902495325817,1.5436921315966659,radish_flea_beetle
8.32369993395204,2.813093629700148,2.8961446071832766,6.309174833143358,3.995332747015363,7.561316032158746,chilli_anthracnose
7.455920630410198,3.7285527646196126,3.2780265851463,4.4420949306898665,2.47201581923173,8.942819495197156,groundnut_rust
6.737204636476166,4.429358663917574,1.5679490777480216,3.800195457961527,3.2215484629152313,5.4447415686112866,banana_yb_sigatoka
3.853163287932879,5.113287208342043,4.9928964217904355,3.5103421148750016,7.857427282550412,6.834600576536677,radish_mosaic
2.660062518829462,3.837986654163638,2.1264506073751517,0.0,5.278358827258543,7.3837383209710445,banana_bract_mosaic_virus
0.7909405623791264,0.0,0.0,0.0,0.0,0.26611886842575855,groundnut_healthy
4.855346398579183,0.0,2.845636893804553,3.250035869025175,2.577179450507309,3.8964467120923643,radish_flea_beetle
1.4957758194849713,4.661858469367392,0.3866593867588677,0.0,4.795031079897519,6.078642921875046,banana_bract_mosaic_virus
2.3428781769385383,3.981041411814357,5.993189011682238,5.012260349466544,2.3681479549537423,3.440256938738267,cauliflower_bacterial_spot_rot
7.795457522400895,4.40816862898239,2.2172258704444485,3.443801662452984,1.4796255421031699,3.218371727449805,banana_cordana
2.334062834385059,3.3347921892683154,3.5460541130906664,3.186871399061677,10.0,4.6277920400825945,chilli_leafcurl
6.584410761369786,3.1110376700892926,3.2309834399622757,5.485355804573932,1.8847871388106485,3.2950584701731516,groundnut_early_leaf_spot
7.652998105722839,3.111568988509205,2.086725773143623,5.638714879898838,2.7868606652859187,5.11240523880824,radish_black_leaf_spot
6.058556854056755,4.085786542943274,2.4236900549710008,3.53794327671101,2.4312632927846036,6.426964176401556,groundnut_rust
9.296745450745002,4.93448774243146,3.5262073868506256,6.765463268911686,2.2162068265963386,5.36253566875571,groundnut_late_leaf_spot
0.0,5.992777650048841,3.162147901195566,2.758871695587322,2.9512897964857223,8.550888281093865,groundnut_nutrition_deficiency
3.220207737403076,2.1010018762228353,4.015394372252422,2.5757924424401994,6.677625096028309,0.7963682594755235,banana_insectpest
4.8278193131902505,1.5963977964537013,2.973182459322372,7.208741197473884,1.3376515822588466,6.032749527541586,radish_downey_mildew
3.867024927665095,1.5341083357741534,3.9328954617733443,2.405549033878542,8.069564424243707,3.0050758307929817,banana_insectpest
3.1712260946419564,6.924442226560316,4.551564781689779,3.0963286610816407,1.1602784986431738,8.810797343908371,cauliflower_Blackrot
4.797994838915371,3.287360386536522,3.354989546205193,5.913904249703218,1.985268159797389,6.340713465125666,cauliflower_bacterial_spot_rot
6.89408772383795,2.7554885838066956,1.4900443376989134,4.738861492738799,1.0354361838834971,6.703190122774538,chilli_anthracnose
4.280733242952082,3.021693010344978,1.4957241693716694,0.17668195606052395,3.6716943773052035,0.0,radish_flea_beetle
0.410125673177284,4.304729089319332,8.379783740191407,2.742839535906239,2.6704465019045096,6.133355250355814,banana_panama
6.880689458237549,1.6246896474562855,1.4410959283070452,4.716955429457623,2.0503377119622117,3.7685015546903404,groundnut_early_leaf_spot
5.426175963319561,2.9961889718794423,2.3535111451320465,1.478822547400482,0.0,4.103599622544595,groundnut_early_leaf_spot
3.462790760852325,2.63108118546082,6.789688111422748,8.7298911950086,3.35848200685741,4.921750854254062,radish_downey_mildew
4.7654779795119095,4.0440722602889805,5.051649634410622,9.451872752022926,2.5276036667276283,5.084669680763202,cauliflower_downy_mildew
2.5747972149485077,3.2039336532617795,4.806914074068081,2.573938395111915,2.2325584565205103,7.2324843607729665,cauliflower_bacterial_spot_rot
2.0350521815382043,3.966031873780065,9.984278877967181,2.9807674444859913,2.1449021225879537,7.462176257846024,banana_panama
4.229108478106127,3.128574395685082,2.7309108533421766,7.746998337614504,4.682512921708353,4.971173084717561,cauliflower_downy_mildew
3.814551370851985,7.864615702644383,5.0084288367856065,1.7298649271778606,4.829612091417081,6.993728083044616,chilli_yellowish
1.842889033848648,8.353887739922605,6.948989112205868,2.0330404141389544,3.2123295042032187,4.946766253386126,banana_moko
8.954011397163153,4.982519165018579,3.3281294223491944,7.49774135449509,0.0,3.6815218097760485,banana_sigatoka
2.753127557074197,6.66459104404416,7.8100334263884035,2.7793753282089484,0.9851922746070645,4.983081240911994,banana_moko
2.805821821775945,1.7821962054371994,1.3875219442685744,2.2141719966624676,8.71462924937628,1.2310414415494733,banana_insectpest
2.1611547982694894,3.059099923103609,2.078640459907313,8.038094329294363,2.384484224731641,1.4275765252857529,radish_downey_mildew
8.048369239196298,6.073916073878673,3.709308637590266,5.812308865448637,2.9164017796627943,7.480884704429935,banana_yb_sigatoka
0.0,0.15285059537488854,0.27571826908777264,0.36291057401939864,0.17464638617710376,0.0,cauliflower_healthy
0.2783589883167094,0.30644203588159186,0.0,0.9289250756453324,0.021562715476524583,0.15096584255935194,cauliflower_healthy
4.718699205365092,2.347568348265139,4.2006579908418455,8.89183681390992,1.6292462349984314,3.493888461769962,radish_downey_mildew
2.3588855727933744,4.24018199776891,5.41598513531693,1.3717355088470586,3.7528072413463116,1.6389666922616768,chilli_whitefly
5.574728226719158,3.1654620958310096,0.7907923222546873,2.7594553039764786,0.7039799588939053,6.542744598940171,groundnut_early_rust
6.304441002573114,0.5325259765333235,4.085504499893071,0.4477908497550851,6.165166147363523,1.8982476199001102,banana_insectpest
1.93155059977647,8.420784931836266,8.41019025674596,2.9279549499737225,1.2776666696777874,4.240122323942027,banana_moko
6.461811356902698,4.567940483154057,4.383803638145814,7.6319741413754,2.275571666681356,2.41806844956407,cauliflower_downy_mildew
2.7664762664350215,3.62839410472342,3.960117838761315,0.0,6.36316255828684,6.094868979976771,banana_bract_mosaic_virus
10.0,6.09195504903267,3.768031942061195,6.427695100241252,1.2066354653708333,6.759314583213078,banana_yb_sigatoka
7.400153083506978,4.651638735147583,2.719322639455687,5.764688147187675,2.4916224124958597,4.283607693894881,banana_pestalotiopsis
10.0,4.504644047084883,4.217730924926663,7.648021362067769,2.274600937106392,5.6117820638586515,banana_sigatoka
3.08797806297114,2.3363495503590883,3.350981025530755,0.565117079574304,8.72174642992652,2.847987373374606,chilli_leafcurl
9.032219166074189,4.9723120532504,1.6134578474188086,6.8700972533370095,3.8321751962927184,7.283069846275472,banana_pestalotiopsis
3.4390987980965075,7.239512707699827,4.913121492896349,1.4247497679746584,2.7355087401407943,8.11536227355951,groundnut_nutrition_deficiency
0.19534796046407207,0.0,0.5236588533107241,0.5847949962138868,0.0,0.0,banana_healthy
5.451998892114329,3.086461020223987,3.6491739447850864,4.231340893269158,1.633945998969601,3.6428289568042045,groundnut_early_leaf_spot
0.46017300517596427,0.0,0.2167845024098982,0.0,0.33373128599451474,0.0,radish_healthy
6.502590844359332,2.8524372640387567,4.55993879770876,3.5837632144904674,3.0300478783665525,6.438217248363175,cauliflower_bacterial_spot_rot
10.0,4.710536680341902,1.1519970751122315,7.86351939714987,0.9157316553104492,5.655468594165189,banana_sigatoka
6.7672238923388335,2.833232722133872,0.01873592592570139,4.498087011638901,2.796943610201344,4.951373139767682,chilli_leafspot
3.2749456122216514,3.744667279870998,3.95291157866885,0.0,5.245948828908864,5.950828994270406,radish_mosaic
7.702303943112856,4.403016717664083,2.6196760013438944,5.505938531795206,0.5406190228159,5.27269940133641,banana_sigatoka
9.671437627701652,6.9685109885350744,1.4845797118218804,6.176766256762134,2.174631053848369,4.982962316282405,groundnut_late_leaf_spot
1.217122497188501,5.960956879698628,5.001780590401105,0.7172725079633413,3.568452965889086,7.608192293653381,groundnut_nutrition_deficiency
5.929507014318408,5.731411875454928,6.300745562326904,2.994918128022003,0.10978820678982948,7.541874563991149,cauliflower_Blackrot
0.3253228141835693,0.6305531394722559,0.17927892418409538,0.0,0.0,0.0,radish_healthy
6.802286446677158,1.8948581766130013,3.113433081106162,8.167306941404354,5.20028626678401,5.1165869445034975,banana_pestalotiopsis
5.3202436209814525,1.0780889825700397,1.3022166510288176,3.4808482114396018,1.9298842958686435,6.450456399755972,groundnut_rust
4.719494353376504,1.9673912081936276,2.2743829798471067,5.49551690514858,1.6470521835485965,2.6945949427436564,cauliflower_downy_mildew
2.841066336360513,5.205517440549379,3.275504876370842,1.7141068377218551,4.8570088760585195,2.92940830899834,chilli_whitefly
4.089750715822967,2.2535975769265018,3.8726030660442508,7.373358982241966,3.5580440053361055,2.8826087178997724,radish_downey_mildew
2.522640175911302,5.707565490531364,3.4029894143628203,1.7216750985304565,6.156544110251061,5.867596669947945,radish_mosaic
8.77856217938189,4.4447507580122805,3.9029294816556064,5.2669578861598865,2.611113379437862,3.1507603170794445,chilli_leafspot
1.6333234464285955,7.959884309801382,5.6740397681448265,2.6679445812172116,2.2987613630484356,5.971134280121048,groundnut_nutrition_deficiency
0.07391104515162246,0.0,0.3534877322352996,0.12486274352679849,0.0,0.01042074106888601,chilli_healthy
2.7781380202815766,3.0197184978069167,3.070126433860305,2.1025264222638915,5.314048740171607,5.119490891606224,chilli_whitefly
1.9120414030855448,3.7259714908303616,2.3185071881841464,0.8554641442375597,5.2706244455761855,5.877725248656507,radish_mosaic
3.8729882449881186,1.3528777841027462,2.1196704646960325,1.1293780346697013,6.42455270288963,1.6633867471187798,chilli_whitefly
10.0,1.7991718603902178,1.115096311981504,4.4721572451094165,1.342630335769488,7.319951016574441,radish_black_leaf_spot
7.262363812390799,4.603461622142525,2.7507171031810183,4.2323922495485435,0.0,5.946868961699842,groundnut_late_leaf_spot
10.0,4.097473508914919,1.7844304850160508,5.87639054907763,1.3200012735092448,4.1489704729835335,groundnut_late_leaf_spot
8.931474205668927,3.4192798660585204,4.484616960346811,5.69462870802559,1.4503697803825322,5.57040191051299,banana_pestalotiopsis
9.908438478064774,3.696850157436836,0.0,7.356592028569866,0.9978054893870796,6.167978515585625,banana_sigatoka
2.523206930267096,8.012607411570084,8.471160938781162,3.544302628211062,0.10133219990422693,5.060273238998817,banana_moko
4.582999640352908,1.9892451398759177,4.904181015814645,3.2660738245544985,0.0,5.470587971047488,cauliflower_bacterial_spot_rot
4.7305256387930195,3.065307900552216,2.597744648187699,1.891161006417833,6.102914546064727,2.650175935552283,radish_flea_beetle
5.225749724818452,3.9868107584250616,3.8380789455952815,9.340375313168154,1.8888807256779285,1.7572311090077481,cauliflower_downy_mildew
0.0,0.4664143520460989,0.0,0.0,0.26605806709319085,0.6079367810994903,chilli_healthy
1.0939592049074016,4.275924882288714,2.946481593605732,0.1528178014013074,10.0,4.066276523777334,chilli_leafcurl
0.1231739764742494,0.0,0.0,0.0,0.6279685200078484,0.2872808587683577,cauliflower_healthy
1.4556363348899808,9.071471854762759,6.935204649373075,3.9261554126827933,2.4275033464473004,6.513823103042619,banana_moko
6.3880726260788245,3.0601081782849566,2.6670277418622277,3.920356192947935,0.0,4.593329108192327,groundnut_early_leaf_spot
1.1883292375288765,7.161128519492978,1.951810459226788,0.0,6.153725297892947,6.182738011030143,banana_bract_mosaic_virus
7.912701681857858,2.667846470821244,4.360017592323951,3.9768609587168995,0.22007721146186632,4.871620673654623,groundnut_late_leaf_spot
0.0,0.0,0.46108672825354313,0.0,0.5118511682950493,0.7689274756632408,cauliflower_healthy
3.140753447751815,7.888725402781184,2.625006146230487,4.436654867869043,3.26950875989999,6.792970752007904,chilli_yellowish
7.88025709357663,4.808167355389877,1.7036980070126544,4.688826617865878,3.144687957525602,5.479211445340852,banana_sigatoka
0.0,7.5937992647487995,8.394842381024851,1.2706113288612508,0.0,8.08912978391639,banana_panama
2.7312210746936496,7.758495260237696,4.802072044708944,0.12580391876024744,1.8841827443817483,7.234246293223007,groundnut_nutrition_deficiency
1.7224388684843608,6.308296508398187,9.765241628980524,2.1606057357988284,0.7555207117160048,5.798442722039396,banana_moko
3.403819041416747,2.2849145929622914,2.2810531287533515,8.9702916871887,1.6795187622226568,3.2037380267947513,radish_downey_mildew
3.1822171886794717,6.9815741125950055,3.7382151941147295,0.08209716860112781,4.901712685634683,4.809677396996256,radish_mosaic
5.081205787470142,1.0431861803173859,3.4324611244660455,3.6762890384788234,4.028295799401141,4.596309334987473,radish_flea_beetle
5.465818751268982,0.0,2.0203037590001003,2.1046547848979573,2.68283518414027,9.531303175206524,groundnut_early_rust
6.462563554934185,3.4025840917991723,0.5758182609866838,4.013704668298525,4.465042200309249,6.281005698944881,groundnut_rust
3.7414058626550664,1.6699671430084657,1.967221041702324,0.6957035660999451,3.8547443320368453,3.498645592604403,chilli_whitefly
0.0,0.0,0.34466459341866856,0.0,0.5779740037425252,0.0,radish_healthy
3.1207465330025306,4.616969188912867,4.501895259219236,1.4525191944698066,3.0658579238153583,3.188362352458512,chilli_whitefly
1.8622373014891236,7.680126071421015,7.21115293520633,2.9412419629698596,2.8536926953585944,8.735492241252608,banana_moko
4.981113941397575,2.9459359629572925,3.627807317986979,2.900614903534243,5.080514787454509,0.9046624408926545,radish_flea_beetle
6.107029812370295,1.1503080336035616,1.2425168808460658,4.889661250792361,2.403405598773968,7.842536967012102,groundnut_rust
7.268931823683725,4.098344790591938,5.012892164657207,6.339444370092258,1.9676523591711155,6.511409311947349,radish_black_leaf_spot
7.001124550000085,1.9484531585268852,1.1092787710492682,6.455331034044284,1.821346942319796,4.487318138220619,radish_black_leaf_spot
3.8089579460960326,4.215531461603737,2.7845641992288956,10.0,2.160512688865075,5.274141720349985,cauliflower_downy_mildew
9.365571935127,5.347963037336628,3.9987718635049374,5.9432512251497585,1.1161421329510453,4.97502309280647,groundnut_late_leaf_spot
1.0961210280024565,8.471049964785703,4.752667962700254,3.3942903435536538,3.25014866046284,4.3160258161351415,chilli_yellowish
7.78558293487042,5.903469297792542,2.262067076980748,5.009800920305355,2.271485706400906,8.341520587272582,banana_yb_sigatoka
4.530290706597043,3.2040122627762515,3.3452184524108666,10.0,1.9547384602812905,4.908072403424113,cauliflower_downy_mildew
8.34734128742079,1.291995846142336,2.1568926308218996,4.649261180873996,4.18226420737092,3.321971510647733,chilli_leafspot
7.800837910646091,3.26417422842153,1.4826800125691686,4.933059718628954,2.867520115081148,5.266853298716668,chilli_leafspot
4.824478955030699,3.7598490311343236,2.6661037005837387,1.9570093055522444,6.362254538368942,1.118568689561453,banana_insectpest
4.0663571457586105,3.706271706445211,1.8415415751546067,2.35619763071934,9.469541948545048,3.2144763748852148,chilli_leafcurl
7.285412009012856,3.5985447652916527,0.6827262095591853,7.067940115291304,3.7446613862577633,7.474321947204336,groundnut_late_leaf_spot
3.8752172280932706,2.1365765845367672,2.8253229965560474,3.2900231217810982,0.6003964336164285,1.9329342065436617,groundnut_early_leaf_spot
4.802323725489244,2.1015087604970426,3.7863223303423927,3.215497067182964,1.7050303480767934,7.044660860640613,groundnut_early_rust
4.318564223298302,2.02834472289758,0.9448706455031866,2.0129764269819805,1.5699038485525656,7.897651163005721,groundnut_early_rust
3.8553987301320105,1.3352561838829604,4.2680765169308135,9.72330721541842,3.0778934874274753,3.8036395949710102,cauliflower_downy_mildew
2.418010087095352,5.922603920289244,7.414753552461507,4.289199605724292,2.595680141280729,7.490078047218249,banana_moko
9.460146017825059,2.8106906376020637,3.595753238246091,4.989303460451087,0.032176201052126485,8.012640611959316,banana_sigatoka
4.596382863548535,2.9114725635243697,2.735686796434932,9.138684747274503,0.9756822148882156,3.590855988557757,radish_downey_mildew
4.87765630308999,2.708506473501756,3.8294241556713446,2.406424781506028,8.23534897791803,4.04677845603414,banana_insectpest
8.605238078862092,4.350441086045312,0.6278141172628913,5.4057418823943175,1.6347861547352582,6.6244852393719835,banana_yb_sigatoka
9.146466285415821,3.5629612264818054,1.9274202833020648,4.675169239833138,0.21170297204114408,7.175697150211124,banana_yb_sigatoka
1.657885381005994,1.4329989282981148,3.0956328808592546,0.27415072118898,8.09877193033137,4.743588030115777,chilli_leafcurl
7.767668586757391,4.893503678167756,3.7703365553324413,5.675678874763333,2.2612618413046,4.010419591651175,banana_pestalotiopsis
5.144924558661634,2.2331216006015806,6.178413183345908,3.483074069583539,0.4032211003752484,5.074801184617526,cauliflower_bacterial_spot_rot
4.728298542160365,3.9358624251984975,1.5195940133889012,5.327548795408042,1.762592078927586,7.122167724671512,groundnut_rust
5.809241342778065,1.9824303754360182,3.906518267875784,1.4843092193688947,0.3062036523257644,5.889334610247104,groundnut_early_rust
4.843427598845075,5.096470973464217,2.363987089464041,4.516691252112299,2.3069411027916384,6.750092156404888,chilli_anthracnose
8.099507846694413,1.4055612400870734,2.550066811948482,5.67427039163018,2.18633055219901,5.542634763991898,banana_sigatoka
1.2332459027725973,3.412292247911002,3.970418192163643,2.211780507211161,5.174219585786732,9.70292296641317,banana_bract_mosaic_virus
0.0,0.5660347983192355,0.0,0.30818553443642194,0.0,0.0800612408317259,radish_healthy
3.5835827547957386,6.841586826424548,3.164364048946286,3.2933873133945863,6.555325254357861,5.4588223053554445,radish_mosaic
7.1530933253273625,4.68727000119925,1.215150664315228,6.104645990444721,3.496764380797613,7.1625896467801144,banana_yb_sigatoka
0.19668917223485616,0.0,0.0,0.0,1.2987186036876122,0.0,chilli_healthy
4.794725641556294,7.54802995987186,3.2275198520124713,5.293184352822282,0.0,3.207020245828928,groundnut_late_leaf_spot
0.6737677956722958,4.7156003006385685,0.8579689931163577,1.726138958678563,6.213554537567504,3.896021827313615,chilli_whitefly
1.4187367807337359,1.539288555708307,2.799255987418665,7.7925242778310295,2.6147900650462,4.556369955443017,radish_downey_mildew
2.7751145583685726,4.736872057623339,3.3415174560169874,2.999595102156947,3.7025016414191314,5.194903738570229,radish_mosaic
1.965978648429631,3.440783265419036,2.1644477051371265,9.038325388753455,2.835427658991495,5.765680417799826,cauliflower_downy_mildew
8.850531943081451,5.407311465790947,4.473804291963678,6.450039476711771,2.2288750309737546,4.71103233904142,banana_cordana
8.577266868970153,3.968444558961231,1.338677275312396,5.479111413888711,4.618721371634592,5.243336435365994,groundnut_late_leaf_spot
9.117999160241714,4.474448417422799,2.624787396416069,5.044813307989495,1.7012316136631898,5.376955395740799,banana_pestalotiopsis
8.603055495745018,6.454508863187283,1.2081722253492824,5.797458315100861,2.33975698678343,6.877532331245383,banana_yb_sigatoka
1.176740291557784,6.259345304022446,8.128468943590756,2.5858237426343673,2.825519566461714,4.264420074475172,banana_moko
6.7154235902311905,2.6362887363699286,5.2045315984656355,4.872244628493923,2.6649715118152986,5.26269177066259,cauliflower_bacterial_spot_rot
5.633714073297119,2.783801551525101,2.7574957122744848,5.417118525169743,1.7283987003311887,7.136951289230921,groundnut_rust
3.0453315184709413,2.509272725433215,5.53542240371219,0.0,7.603293768988977,0.008075015603906888,banana_insectpest
8.607709396336816,4.6759502749254365,2.385883251919621,6.6923006164844265,4.031256119697501,4.826207007127835,groundnut_late_leaf_spot
5.353433990011075,2.774734575522251,2.1689203262314978,0.0,4.746296440250146,4.321113505999419,radish_flea_beetle
0.0,0.0,0.0,0.0,0.0,0.30576083461992437,groundnut_healthy
2.2042433895362468,8.383947014982422,1.7630216670599206,1.593508385874307,3.8379186437905144,7.052577031398113,chilli_yellowish
0.28014044683947686,0.0,0.1387105556186716,0.0,0.5485376532063139,0.0,cauliflower_healthy
2.5160931780409825,8.215571175604492,3.26764562979177,2.082717262770167,2.6978651110288587,7.573374215523261,chilli_yellowish
8.84419057787003,3.9066142766362324,2.6688582579646343,5.565931396687936,1.9245273597201702,4.46254682608165,banana_pestalotiopsis
5.594480021277271,5.027903801408186,5.3014635907122045,5.284610000023586,2.6496624447083277,8.272850639579822,groundnut_rust
4.42194260386567,3.9651772097043034,1.5896171413139106,8.592979213766421,3.614586747446144,2.9710328180498244,radish_downey_mildew
6.157772906996002,3.0350167928132095,2.4095363855877623,4.806531840984648,3.171472503195885,7.8048469184790115,groundnut_rust
5.523035832337191,1.7935242434347507,4.109057631497597,4.598631897882075,1.7280053564046662,5.4069660088365445,groundnut_rust
5.546175657139422,3.9272740535032717,4.907257715040446,6.8493595399407905,1.1804778724217766,5.566695403935757,cauliflower_bacterial_spot_rot
6.7000098088687015,3.7849771262735747,2.7000175383677885,1.9921009023162446,3.4067798560606732,2.6334705433876344,radish_flea_beetle
8.562089547278557,4.873813436072223,2.03840497887892,4.09589855558458,1.5519665715269397,3.1867415562974726,banana_cordana
1.0739110224838613,6.40244578381859,7.38495906722414,2.03816689187455,1.5833762058652852,5.924962663985565,banana_moko
4.735151652804535,2.9005356193501615,2.6151043542253847,8.200179271421932,3.388164738696167,5.35148582612366,cauliflower_downy_mildew
0.7650576748377024,4.749274094343302,9.684505408032955,1.6022823544621967,0.3775999364545478,7.023841854061866,banana_panama
3.911155592482484,1.735018324090264,5.816443137535556,9.924643670532252,2.099855643526537,6.616984142520131,radish_downey_mildew
0.2978681293806366,0.29232530020288794,0.6864400975228504,0.19304647847673523,0.6627061177051742,0.11511705686875516,radish_healthy
5.649841561515995,3.351128689806724,1.8657438811169826,6.019498240966831,2.499945423284906,4.203223664349846,radish_black_leaf_spot
1.2140186136695372,0.2383740214791783,4.179814177198826,1.014868091432809,9.253046830212618,5.254963498839419,chilli_leafcurl
1.2395325020833394,7.31301545702577,9.574803772071311,0.9664285043634704,3.614274608789994,6.23320015600588,banana_panama
10.0,1.494976038817582,2.713757835513285,5.664187596269386,6.025488066999653,3.7074430157217373,radish_black_leaf_spot
4.1257891288678765,4.057017918410264,6.050440775658725,0.16046941148260663,4.977971128390919,6.280761636362836,radish_mosaic
0.0,0.03992841788465189,0.005666189183867041,0.33805080682495664,0.0,0.281489590952428,chilli_healthy
0.6016063911461427,0.0,0.13910229801048993,0.07778973461531939,0.0,0.48304642767816036,cauliflower_healthy
1.052729573785369,3.727529319122204,4.378734050771453,1.8651675763694908,6.5202563744376745,4.516508658900307,radish_mosaic
4.7586777483431,4.564593727472409,1.465396974319074,2.744061372541241,7.895486574876855,6.372567967416078,banana_bract_mosaic_virus
0.6112010808252512,0.031089614906143814,0.0,0.0,0.08104284632338778,0.4311952879588438,cauliflower_healthy
0.0,0.34645931151580556,0.0,0.8596889531036483,0.9962576765840592,0.0,banana_healthy
2.3061328472498874,1.7096501461426201,3.4320733236774457,2.896872633003804,2.8351967844300425,6.543529911765383,groundnut_early_rust
2.892382130648208,6.75414800336234,8.037675038639332,4.929093967679412,1.9753273311793913,5.347020407742471,banana_moko
0.18050097308855081,0.1575858519462454,0.0,0.0,0.0,0.14131692812994615,groundnut_healthy
4.843929376968337,2.9982906799869937,3.3607200014750003,0.5765691011134091,1.1228983515828328,2.3191858179512517,radish_flea_beetle
5.300478436735166,2.9913543605875423,4.264599274005498,1.5876441539288109,2.3654922097655007,5.603563845007643,groundnut_early_rust
10.0,3.8417431078993425,3.2864855103496278,4.471395209838954,2.01763291465324,7.463399797598067,banana_yb_sigatoka
4.04924157971602,2.385225395054526,3.2418068955016297,2.94872131656838,5.4498024612283995,2.304574690560394,radish_flea_beetle
3.0007065854586847,5.551016095074124,1.9158011462496236,0.0,6.515541862959103,7.249225224595733,banana_bract_mosaic_virus
0.0,0.0,0.0,0.0,0.0,0.0,banana_healthy
2.591028135447628,2.393382458979181,2.42464870685945,0.0,9.60240226687987,1.95176492536834,chilli_leafcurl
0.177088676948105,0.24185314732231264,0.11357421877564135,0.0,0.0,0.7979673917105882,radish_healthy
0.0,6.986479293639033,10.0,2.38884373124784,1.988923476226847,5.803020704733871,banana_panama
2.807364790198176,2.50422985147399,2.9722021151089613,2.1172044520980027,5.482601911654041,0.8482722569585079,banana_insectpest
7.0039840462151455,3.0290710332725617,3.3249783396595154,4.2919479544671635,2.423369600399759,7.161969146261037,groundnut_rust
4.0881411200105156,5.487020320031479,3.916177758179628,1.0430174031874537,1.4566243663795635,8.828841067218365,cauliflower_Blackrot
7.1289348994016075,3.3590347466161075,1.7800197895720353,2.68747791972939,3.8606039695359473,4.32276749037916,chilli_leafspot
8.256738379389063,2.315591385079218,3.905719198832502,4.299691239492584,0.6371762098291949,5.83577956150014,radish_black_leaf_spot
7.443374684592865,3.6821763394662206,2.461309935224392,5.5126675715719164,2.1161059021265602,5.062300165250403,banana_yb_sigatoka
2.8088091814581024,2.341433972667398,3.3383211638461945,8.547797642300775,2.8381101612612465,4.5522372174760495,cauliflower_downy_mildew
1.4719294723520937,6.843527737355396,5.085716682074816,2.1273633847406783,2.8943398496220705,6.935745217249088,groundnut_nutrition_deficiency
7.3637843801891165,1.7523379707852476,2.9615138552429787,6.470291849340132,1.2802707569821845,4.562910412514869,radish_black_leaf_spot
0.5675457749068671,3.194940212188988,3.4558001460445023,1.6807667503507124,10.0,3.272844419262988,chilli_leafcurl
0.0,0.0,0.3879219735349623,0.0,0.0,0.0,groundnut_healthy
9.549063075789325,1.6136515883289442,2.913954156975665,5.095334119127336,0.46261238864156295,5.633774563644805,radish_black_leaf_spot
2.985878594611639,3.9561268688449953,3.6624099723789345,2.6831620014672586,0.9981287472490044,2.224370955420764,chilli_whitefly
2.4733425708539563,4.494818623015685,2.3477298282756953,3.4904809583745267,7.045349644118031,6.60877176139859,banana_bract_mosaic_virus
7.2460418095786965,2.762965674850542,3.6013788208922044,2.659362801111466,5.553501689708708,4.1061526576684715,chilli_leafspot
1.029807676528175,4.397891547698556,3.098482541242489,1.3945013315916213,5.364287755479554,7.615920919736027,banana_bract_mosaic_virus
0.7048669881738387,5.539202063225522,3.4398043772998257,2.8436591656232313,6.438288330021982,4.845221168651733,radish_mosaic
6.455332183395086,4.937814070746908,1.313803368072261,5.621153337327648,2.1119719256731604,4.415965581404583,groundnut_late_leaf_spot
0.0,0.6591511624263346,0.03634026216467067,0.0,0.0,0.0,banana_healthy
2.5367937329026193,2.9256994690628577,4.59263172437537,1.3309723265080715,7.1823792883657545,5.409519011958034,radish_mosaic
7.5791274457185605,4.879437972183133,4.466872125180689,7.945119342399741,2.920061939144336,8.02319934949234,groundnut_late_leaf_spot
4.2003611480009955,4.752816398554964,2.2670848131219152,8.128003586440453,2.8964705933889476,2.4145489217726452,cauliflower_downy_mildew
3.1764650370938985,0.28079445231241684,4.17500376425846,2.7023593238196058,7.617860315291646,3.983910303162281,banana_insectpest
0.0,0.17922680910481012,0.0,0.3789609249618098,0.34275386939510205,0.9243044166482057,banana_healthy
9.072942447001564,6.311543025826472,2.0975326011092825,8.414612132830772,0.4779073101084208,5.625988937081719,banana_sigatoka
3.3871933444067777,7.477140200863831,5.022332534075516,0.0,3.257160278464497,5.310302427970596,groundnut_nutrition_deficiency
0.33270841184588934,0.9706087182318746,0.0,0.0,0.11572296126278615,0.32324476886288533,banana_healthy
5.552503787039152,1.1170811703681305,2.3638924967941564,8.116277451241178,0.9102152616707955,3.4933591782343067,cauliflower_downy_mildew
3.7728394365165925,5.0031301166679185,3.2126263851822277,8.344032625314979,3.400722246760912,3.398506600858406,radish_downey_mildew
0.25062454340360135,0.2682438635606646,0.028091959196160164,0.0,0.5222632149090704,0.07299795715631997,chilli_healthy
6.766110063576782,4.3605241162404775,2.7122680667370345,1.4715336384028639,1.787080931835713,4.23368343366253,banana_cordana
6.878331936990723,4.023455013757818,1.9366938703990813,7.784174778342089,1.0826873597451665,5.840875106111404,banana_sigatoka
8.490482200773428,4.477165002131535,1.4447160224043945,6.631541990889878,2.3722792539143356,6.127792776348111,banana_sigatoka
4.677926214949997,3.1513082684742137,3.1082141960310783,0.0,5.007314703037233,2.859476127773604,radish_flea_beetle
8.764289694803583,4.429849665866476,2.3604075366888555,6.7678835485825015,2.858283900669479,6.527978650212552,banana_yb_sigatoka
6.015051889552645,3.450132364892199,3.997030465740679,6.42872493066656,0.4112653191680168,5.660688806844758,banana_sigatoka
3.2808780354963227,3.6227253658757155,4.723390207649087,2.135080706324939,3.0976700546216143,2.3620584762461454,radish_flea_beetle
1.6744500310872088,3.1831340690587546,5.443898828006496,1.5047070869341415,6.4794401496640575,2.4376073886242424,chilli_whitefly
5.501727845836293,1.6579429219800577,3.736415403384533,2.1329211547135967,3.536110148405144,4.877796486042078,radish_flea_beetle
10.0,1.390744182497773,0.6965080558524563,4.654862825750091,0.015234105544277288,4.542095963230835,radish_black_leaf_spot
9.87520220627682,3.573868728195148,1.594701160757678,3.0421769273236405,2.121261107483757,4.336078809575887,chilli_leafspot
5.324652811979509,2.5702012957944578,3.9971153908973753,1.2928740178528326,5.689403640738292,4.001701591589859,banana_insectpest
5.506484331351876,3.1350435724209746,2.9192915769567263,0.640658058478706,7.420444259663606,1.9868111553803147,banana_insectpest
6.482919221786735,5.46715033153111,1.5861424375045023,7.868432582652375,3.2421465989258875,6.4820668826091,groundnut_late_leaf_spot
9.16135336280411,4.478790589002035,4.260058849864112,6.389589882603022,2.17158876177106,2.9287872575998803,banana_pestalotiopsis
0.0,0.5508373392749814,0.0,0.0,0.0,0.7561875687478525,radish_healthy
2.2917424653594125,4.855403103320769,1.772880055373876,2.5835447656890738,0.0,8.121986913879235,cauliflower_Blackrot
8.045556756948693,1.3848243837039018,2.151655495455694,7.326714798869942,0.0,3.1867060353701784,banana_cordana
6.854862221670662,3.503438932688433,0.93500938663748,4.475050039611908,1.8668576293933254,3.5526002174898794,banana_cordana
4.680112457341189,4.282370663508102,1.702018684483127,6.197281697191663,2.1885183807725963,4.082416851580646,cauliflower_downy_mildew
7.080388860669847,3.619127061244919,0.12494497173614882,4.365136787184446,1.9531176155461925,2.4948526921969005,banana_cordana
1.902545588298638,5.4394244547592265,4.28711701073267,0.01504401726698179,4.299251728251499,6.315865100538234,groundnut_nutrition_deficiency
4.357594717775931,4.230592303519503,2.59967152758158,5.005295470666182,2.161627248011513,3.402705829262594,groundnut_early_leaf_spot
0.0,0.1229502757341604,0.0,1.032238158398975,0.6257187797977287,1.0159755123105427,radish_healthy
4.358477536690389,3.7071621671330073,1.9344880806647435,3.5459169928990626,0.0,3.6398132797326817,groundnut_early_leaf_spot
7.255835953885227,2.097636801913417,1.6171352772000582,4.044768971835813,2.2912085663183177,4.025573978406331,banana_cordana
0.0,0.2972545013157348,0.0,0.8548816258322867,0.5814947978386691,0.0,cauliflower_healthy
2.2010841269611885,8.394711517006801,7.352490535115442,4.07389266723219,0.04158213796829924,3.9140626004743204,banana_moko
8.616364866800245,4.316826938795624,3.0483854528875054,7.484556849346436,1.0098884319979802,7.071602372547903,groundnut_late_leaf_spot
1.9570087530680582,6.877572386976807,0.0,1.9862830052502685,6.104456481885806,6.641191179440959,banana_bract_mosaic_virus
2.523060841452714,5.328150379617539,2.369314378255768,2.8441078154807125,3.581074558610836,7.630492279739931,radish_mosaic
8.002620309004444,3.349897720199498,2.4449604404239453,6.465215854839416,0.46707607538558893,8.387897981913088,banana_yb_sigatoka
1.217796670637409,5.056878405579697,0.9675039616592571,0.5385333469242096,7.2075513710573285,6.307729756572222,banana_bract_mosaic_virus
2.4258976001536188,7.65422474814213,2.5373659503541623,0.7185405541517276,7.906099029999694,5.317125800055472,radish_mosaic
7.231814651798466,5.780492692244448,2.118226922958971,4.320926088930443,0.0,4.963056197103902,banana_pestalotiopsis
7.573722767773668,3.557749126930844,3.0991222965784995,2.9006441980026723,2.7538952811851063,4.450818577330932,radish_black_leaf_spot
2.1830693204097837,5.350718547386855,5.595441092764629,1.292691906215731,0.0,8.116986726828436,cauliflower_Blackrot
4.338400651065413,3.451666274267039,3.3263287091286484,7.937697969468727,3.8135397489328904,2.424807327040866,cauliflower_downy_mildew
5.320116835091892,3.662614266068836,2.594513608365325,1.747320054104875,6.429949401437366,7.170835949909115,groundnut_rust
3.818441152276351,3.3080222770697745,1.813014578408416,7.503427857653723,2.1351640181907685,4.056018080994353,cauliflower_downy_mildew
3.4511354466667923,9.389691984421315,3.1428744938916915,1.33518136010396,4.4263190166413215,8.994895117386708,chilli_yellowish
9.819339416426052,3.1909364664398954,3.012025382088683,5.1735666798657185,1.6268342402167133,7.483019451682385,banana_yb_sigatoka
3.1656944212836,4.86862395885211,5.090490954709599,4.586787436792054,4.011102545131251,6.672913521606688,cauliflower_bacterial_spot_rot
0.006249660953625167,1.4342015278333842,0.0,0.5293642649419394,0.0,0.38596007741833754,banana_healthy
3.8118087179404965,1.4994857459512871,1.7883115356460069,4.424415514606846,0.0,3.8478528980008706,groundnut_early_leaf_spot
7.143496442096984,1.8323172709421334,3.4358858019973892,4.809764512367636,0.9672345525880818,2.8800784491121645,banana_cordana
4.1013265806618,6.452199314438382,3.2260858476132426,2.9519149951460366,0.09344703832854184,10.0,cauliflower_Blackrot
3.9690748711398314,2.1305612771589013,4.6115806951505744,3.6801432348631034,1.2190476139178479,5.090203416600087,cauliflower_bacterial_spot_rot
9.205797508413124,4.293531006172572,4.543561062626345,6.068246340342917,2.002096952329021,5.762274174549445,groundnut_late_leaf_spot
7.241601722103523,3.9443454769136377,0.44855152135456455,3.7963234152573744,3.547984615937223,3.394778975271691,groundnut_early_leaf_spot
0.6669678199439741,0.0,0.16428155759375776,0.0,0.0,0.0,cauliflower_healthy
7.081098914142371,2.263041829359851,0.0,0.541583964198364,0.0,5.651090103158769,groundnut_early_leaf_spot
0.0,6.973558163194875,9.346233805753103,2.775985245223866,2.874876374002837,5.4213985611525,banana_moko
8.941240562924655,3.8553657659458347,2.649899518399294,4.211455246766348,3.660815187150045,6.041810575467073,chilli_leafspot
0.0,0.0,0.5898626041803551,0.09705381547667885,0.0,0.24193832559401987,banana_healthy
2.023602509834937,4.076400309186334,4.384069829791893,0.4214740809352855,2.193842432545526,7.3593864274220975,cauliflower_Blackrot
4.654548283419394,2.9149690000314634,3.9157971512735905,9.127919085379016,0.0,3.4793286182008503,radish_downey_mildew
2.592010667045927,3.9510143665308544,3.1812428771642094,2.3471322927692326,7.56217065294568,8.493141220217757,radish_mosaic
3.9732396595383364,1.1733373489095134,4.245710658882141,2.9190539353767377,5.060935855107433,3.3595772254048177,banana_insectpest
5.430048996528478,1.8995384481809456,2.6565446459401976,1.5277641728363254,7.2144336601725705,4.47505774115646,banana_insectpest
3.731528081405517,8.913755057027071,1.4133924520319898,2.306425210534404,3.9915481495467313,6.969506356814086,chilli_yellowish
0.0,0.0,0.11776014460333087,0.0,0.0,0.7043213582270682,radish_healthy
5.973017668355432,2.550230799195498,2.7170823155695705,0.5052830725563673,2.989031447756088,1.9710505083527534,radish_flea_beetle
4.817063454854738,2.2740458954144303,5.886815609327337,7.4731867828708065,1.1434276672518604,4.848091116346417,radish_downey_mildew
4.900563834322114,2.936337609689873,2.5309340793931336,8.243931465268956,2.8366191449514235,2.6713800761418875,cauliflower_downy_mildew
6.139813215276634,0.7601560595123282,1.9007831769887609,4.853902989940059,2.816139691890557,4.756974021465733,banana_cordana
7.207481610324588,3.8218853037540423,3.7809827960915383,4.922280251648352,1.5119515815605455,7.3466741722784725,groundnut_rust
5.536422425004563,4.849748633798704,1.9726981535989065,8.133522223000988,2.8090979701097187,5.8196169589590365,cauliflower_downy_mildew
4.838730719016713,2.348791440319174,1.0546594977101134,4.254982882098661,0.7982274176982525,3.433491306763447,banana_cordana
0.0,0.5269927416885369,0.9873261811109046,0.08552203446207511,0.0,0.0,groundnut_healthy
10.0,3.6352482836582825,4.069640064999812,5.952402254750855,2.8482211828132313,4.378399180709465,radish_black_leaf_spot
4.629751090601586,1.9458014508365944,1.4623020242663685,7.913952384458038,0.9148457760180924,4.948741262607973,cauliflower_downy_mildew
3.511230014151574,6.364814069759789,4.522758030517959,4.043925111220814,3.7106446803727975,3.711805189197636,chilli_whitefly
1.57002175332155,2.959222589494802,2.7565092257000865,2.4958705396232426,2.659079207154198,2.005079937460672,chilli_whitefly
5.070928162757231,2.084730265720543,1.0770291802552423,3.8721162786693624,1.9953698103180981,3.7674086334726358,banana_cordana
1.0224693990155131,0.11258546611346791,0.0,0.0,0.04843301623793781,0.9226998406251894,cauliflower_healthy
7.535619081010772,4.88308941754165,1.097253413886238,4.258654762011942,3.9258270370513433,4.989903600834362,chilli_leafspot
4.487908048019468,8.86875712030745,2.352882346527162,0.4186268756118168,2.6291276897076363,7.09827601024095,chilli_yellowish
0.0,7.603988829310779,10.0,2.384259893538595,2.4655539348221778,6.1607500566962825,banana_panama
3.0839457453178323,7.223153504272958,6.546531348680258,2.3630410196746294,3.585128841073346,5.875616951789819,groundnut_nutrition_deficiency
1.7717109867041412,5.203063997673102,9.6358747701587,2.635648712522399,1.4133366571475705,6.9067283941329,banana_moko
0.464425623025112,0.0,0.018981864105317645,0.07202611576324838,0.0,0.3859252429033974,chilli_healthy
7.715906675371059,3.0342789153331036,3.170387340690711,9.508253638009906,3.0979463996122685,4.045693623275751,cauliflower_downy_mildew
8.167618358342278,4.7440765269776115,1.5329466257638835,3.9028462903158716,4.212445020228398,5.409044949615537,chilli_leafspot
3.6838516511754276,4.188734760141434,5.192488315441549,1.6962957907830671,0.49618360500252534,8.026055622181811,cauliflower_Blackrot
4.2342737595283975,2.017938828910587,5.635016594506297,9.170719397831405,2.004806361521527,6.881332157299914,radish_downey_mildew
7.1947979056266345,5.30535005372453,2.4767037394857363,5.235345810169182,2.631803741729727,3.1487816120329652,groundnut_late_leaf_spot
9.4249125820184,5.62547598877345,4.579411297836026,5.761716975742847,0.0,7.516435169807798,banana_yb_sigatoka
8.885822252307216,3.533824111874223,1.740798294112264,7.400758179611429,0.7945847562443207,5.920665127257592,banana_sigatoka
0.0,0.0,0.6505649260892863,0.0,0.0,0.0,cauliflower_healthy
8.909893731385758,0.8941549781492983,3.0838011103937317,1.5856223611531566,0.922410505348422,4.401225508332938,chilli_leafspot
0.0,0.0,0.12123701281720334,0.16333040206824923,0.0,0.09334986217334565,radish_healthy
3.0243827532878442,2.9879358988132463,4.270913827734105,2.0211359023203888,5.8295607672661,4.564209518321711,banana_insectpest
5.359753848995797,1.013232767795901,5.77558419576299,5.7693968410846175,0.8885130648937389,5.685863133188752,cauliflower_bacterial_spot_rot
0.0,0.43822782275146777,0.0,0.7517099142144995,0.0,0.0,banana_healthy
0.9094763950304321,9.021429801524143,9.010756792416682,3.0278351742688496,3.6212189029844004,3.1849652416413496,banana_moko
1.7868848062895133,7.787070565345099,9.156688320891035,2.975881497876418,1.0745596405408513,2.8712364606654446,banana_moko
8.100839979373418,1.179512355713241,3.721484145782008,7.234297853780207,1.7444256121397466,5.6923732285762245,chilli_anthracnose
8.985571165304174,3.7125329692754807,2.5870140207653525,5.584267900750589,0.9647779574611666,6.474368703179197,banana_sigatoka
0.0,5.289127956904146,0.9790875247831137,2.7070739418639644,5.037457507603477,5.540847379704411,chilli_whitefly
4.0999532264674095,4.341414379025974,2.6796723754324487,4.011225750511915,4.964054424648165,3.3980087539623334,chilli_whitefly
0.0,0.0,0.727477841186126,0.0,0.0,0.5463688133715383,radish_healthy
3.406467583725198,2.18264764783709,2.5633252996388927,8.744980641094394,1.35585623461367,5.990310418976347,radish_downey_mildew
3.413255816247963,1.8035145592721824,1.723496365375887,0.7175926795198497,4.649912927407791,2.406125466512495,radish_flea_beetle
5.724797726098533,1.8394969526405514,2.0069421377919845,4.108132515077304,1.3131878307551978,3.156248355744654,chilli_leafspot
4.077236592240494,4.111404965783978,3.0353240288908645,7.508837734119246,0.8876141816305787,2.1412297461064855,radish_downey_mildew
3.783119926973308,2.728090657767325,3.0034771716930404,4.572127063603125,0.0,3.0301054084143715,groundnut_early_leaf_spot
0.4563011570148718,0.4493139333652427,0.058922163070650325,0.0,0.0,0.2975786619423642,chilli_healthy
3.1020552573943023,3.6373638677517435,2.449825846819042,3.2178767047256223,6.1528567613607255,7.524463233754776,radish_mosaic
8.375029778987912,5.324197001526791,4.040583754848718,6.1163203508768875,2.3640856047167063,5.397291069188588,groundnut_late_leaf_spot
7.4822532265281385,1.4558953418557907,2.116723615837783,5.6268749803786875,2.7318560566285024,4.952088243951963,banana_pestalotiopsis
2.775401342563367,6.531516785448265,4.44544811616407,2.0218771965645406,0.9765635326394774,7.143645328154639,cauliflower_Blackrot
0.0,0.3752895837608828,0.0,0.0,0.0,0.6285746084312864,banana_healthy
4.940677825993305,0.7467301633077521,0.9500419799837962,4.8253200760134725,3.5332695743618694,3.48464321256687,groundnut_early_leaf_spot
5.799259146997034,2.068914736660744,3.7562834384704584,8.899038579834421,1.6254435049694664,4.146235820283122,radish_downey_mildew
0.507377820724324,8.18267823864039,10.0,2.164095976879077,0.0,5.566788932096916,banana_panama
0.24011463095285146,0.3579323147855736,0.0,0.14959173040689916,0.0,0.0,chilli_healthy
8.415988412542085,5.132317331527535,2.847806556256703,6.977053384175551,0.34484568746208655,4.380420395735832,banana_sigatoka
4.102276542082679,4.008876689437505,2.932893497623178,9.221878199844168,0.0,3.832880804350066,radish_downey_mildew
5.603743738354472,1.1352849058204002,0.7453776586100775,4.261687465744611,4.721216231793552,3.2727328952155177,radish_flea_beetle
2.238871634688164,4.2797397474094465,2.083762501988023,0.5376236837658878,6.136220814301498,7.794556809425256,banana_bract_mosaic_virus
3.47978581455576,3.6715938843892424,2.329420449915846,8.802757378061818,1.1377487518651517,6.1985435290927615,cauliflower_downy_mildew
1.3112784403109599,2.0111480819680336,3.871108333978082,2.791131936956843,10.0,3.1342711002037533,chilli_leafcurl
9.040629350913578,1.9782337454959593,0.0,7.010242908905332,1.9922878253852616,5.589622272996256,radish_black_leaf_spot
4.4569965827707385,2.7742937843865403,4.966513496340038,1.7724061698509659,4.032811593125072,1.9499670940830898,radish_flea_beetle
6.124701254003501,3.1852235842442416,1.4233107041570308,4.75012952314296,0.0,3.622996234892839,banana_sigatoka
1.8223481016531613,7.682411191102946,8.636537707441208,3.615319753417109,0.7680349282624361,7.765902099083872,banana_panama
6.70896972579456,2.5062521882802216,2.733327314535229,2.6405406239748723,1.1123897488205996,5.075693210515088,chilli_leafspot
1.8379969640957294,5.297966570883181,4.902980052489062,1.2942696812908285,2.3071266963173187,8.458440446859212,cauliflower_Blackrot
0.8343011984062219,6.709363341508719,8.871634236169823,4.33069471370756,0.0,6.113545253603229,banana_panama
6.088459782686633,3.8971357183450044,2.2773847794373574,1.547979015883082,2.8931384451259756,2.960762836339232,radish_flea_beetle
0.47471521311481046,6.218387859147358,9.527383257610214,1.8820281830547487,0.0,6.397765075597074,banana_panama
3.390314694808885,4.015181217977948,3.156051355093186,1.495337112323798,6.986472191993388,9.276151579184736,banana_bract_mosaic_virus
0.81481000448187,8.1813132062708,2.3940261179912414,0.6573841782423515,4.548192028519192,8.593237435518,chilli_yellowish
6.3013711197035525,5.173446726653365,2.6755543210370507,4.332263828168797,3.6224472391691913,7.519289024603012,banana_pestalotiopsis
2.900593945890478,3.4601604391477983,2.4957131101620273,3.4230899065158344,3.4256461455606537,3.5597636291235677,chilli_whitefly
3.4268253008751937,0.49383755363192616,3.846814382178172,1.327270835783228,3.4846615719972784,5.463566429401995,banana_insectpest
7.685758304512544,5.036629626944328,1.5741166961879989,0.5803243922975958,3.4666840039291467,3.1544582415118088,radish_flea_beetle
7.838594104243041,3.505167533267268,2.590422617591359,4.368758188798903,0.0,5.316583254104435,banana_cordana
6.24341769901875,5.447337507033439,4.973256342841493,3.579253227265225,2.574309331843691,5.741144977208842,groundnut_late_leaf_spot
8.322095928433475,5.301141224854452,2.0061833233517903,6.822787671016453,1.2329677594998103,6.812468395953949,banana_yb_sigatoka
3.2227095069628326,9.176407700554245,3.7144104072327924,0.8444680656595775,3.600512614906672,8.791889871366525,groundnut_nutrition_deficiency
2.620433173789709,10.0,3.1936644595614108,1.6950490121718758,2.342204545271821,6.199228473434849,chilli_yellowish
0.6682775858761171,0.2660642857876173,0.0,0.040297912014874954,0.0,0.752056418850398,groundnut_healthy
0.0,0.6150363195448175,1.0227199014485615,1.057502441782911,0.0,0.0,radish_healthy
6.7152003125717865,4.058814835639693,3.8261951694738796,5.718590957824931,3.9069767619637483,7.601355131277492,banana_yb_sigatoka
6.834656966569264,1.9972785111747053,4.408681117889049,3.778354793692622,2.3817911928918623,6.496377477938848,chilli_anthracnose
4.667425053892512,3.6619772477102837,4.18928557991691,5.888820804708316,2.4108501075530087,5.976511519430918,groundnut_rust
3.7636938304037324,1.442502706261258,4.053230557018728,0.0,7.593646784530039,3.460122037684373,banana_insectpest
6.490289036785669,2.943884772067999,2.1827883926712355,0.6259733146909316,6.048857325705336,1.1008083936307862,radish_flea_beetle
10.0,1.69666837640925,3.542600595781296,4.0655873450952384,2.2764506293422984,3.415230008564232,chilli_leafspot
0.7000499059139069,0.0,0.0,0.1000470295641968,0.0,1.226969336462695,chilli_healthy
3.244136514912742,3.41749929374506,5.136766319373249,10.0,1.309595158348305,4.303820434839158,cauliflower_downy_mildew
2.715852063827669,4.889975165929084,2.442316298491445,3.1908694566022184,1.4925839679338564,4.648049377555767,groundnut_nutrition_deficiency
5.591235320389636,0.9025384864057733,4.313539016290499,4.000086240470636,4.140289982060516,4.585155313247509,chilli_leafspot
8.6199845448789,5.649381977713071,2.9680116825972354,3.4682301214339204,0.0,7.1332622674024675,banana_sigatoka
3.6139515994089786,1.263949245832176,4.145600179235264,2.506387827437126,8.119845490597243,2.93204493213143,chilli_leafcurl
2.2939598853304672,4.391668189554644,1.4347540332580127,1.2784599248291635,4.262298790203211,5.3110434707481335,banana_bract_mosaic_virus
5.029106852383921,1.9429092189640824,2.0816710400564795,4.190149568100121,2.9314831861794026,7.688372551763901,groundnut_rust
0.0,0.7700110929621793,0.6156502691453414,0.3529787036537273,0.0,0.0,groundnut_healthy
2.1487657871122376,5.8726912375902955,10.0,1.9907732051343567,0.5345490617650366,7.567286644645955,banana_panama
2.1052928501673422,7.246904125800518,1.3542969609068873,3.2097331544090295,3.5008258643434678,4.6249461684355495,radish_mosaic
3.8499194635888796,5.930810359538827,6.267138945100302,2.013643890558193,1.5113878715754219,6.82353409821983,cauliflower_Blackrot
2.437004075770893,0.8009757164460103,1.4964002913979275,0.7750222150104613,7.555095659794564,2.726232432491647,chilli_leafcurl
2.6897917813542347,9.588308933314224,2.990121162516587,2.0684646041904364,2.9021390458922656,5.443346153000472,chilli_yellowish
8.599816462836365,5.062307585039152,3.054816985468409,5.864211044813886,0.781407299370491,6.337454019100878,banana_sigatoka
0.0,0.2273704560705672,0.0,0.0,0.0,0.0,banana_healthy
2.349136837207382,8.149407557329921,7.050941849966522,3.040809715473776,0.3619738454880377,5.841793738309657,banana_moko
0.0,4.320382194320777,8.700756449793023,0.6043488196584779,0.5038914752362704,6.038875456420294,banana_panama
3.710161429374019,6.511140453723402,6.235442945680212,2.1495960720890683,2.3193565256747837,7.578007779398942,cauliflower_Blackrot
2.2257194793832977,9.609015446498793,3.475077728332042,3.661174103636943,2.377439949154353,7.878721143913879,chilli_yellowish
1.2631954650660024,3.9599055279866655,3.922483981908263,3.3655603868016035,5.524767284558506,3.7580264266330254,radish_mosaic
10.0,2.7154205189519134,0.951232869911192,4.266737382602075,3.0874590430467213,4.286969275353372,groundnut_late_leaf_spot
0.9985821733134299,8.127608408857899,2.1034604867608557,0.055886792965931686,3.4101963862153273,8.073588942030407,chilli_yellowish
5.772032116895181,3.0492411120625706,1.4832710762098424,8.131499873092904,2.9392976854758244,3.8783472263802903,radish_downey_mildew
6.901436003735144,4.184113940979387,2.4702290336245083,6.0720167151297755,2.884484804741206,5.641275123576204,chilli_anthracnose
1.4754141053018142,6.155871840672727,3.870419576784868,1.8644226522720675,2.0733506117261546,8.401249696247959,cauliflower_Blackrot
9.13610052696305,2.7673810386929545,3.9788005186514015,5.254141192454644,1.0678573611001863,3.695925737751594,radish_black_leaf_spot
6.546445195438478,3.305218936072114,3.2673215020039867,7.945949987963204,2.09689259706884,4.815544585276422,banana_sigatoka
8.844335940892215,2.26735827891261,4.0331905403229955,3.9975656640588286,2.1729114599534145,3.5002672202965903,radish_black_leaf_spot
4.832155569472744,2.2358143112014575,3.439445406377491,4.015012613621625,1.0336914173394052,8.041590127747984,groundnut_early_rust
2.284879744394626,3.989602349629716,4.864025638867073,8.04775934493922,1.1991391347678464,4.432157141533075,cauliflower_downy_mildew
4.438178822860679,3.648531003756404,2.6984629664103066,1.1534795311312562,5.107025236686253,3.2430250592807237,chilli_whitefly
2.8235122284494163,3.064740954572418,1.43368176105268,2.3067407163608395,6.077136022914555,5.706706266484833,banana_bract_mosaic_virus
2.5355042119486937,8.379928996730904,4.644246595167814,0.0,1.6620125971235833,7.056938236763446,groundnut_nutrition_deficiency
5.062208113486827,6.5288647214986915,4.575919372958735,1.4780929889801349,3.1664345115119104,7.7839011344095494,groundnut_nutrition_deficiency
6.468954800117691,2.959830227607713,2.8101972811859524,0.42876103118857056,4.5872913982557435,5.157334635414121,chilli_leafspot
7.146016188134471,3.6656292581878547,3.6579636010749104,4.601680171723919,3.225087060229864,6.572595508837597,groundnut_rust
6.913005484619513,5.799145310170824,0.8721137060851047,4.734961166660674,3.7765905832028963,5.768895657198384,groundnut_late_leaf_spot
5.063008896559375,4.603152667344727,2.5679821682094164,7.159130506737151,2.6899480193999032,4.423860127364998,radish_downey_mildew
8.928269247448176,4.4051528641101205,2.848003167182804,5.338660511951246,0.2966801641459884,5.97106908454334,banana_yb_sigatoka
2.708785796830771,6.330444296699489,2.9845786174368367,1.6087288373287572,7.280009627506985,8.403154708534807,banana_bract_mosaic_virus
3.976151637558026,1.8712822810268699,5.46433947570126,0.7079850470347839,6.084976913024082,4.243563470486976,banana_insectpest
7.488080436456755,4.850338210116217,2.822132533388255,6.606313611809042,1.55957286233403,6.53150897629404,banana_yb_sigatoka
2.8736483549191543,1.3692076193073757,2.3349168046658524,0.4085199868288094,1.1020841024648729,6.189575247246312,groundnut_early_rust
2.299260420452906,6.892943935716169,1.8856453611356574,1.334825830924407,6.729475811659847,7.22393094778763,banana_bract_mosaic_virus
2.4426981545950333,2.0757285457904286,1.4014452544429188,1.477879341630727,10.0,4.038911925024405,chilli_leafcurl
1.830631616667397,2.616959239991743,2.020578993748662,1.182560462636939,7.668830961002406,1.8629420319036383,chilli_leafcurl
4.419793495216106,4.08093015814867,2.3050453955917485,7.450619636491777,2.9505648789745633,4.3026556040354365,cauliflower_downy_mildew
0.0,7.030791818918465,4.587577194609995,1.3548029619937156,4.211192526040451,7.786640771789803,groundnut_nutrition_deficiency
6.1022294863493824,2.399294148738762,2.2401756713409546,6.318998603826479,1.2854343336060594,4.297470484881089,groundnut_late_leaf_spot
7.402505584576444,2.4134675461039117,5.00849250478011,6.759574163501432,2.7596798569966725,4.585204592451725,chilli_anthracnose
7.511064647431643,3.0229773328989022,1.2302157091468287,5.585446741845288,3.1652177317440917,3.7709154499272417,banana_cordana
7.591676386454996,5.336038154838675,1.9409910439674916,4.411037187675512,1.8647519780981363,7.596169824440171,chilli_leafspot
7.2889038153862815,6.122019737016474,2.678611574757853,2.887084689013019,1.904009945325439,4.457390061859333,banana_cordana
5.544973663499586,3.4936323330836494,2.4724606163795926,5.2399786398364245,3.1488918142786275,4.530720272134764,chilli_anthracnose
0.7919203249779343,9.447042453666938,4.717455624755864,2.1589979762297564,2.9651683126072954,5.7961503761636175,groundnut_nutrition_deficiency
4.653780229765322,1.5174846746041637,1.7635557676678069,2.8696538425325895,0.3729971897406186,5.745111091418154,groundnut_early_rust
7.675559963886596,3.967138815515507,5.343728637927089,6.824347958518413,3.8432734180514343,5.717045247073674,banana_pestalotiopsis
7.773827817326611,1.2853606194604053,3.6288097948595404,3.796128157998885,3.6448385099217897,5.8072645854321685,chilli_leafspot
5.065594382832142,2.4110762111963524,2.39464429974352,4.654340633593921,0.7096047143364805,6.023282667283217,groundnut_rust
6.167564209042715,4.055116686199873,1.9786622557987361,3.5333291364896553,2.32941678499194,5.780492041904891,chilli_anthracnose
2.61650806968458,3.3714470963949235,2.3141374077688703,0.3286246564034667,4.51584613140477,4.630866614560237,radish_mosaic
2.6346503746221246,6.5685625077808565,3.3139170127007995,4.114967797843534,2.780668184521314,7.437043140647045,cauliflower_Blackrot
7.053787758318742,3.7952140292233976,1.9098427949726677,3.420116248535342,2.8087581820520597,4.178461062063956,chilli_anthracnose
5.601986039426449,4.153619931300982,3.5949186876186126,6.773266144245818,1.185806323415334,6.633400644335617,banana_yb_sigatoka
5.947639836314382,2.59730094727413,2.2143683115051056,5.598532462103207,0.6203821681304913,7.500255414404379,groundnut_rust
3.130103015481404,3.848346011904651,1.3435764775041779,8.750132655498737,4.137679659921029,4.6799293994021065,cauliflower_downy_mildew
4.7958996747985845,1.7611860047065013,2.2261024596284678,1.1101747283559584,3.642425599849563,1.0254286955569023,radish_flea_beetle
5.623679967194001,0.5067650190202544,2.7599614835067783,3.137118276075984,2.516036901941103,6.968903018858914,groundnut_early_rust
7.534686892620531,1.9466672322770278,2.00543514926187,4.836864974454322,2.129198876540375,4.955338569603471,chilli_leafspot
0.12579640363086872,0.0,0.018139646319167577,0.22880487097018615,0.0,0.0,chilli_healthy
1.7711357129342482,3.2867334655703933,2.6391499465751993,9.626994164703927,2.2486935941610526,3.417364028243544,radish_downey_mildew
1.4585776217622435,8.318763994982964,4.669719246888049,0.0,2.83155199726629,6.06935986686952,groundnut_nutrition_deficiency
6.18095866876092,2.6626497251178587,4.261867420572496,6.67598379912121,0.9400909527295409,6.45645149255431,groundnut_rust
4.541675142899242,3.4815856484720547,4.281591653404187,9.554325480600014,4.406711676342075,2.9957893810615337,radish_downey_mildew
7.451609799409722,3.31012787803106,3.0924943336577924,7.26683309865978,0.6834273562754436,6.2527938801371405,banana_yb_sigatoka
0.0,0.0,0.0,0.0,0.0,0.0,radish_healthy
8.029908183385041,4.983880932110619,2.42318350802818,7.107617783079621,3.074282259996239,6.50424086933546,groundnut_late_leaf_spot
1.6671297419750106,3.7140666551872337,8.479351844424974,4.066586117369834,0.0795190535196394,5.275394043008176,banana_panama
6.119889799819314,2.986792414045911,2.0757276202678296,5.6522291990600335,2.8179927816769275,8.856465295397388,chilli_anthracnose
1.5617108270121842,4.994596273007122,10.0,3.562773693778161,1.4096517141566203,6.593668266784361,banana_moko
0.0,0.5085107608008076,0.36290837909046925,0.0,0.0,0.07321286336040198,radish_healthy
0.004268807589584473,0.8047708285191846,0.0,0.4655059274345522,0.24655876360800255,0.47793030326249,chilli_healthy
7.003990515317621,2.3933851331842897,2.370109215911065,0.0,3.9324206020642274,4.182230510137327,radish_flea_beetle
0.46521963636400654,8.464582428103915,8.024945075853617,4.526356915349975,1.0418655365072902,4.3493869325175085,banana_panama
0.0,7.670947129779681,9.806752089648482,0.1994281410043981,0.0,8.006719084917034,banana_panama
7.137276135280929,2.398645787640806,2.7668750344368416,2.9830648687288606,0.5102202968713889,7.526255798592562,groundnut_rust
1.4271125220826208,0.35072090183104576,3.0837368426582623,1.3695538624963546,8.684581120607552,5.768485093691403,chilli_leafcurl
7.541856989487408,3.319825979973841,2.689249398278984,3.1257457139306832,1.4384915332001031,4.624139803551051,chilli_anthracnose
0.0,0.3659353521441478,0.16752901454205876,0.15807797859138914,0.23463379490426312,0.0,banana_healthy
1.7974455060920032,6.737583261735383,3.904106682794201,0.0,2.6506489455681264,9.057930265059094,groundnut_nutrition_deficiency
1.4428197253902004,6.149142833821021,10.0,2.93232404351782,1.0365716967047547,4.923296392606492,banana_panama
1.5858353234280915,1.716758971812751,4.294619479810756,0.0,8.401190082684254,1.8872362679949957,chilli_leafcurl
4.3455035454952,2.6793701212136543,2.655501356261989,6.749735681027158,2.1008122291092217,3.0529040861365635,cauliflower_downy_mildew
1.9997893199553216,5.243700845994677,10.0,0.0,0.13601256013367302,4.8911246311907215,banana_panama
1.4047851873825645,4.1052637536575105,3.846616063272296,8.307133252494015,0.0,3.0678713089755276,cauliflower_downy_mildew
3.0747029513222435,5.826763203605684,3.110839873734221,3.4752581525637742,6.136840666133293,7.708906916136572,radish_mosaic
4.413762725483615,2.612548076949501,1.9749427587385433,1.348192140227812,4.546481008233396,4.744630925335689,radish_flea_beetle
5.694873887233605,3.5605091327922898,6.563514106334973,3.20196173163529,0.282663028674494,5.915964267830346,cauliflower_bacterial_spot_rot
9.18717371828027,0.86847643881738,1.756538699587953,5.584431731130383,0.0,7.511428308902555,radish_black_leaf_spot
0.7340803667379528,4.270822038570097,10.0,3.353223553419715,0.0,7.17414936679986,banana_panama
8.016224491815882,2.380768161933926,2.265805419912117,4.025142374371954,3.1389992842857932,4.545878151012763,chilli_anthracnose
3.213237654948288,4.046408979025035,3.1464161073441184,2.7141574230965224,2.5584319491921086,8.33830162490126,cauliflower_Blackrot
8.279593609192215,4.712247318751829,2.0036721400862874,7.701547542984089,1.285395448910003,6.575550383461888,banana_sigatoka
5.904370438825332,2.4131518020713947,4.152711780325023,5.424279037250201,0.0,8.487375332495743,groundnut_rust
2.047354639164717,0.7286943115015321,2.408814176143916,3.0207664360832056,7.636396532212811,4.704450908881401,chilli_leafcurl
0.2068809204835813,4.924576524025004,2.2572269179114857,1.45411919827384,5.585785117446588,2.380742212677866,chilli_whitefly
0.0,0.0,0.0,0.0,0.0,0.2550770965203559,radish_healthy
6.645464531508718,2.5022308473949533,3.1378193496983005,6.991876521112859,5.317338797342464,7.555715638890831,groundnut_rust
5.511079887744159,3.375729044480873,2.8319453943675583,3.2085600037677917,7.403373955631475,2.7270284880559106,banana_insectpest
1.5910747435485946,3.302899387367058,1.2768540263663808,1.7419255567269643,6.111281111879414,2.9955946938233815,chilli_whitefly
7.73948232520799,5.9468297905160385,2.8396083200850937,7.943186491587966,2.6769403116802373,5.4214041713140775,groundnut_late_leaf_spot
8.606831001556943,6.635167663475148,2.7661286259927933,5.803143374222155,0.5157281749151434,4.937723135814778,groundnut_late_leaf_spot
2.4510829949899264,2.4392395543018632,3.357202698375353,1.744263495088653,5.367814647763753,1.9266669597753836,chilli_whitefly
9.374001774226382,3.584588260486949,2.839138276563587,6.253805114805822,0.9658053782762528,4.132316185980883,groundnut_late_leaf_spot
0.0,0.06377182473479524,0.26529310329638495,0.0,0.0,0.0,radish_healthy
2.561811732413431,1.7954286212219646,2.5559364101484654,3.93625676664029,1.3829528116828462,8.11368305992334,groundnut_early_rust
10.0,4.645581127050422,3.160181394497414,5.380323018407076,0.7872799512187325,6.3314938898011395,groundnut_late_leaf_spot
3.1984699954485944,2.326007331689489,2.9811744398916744,7.674668368823847,0.2105266023314447,3.5202127796854388,cauliflower_downy_mildew
4.816774770994716,2.6165874874405497,0.46290330032063354,5.164878448103456,3.5744748125393766,5.390313078239375,groundnut_rust
9.926743799078142,1.503111369530826,4.446982104859252,4.8758457180487405,0.3535049752764632,6.415930556046157,banana_pestalotiopsis
1.131880246646333,3.7188253137687637,1.4472037448998514,2.3185164512774796,8.325739013669342,6.954931888830705,radish_mosaic
0.1461087564882615,0.0,3.235526806129036,2.5750590332082712,9.41296044579368,4.7483194324624165,chilli_leafcurl
4.018604155175426,4.475525876303303,3.8977440387022497,2.016386796604949,6.543260124636111,3.6803763159205207,chilli_whitefly
4.3602100591414255,0.6248043660043177,2.8353459563469596,8.67609194098656,1.8045053679485177,3.2394536250666395,cauliflower_downy_mildew
9.535006650275095,1.9332916792509773,1.1354539151899292,7.493629157381727,1.4924599321442704,7.457600136159483,banana_sigatoka
3.138768581620016,4.806235198654847,6.890864540448518,4.022548613569529,3.5875113924026385,5.337989834343986,cauliflower_bacterial_spot_rot
5.096700970356618,2.0833206513860456,3.9773087660250006,1.1596074043674292,6.30564312437532,7.696538884631225,radish_mosaic
4.224165824628183,4.016125330809893,5.022798898711845,3.3744942317726445,2.742088658892962,5.127055290332258,cauliflower_bacterial_spot_rot
4.805261805068263,2.7199544905450423,2.451269818226015,0.46833726597343817,5.032467554426203,8.042414041375956,radish_mosaic
7.310296420151104,2.9985513370807553,4.763213151979451,6.147398783515604,0.3488716119016628,4.620724434035061,groundnut_late_leaf_spot
2.8300089627573515,4.285163683612893,3.0979862697273295,0.0659618696753661,4.596277306865592,4.9196450412577235,chilli_whitefly
1.3857579186877789,3.8553302725176914,4.697692583231776,0.9213650614132585,8.317752834133199,3.6551693510204384,chilli_leafcurl
6.947019173413242,2.3114953662591797,2.735978366808391,5.847111753132048,2.1231746342475972,4.642644612531248,banana_pestalotiopsis
7.7468098289500285,2.158406279834204,2.3006869868898456,3.009675345764558,0.0,2.362671329378487,groundnut_early_leaf_spot
6.658486870355913,5.847036640209889,1.8861360391823787,7.49211393372351,2.4264058347081643,2.82887874249409,banana_pestalotiopsis
3.3423588009850542,7.015652049252343,7.784898769571706,2.867993401558738,3.5504724011918274,4.10099392807611,banana_moko
9.407436227610457,2.3427397693204,4.0165999522127285,2.983760129214359,1.5816409750852325,5.942658402963682,radish_black_leaf_spot
3.2527233027955025,1.7384051783720655,3.95959741841709,7.295692873465886,1.620843258376762,1.3360130949323485,cauliflower_downy_mildew
1.038571776357473,3.929074650224912,9.02680708718233,4.032256560096407,1.1816888687497331,5.648777449229668,banana_panama
1.40945901099044,7.800329530801186,9.089411512592127,3.230758536647099,4.170414292591143,6.717718986056959,banana_panama
2.031445703328843,6.635722809680902,7.902899194804774,0.0,2.25272100715717,4.413828703867568,banana_moko
6.249033933436107,1.5163414459122528,2.7499045569228286,2.4937622621010034,0.0,2.7409422771914027,groundnut_early_leaf_spot
0.4256710610865686,0.0,0.675544473168501,0.4566955454010913,0.10614980883023829,0.12029037886329605,cauliflower_healthy
1.5442560863879877,7.727302219456398,3.129429619697319,0.04783231708167868,0.8149798332985267,7.40290479262153,groundnut_nutrition_deficiency
0.015684208049854237,0.0317689775784085,0.1212979685767301,0.0,0.0,0.312303322447139,chilli_healthy
7.1608012376138,3.1711035505146894,2.9095076408134863,4.203707715444246,2.6488678613919774,2.790986973240105,groundnut_early_leaf_spot
5.771518665666618,4.220609057004188,1.8109670951799421,4.27200327109932,3.0647707549516956,6.041689480246829,chilli_anthracnose
3.944095276993916,0.9815528911228188,2.5128136781222272,3.345074509993844,5.438691340188138,2.7932929262701363,radish_flea_beetle
3.488460121526506,0.7616025303617133,2.608298848622286,1.515220856393525,10.0,3.8257256249932965,chilli_leafcurl
5.30339438733839,1.898905937508803,1.6971092148396836,4.367176107847742,2.2431459150271396,8.632134412608174,groundnut_rust
0.0,0.0,1.115748167601233,0.0,0.0,0.07991767595404872,chilli_healthy
8.047183228133399,4.508732846884759,4.284190241295048,5.703458108894562,3.6424123920281435,5.438996668479052,groundnut_late_leaf_spot
2.579664285981734,5.976254837109018,5.89174960258676,1.593405555702883,2.667743490568699,7.131216421626536,groundnut_nutrition_deficiency
7.730596057667719,4.312920180979676,1.3061454821362952,7.3541691752049,0.9222732882425482,6.1115227832195735,banana_sigatoka
4.118950950971392,3.0472269059930346,3.3166661932200263,6.254462301707407,2.133003654430667,2.2882433062915055,cauliflower_downy_mildew
4.4126505449002975,7.200961477234869,1.8742929382673874,0.5241402616561512,0.03553160692637769,7.436324244212483,cauliflower_Blackrot
9.253150157539938,4.923557216305999,1.7377540951973416,7.189866982307884,3.0520482017134953,3.5215898552321887,radish_black_leaf_spot
8.399263195502225,2.4002223898273494,2.703196843324298,6.399876641988026,3.558979784657201,5.801057696443995,banana_pestalotiopsis
10.0,3.6981377197790364,0.0,8.792451710806642,1.733285086132685,5.080240282776255,banana_sigatoka
2.0310758742697064,6.850154393187836,3.7849121386215403,1.076517542714378,7.400564213173969,4.891323416084077,radish_mosaic
4.437433609747025,1.5696624798094958,3.631319934593594,1.5517771335614188,4.528115816080453,2.0514188734931778,radish_flea_beetle
5.12207413345068,2.4800609087326513,3.8335147908833167,0.6823720292507367,3.7399646962859774,3.6189211218770923,radish_flea_beetle
5.967056106808253,0.9440360725636854,3.1747170081907945,2.163259081029729,5.04635605812069,1.5059180952193825,radish_flea_beetle
3.618228840806288,2.937962472749722,2.175174678770048,9.317882964228112,0.0,3.3627289955455892,cauliflower_downy_mildew
1.861868367292113,6.584896805143395,9.066984589745367,1.6538986765729344,1.0797631543945372,5.081686723098345,banana_moko
5.368036330435805,2.982067104694711,7.367095885336319,3.0444517732094916,2.1752127317308725,5.486225602808634,cauliflower_bacterial_spot_rot
2.1076042213708037,1.0366106672589894,3.911232563686746,1.9092012748090037,9.36705061214777,1.3368144691212025,banana_insectpest
1.3273311858867582,4.033010909829267,2.171595525061986,1.5292991942324845,8.631872778403643,3.6316043714048756,chilli_leafcurl
0.8975280379934651,8.73629193378455,5.367554505538914,0.0,3.9647377703670594,4.785993923281161,groundnut_nutrition_deficiency
0.7040812617237928,8.464219697286687,4.658902356008584,2.5564566551305363,3.80540563086193,5.738641917068598,chilli_yellowish
0.6067987811511245,0.11804864710753779,0.23926541545419877,0.0,0.7854432369975128,0.3201685554648358,groundnut_healthy
0.5155652173402617,0.4379951912896449,0.23417896148186484,0.0,0.0,0.0,groundnut_healthy
7.6002860208378875,1.5020366377568184,3.113011763008371,5.888400107067775,1.742596919810937,6.661351924904347,chilli_anthracnose
0.3846933790187868,0.4553504855123156,0.20700647097234548,0.0,0.0,0.0,groundnut_healthy
3.9392924602059853,3.1717019244335933,5.607664096679474,4.804824604871479,0.0,4.422857882630256,cauliflower_bacterial_spot_rot
10.0,3.4308289026878716,3.328392143055002,7.880225648656543,2.7189077111165707,7.2108084549901355,banana_yb_sigatoka
5.493877094680912,2.9346908395544333,1.0152976449752664,1.8556131882270495,1.934718616624613,3.969119446192903,groundnut_early_leaf_spot
0.0,0.27257043975527045,0.0,0.0,0.16191963316372515,0.0,chilli_healthy
6.5968216818962375,4.819822601579073,0.9210064860392073,5.528158795581372,2.0410456214456905,5.974450429893921,banana_yb_sigatoka
5.194697816802435,4.043807131901645,2.03436513107678,0.0,6.253558233334743,3.699285099808637,banana_insectpest
6.801715536221073,3.3296200558435087,1.9443391663385323,5.7908795586396895,2.1237410989347643,6.674444124222831,banana_yb_sigatoka
7.085887555180825,3.6403647320028227,4.891050971402363,5.942640899538252,1.1278710345993885,3.9468591717645136,banana_pestalotiopsis
1.8364410776450923,6.593676754833525,4.527197913093791,1.92370477079585,8.810261912363824,6.550680086335367,radish_mosaic
1.1603293904088972,5.256775892881066,1.8652063403710042,0.7348364805601324,6.73700004005211,7.909009252056766,banana_bract_mosaic_virus
1.0446358361762056,5.8599238030406475,6.267674885396282,2.420508192647379,1.9007419713242082,5.291710073192839,banana_moko
0.19340426034460131,0.5454902125929835,1.0061352228503826,0.5118547730534907,0.12465429782086443,0.5225442370423767,banana_healthy
4.980972896894404,3.430972883009086,3.2448004572932296,1.8125799689599518,8.757068190979997,2.6469949034962044,chilli_leafcurl
3.8663747171373863,2.7478132749709503,1.859789445516246,8.323524432875892,4.715082570002382,3.3943414457978185,cauliflower_downy_mildew
6.196804192367469,2.428390481183383,1.5242053138150948,4.38902654067572,2.32334767063767,7.522956731644232,groundnut_rust
0.14011181389107386,6.971513323166263,9.63707317705914,3.029766885120819,0.8522362775772789,6.723096321574009,banana_panama
5.540673810021712,5.371892000788341,1.688153882692679,6.157879842832862,3.3933112399900884,6.877396128728656,radish_black_leaf_spot
1.0322471949218375,0.3319017893531825,0.0,0.3490618027031782,0.0,0.0,groundnut_healthy
7.042467907408762,2.2341422726648723,3.719404617662378,6.97212338155027,1.0820345489450696,7.289763756562186,groundnut_rust
7.863058878176156,2.0339868104223395,1.9042061324080097,6.273823743507714,3.1931760580497492,5.567805296693018,groundnut_rust
5.281661598703579,3.985795424511611,2.353800135606791,3.6352889923987552,6.494985865956205,4.1049054783086865,chilli_whitefly
7.232940631055934,0.21810842357700144,2.7145943608663683,4.223502951881519,4.273250231020296,5.34186307965838,chilli_leafspot
6.591976251251851,2.9100749139315316,3.034618673751822,4.634022440182004,1.7562415444118862,5.515687995615708,chilli_anthracnose
5.216548657698794,2.963915259552314,3.533247557301357,7.33106910684247,0.41867594654450824,8.037978622079468,groundnut_rust
5.665614323530088,2.558434032616942,1.8316811227584733,6.358248828675244,2.326808816157953,5.578403755866875,groundnut_rust
0.5415668208715931,8.315856719543469,3.270584643054576,3.1960195433381786,2.6248095239824885,8.245168017715823,groundnut_nutrition_deficiency
3.500049633261445,1.924252384266502,4.474958618451696,2.316260974345742,8.54091495273774,0.08832951535775013,banana_insectpest
4.384430907238626,2.467774080195462,5.086698961083443,3.325405189678327,0.2935298033984828,6.2580383315321475,cauliflower_bacterial_spot_rot
1.4286818366685847,9.675251805087074,1.4490850048798645,1.5036791428096792,3.45206021744323,7.8295149892105655,chilli_yellowish
2.208884807043508,2.8327556300713184,2.4820362790968744,9.135551896195514,2.8100982089746323,3.7201575639289817,radish_downey_mildew
2.012080410227097,4.038150442850678,3.703743756400332,1.9013086516043596,9.049662914768538,3.8171470032745876,chilli_leafcurl
8.306790384916729,3.224502114511174,1.7824071754864936,5.750845036168949,0.7225598955659465,5.762157246776278,groundnut_late_leaf_spot
0.7101355426337311,0.09353446898829992,0.0,0.5590842741869874,0.0,0.0,cauliflower_healthy
0.3578045339865454,0.0,0.01697844258258413,0.0,0.38322797992485436,0.716494138354789,cauliflower_healthy
5.523347706523748,1.098036474776856,1.5798461941789261,3.724717114416399,1.6657824578067046,5.183164297005852,groundnut_early_rust
7.200132522520345,4.0490038462758,5.407547497769496,4.427238960552568,4.0339786347877835,5.832221197070488,chilli_leafspot
5.323788358852617,2.369063501274137,1.0897720868249596,4.27008348971421,0.46932936879021636,6.540179712071678,groundnut_early_rust
0.5576567610571606,6.9684556999280245,10.0,2.3396637947103844,0.5928265754342091,5.950395354228996,banana_panama
6.5781152508883745,1.9729965976721664,3.6745687475649396,6.057987752614952,3.2235637888031814,6.806899928014215,groundnut_rust
0.5188397703651302,0.2543703599036037,0.31625348803090264,0.32806022818432307,0.0,0.005098841003558203,groundnut_healthy
5.088031763899832,5.071062120817386,2.0167151502955356,0.971049895467996,6.237701712921426,6.826767505691269,banana_bract_mosaic_virus
2.890043058762933,6.063896677687674,3.5712417705557127,1.823906512526197,4.003728926504181,4.768779654115293,radish_mosaic
0.19413712746321682,1.4899272583685734,0.0,0.0,0.0,0.0,chilli_healthy
0.47578246252905204,0.0,0.3793569124159549,0.0,0.5191492058848004,0.0,groundnut_healthy
4.118850289976624,4.206305018688934,1.876619464710145,1.028426648355626,5.383865561425294,4.131316470182773,chilli_whitefly
6.160779234891519,2.6456911922835586,4.166932797501612,7.047344897363532,2.4356051417672924,2.934706974847437,banana_pestalotiopsis
6.03362508087215,4.0545268542993655,2.4494333081669897,4.6656309894097046,2.094843733536598,5.536222384996789,groundnut_rust
9.459352697205922,4.604097092259187,1.7509177626325332,6.538620997609805,0.7724385381583188,6.9277500415743685,groundnut_late_leaf_spot
8.181024124168198,3.6259549429507043,2.0973483788196043,5.70551712889529,2.658774157044446,6.147700647911235,groundnut_late_leaf_spot
0.16756306653683198,0.1823009018524159,0.7390919678195009,0.0,0.4298475256488829,0.0,chilli_healthy
0.6744352352743685,0.5874666213140204,0.88544110383022,0.08702801967151039,0.0,1.0383982926647735,groundnut_healthy
8.767990860384453,5.076156798439882,2.50678975693985,5.645638582744952,0.9149135649671575,5.597799632128338,banana_sigatoka
2.1443547580542788,5.6173266008704985,2.8539378537066677,0.0,4.159062995117253,8.533212186278211,banana_bract_mosaic_virus
2.1517879844224796,3.018305215232828,3.98098293678743,0.05850722505193473,2.5145071190677135,2.566089239916784,chilli_whitefly
5.566397535970146,2.9707585890049883,5.615046134290523,5.90228507198376,0.8797096979595331,7.033724684682523,groundnut_rust
9.271478687148077,3.333663403713605,4.245615032779154,6.917055844006626,4.073556602458118,4.436784240287946,banana_pestalotiopsis
4.598697281157297,3.32935221313661,3.0280621501874174,9.232633745891432,0.5506702130907242,5.961835421392417,cauliflower_downy_mildew
0.29053409172430505,0.7351067552751969,0.0,0.0,0.0,0.4483979916819336,radish_healthy
2.9353967705313244,4.836960072426358,2.0456754349123325,1.9387074750585698,3.7294496486124986,6.526330493203358,radish_mosaic
5.235480308587301,2.5547231653189773,2.3900818247000153,7.102657874760822,1.8496560526766745,3.493592923949104,cauliflower_downy_mildew
3.8600051557763657,2.3366990555204135,4.073421243545669,4.784042060555063,0.7145661705572168,7.599852673656053,cauliflower_bacterial_spot_rot
7.550259447424121,5.079399954972592,1.5338746938323116,6.691313673773797,2.915436273423742,3.4739718301768354,groundnut_late_leaf_spot
3.841198503383323,2.8057622815707233,5.309843281641364,3.653610207184924,1.651963518240569,6.506192743393052,cauliflower_bacterial_spot_rot
0.0,0.4096690151977848,0.0,0.93678678751431,0.0,0.07035839935077852,radish_healthy
0.5863487885925337,0.0,0.0,0.08251263121935583,0.0,0.0,cauliflower_healthy
6.901427565091649,4.151751062872828,2.3965574955948528,7.414639124444327,3.5733947559243395,6.0368839785667365,banana_pestalotiopsis
5.698938984501157,3.285429520833609,2.5807761943594287,4.148990324616658,0.0,3.4912704405270607,groundnut_early_leaf_spot
3.9755400603007724,0.6798836449066328,3.574199678155068,1.6467556871868667,7.9671144138322765,5.6250531102940995,chilli_leafcurl
4.877224897343629,2.7473876174741676,2.1600205128094787,0.0,3.3196009987875437,0.43506155232024746,radish_flea_beetle
8.504322234867875,6.565955226548502,3.728331130063965,3.7896971052821486,3.5658017159831954,7.162211489611203,banana_yb_sigatoka
9.68078788948184,3.8161208200115158,3.497384927780285,6.739207707753005,0.0,5.412145570433692,radish_black_leaf_spot
4.776375744677041,3.1707512713980646,4.3521623091476105,2.4727241767943213,5.220689621427135,0.46453397020233833,radish_flea_beetle
7.547096646041798,3.835912777625628,0.11278511770212152,5.0557151120772765,4.392749185947695,5.189296876022926,radish_black_leaf_spot
3.358553867665483,1.2534308545134383,1.1613165415708342,1.8009937885848069,1.4525136729308135,6.617118710897831,groundnut_early_rust
4.626700763221335,1.882501704268515,6.726921664536258,3.0668445467358705,7.688493305205296,1.468434700153997,banana_insectpest
6.154350395046822,2.0069888695079325,2.8471750916888032,3.222147147854016,4.720782846264142,2.117315464823214,radish_flea_beetle
0.0,0.0,0.0,0.13310763007645351,0.0,0.0,cauliflower_healthy
3.5679528774916207,1.1263074825736146,4.448018271653678,2.374853852559886,8.431282198499698,1.4905582129093347,banana_insectpest
1.1371942673299618,7.915279655358394,2.6269420538363315,0.7198205169104632,5.089526467462944,6.270589352288219,groundnut_nutrition_deficiency
4.295906287123986,3.0920794312715483,5.220145071766679,4.743219154521638,2.0172583954931187,6.228253151211411,cauliflower_bacterial_spot_rot
3.4406397585304656,4.962234355755579,5.811428791238625,0.0,1.611864697505434,8.861286447990775,cauliflower_Blackrot
4.550752496261649,2.324931718643657,4.207488896773964,2.9826899676167407,6.864313772539793,3.4621296385516556,chilli_whitefly
9.064676816439848,2.4084854056610117,2.6688902682214226,7.7586595768382205,1.8188065384715908,7.135892404288064,banana_sigatoka
1.605403008095312,3.2417589566314833,1.6986352517054597,0.9936033120086504,10.0,5.1940210955390675,chilli_leafcurl
0.3759302336584072,0.0,0.13285354930122867,0.20625179743206964,0.23544390787700928,0.28013210817884454,radish_healthy
2.839406060160386,6.780819788514661,1.3356404363731575,1.017190260249087,5.737215907759726,5.001221436543912,radish_mosaic
0.4515579409044326,10.0,3.6380384807878325,2.0216881681083967,2.9970385808253894,5.19254215491219,chilli_yellowish
1.9956769530913179,3.6099623729689485,3.804077962120581,2.0528347486908056,5.7348429914044035,7.032263006793437,banana_bract_mosaic_virus
4.822825784075501,0.0,4.362581813783783,2.477027398272412,2.5404070650075266,4.713379943126925,radish_flea_beetle
2.3145000976401797,7.932775464743022,4.257901944569674,3.431435172632761,3.2112331640130116,8.190192057205746,groundnut_nutrition_deficiency
4.063514472885647,3.141021142989716,4.574937660900031,5.005812663519325,1.8113163295657375,5.929288374572338,cauliflower_bacterial_spot_rot
4.287372811859037,3.3282243493670824,2.1182146652956293,4.071197302722659,2.763572663990109,5.787564652902219,groundnut_early_rust
1.013508785806487,5.536858640173367,7.316660270609468,2.8511743351320034,0.7229359918191813,4.98818622961954,banana_moko
9.267229694168321,5.568770942765893,3.403536996908827,6.620527652411291,2.1143708398107863,5.920670556379502,groundnut_late_leaf_spot
7.642717221342522,3.8713530256204485,4.269746138323065,4.360704309566957,2.380727788163583,4.77229813128838,chilli_leafspot
8.881534926653192,4.991706789030119,1.7295782179469603,8.999995911073029,0.185998444797408,5.263027762503379,banana_sigatoka
6.862273587052802,2.719990956363591,2.335809565888522,4.587754129484522,1.5271432575234236,5.309594956149976,radish_black_leaf_spot
4.588308883110322,3.4407555931756675,0.6398484331394498,4.291890378293111,2.1135682449040525,5.8183851184208635,groundnut_early_rust
3.1870218607712433,6.251085939533265,3.539768060384577,1.515286096108373,3.3824894953887035,5.927874325184741,groundnut_nutrition_deficiency
9.327160217183296,4.410670695309214,0.6815847518787381,7.053483533067126,1.7574692283661397,4.618528010991427,banana_sigatoka
8.340693270483657,4.991524514539004,2.5229415641450665,4.338578376690004,3.1852742191095196,6.069272366274876,banana_yb_sigatoka
1.2712077074987636,8.288707524705663,4.130098626437245,2.633912912797325,4.0844620332599035,8.606413569079665,chilli_yellowish
0.0,0.0,0.0,0.0,0.0,0.07902674496006593,banana_healthy
0.0,0.3343274023789533,0.049033769769472275,0.6479358909315072,0.0,0.37250265643864056,banana_healthy
8.109791454852084,4.37702473995869,3.983968370816143,6.135492405938377,1.1743014481036185,5.761677413575819,chilli_anthracnose
2.096228548712311,3.779246482771037,2.544345218738605,1.2320865772063794,4.713961643381168,6.919217586428344,radish_mosaic
6.698210514841398,2.8993630652289397,3.288486734299343,4.865579912031317,2.1911263666004093,4.704860258545274,groundnut_late_leaf_spot
5.502326542384408,3.381272041451516,2.2004215737403525,4.950472122495211,0.4185081477939252,1.7675061973642068,groundnut_early_leaf_spot
4.0802568006950555,4.298893582184573,1.8832592163285553,0.8457404398335344,5.475382818168039,3.793581671520384,radish_flea_beetle
4.7303259392513795,2.3472722796340877,4.344388097572068,4.338035096592824,3.551730193031662,3.855761987695076,groundnut_early_leaf_spot
7.714623341421895,2.5069713610362307,3.210924094073663,3.5571997728981612,2.668547542559609,6.6938560465909225,chilli_leafspot
4.525236119317369,4.607511882963456,3.6424607622241325,2.5438662827394767,2.769378408853907,8.490332897076701,cauliflower_Blackrot
6.474286498474397,5.642691928047496,6.602568677420786,3.0695451643928724,1.1650284672486015,5.808805706988779,cauliflower_bacterial_spot_rot
0.3619100078702537,0.0,0.052692430304246814,0.0,0.0,0.0,radish_healthy
7.3205519812137805,3.6104700278759205,0.10257115756144009,6.074045976891338,0.42032673797987263,4.176151614382659,banana_cordana
6.247398920697814,5.429512817958199,3.810164467688305,3.9407601020271734,5.252953158848639,4.923505657395241,banana_pestalotiopsis
6.084562935140731,1.151346265162549,1.6458524519387852,0.645322245372828,4.16888287171236,1.8830476515680767,radish_flea_beetle
8.491399754152221,3.0812666115637746,2.8809276029686983,5.154750629763997,1.6777315171769804,6.821383360263596,banana_sigatoka
0.0,5.825800544960073,10.0,2.633267263015436,2.8771507716514595,4.21920820715794,banana_moko
3.036298503137129,1.893536343387088,4.9028150077209105,9.147125672213972,4.332300904853076,4.066544002189239,cauliflower_downy_mildew
0.0,0.0,0.005348603562615219,0.4754610592605829,0.6535177159774388,0.0,groundnut_healthy
8.473202790967951,1.5484307775705535,4.0070868642052435,5.5028228112392545,0.15398577308990935,3.9330771068107526,banana_cordana
6.671755650159132,6.601407360005405,2.3433698533410108,4.4983725813128554,1.4828045597362243,6.713673361942448,banana_yb_sigatoka
1.7711811190839841,5.260919447815668,3.044081276826505,1.5948182655671257,6.180502686172292,7.437953202959471,banana_bract_mosaic_virus
0.0,10.0,1.8533774778969152,1.7161753815131164,3.7171932015335947,8.753084111373441,chilli_yellowish
8.763863848247917,7.787131070315319,4.274179975187678,7.696834962674385,2.262006500530593,8.161518338517988,banana_yb_sigatoka
0.0,0.0,0.0,0.4654100625186596,0.6307304019944023,1.2196671393596332,groundnut_healthy
10.0,3.466064330925697,3.921289167397271,8.070208695513776,0.8144203521269998,3.8240478335794097,banana_sigatoka
0.0,0.9989670873514607,2.636296707465583,1.5523933820577795,7.019574595014565,2.8214891118397416,chilli_leafcurl
0.1509480317207342,0.0,0.5302998872776558,0.6461973192672373,0.3796522856684603,0.0,radish_healthy
0.0,0.0,0.7092656725740183,0.0,0.6384826930440939,0.16901174055085408,banana_healthy
7.228630639714511,4.717538336791286,2.0598115899899403,4.928411379503724,1.9186429546640953,3.5289634744354057,groundnut_late_leaf_spot
0.904653174866555,0.0,0.0,0.0,0.0,0.0,banana_healthy
1.5164683176685947,9.080071747481808,1.9575877014228324,1.7232125973583416,3.0741980064217436,6.898111211757575,chilli_yellowish
2.0698504621352,3.628435642603252,2.42934483241794,1.6729414316418811,7.299661491810332,8.264562462441884,banana_bract_mosaic_virus
2.5848102418630177,2.553945285401217,3.09165070644308,7.685351450664201,1.6768457289580467,1.9327080104148737,radish_downey_mildew
1.5660746088592792,6.410628765627103,3.106444299729286,4.264291143094756,5.440172488520142,5.466083640520281,radish_mosaic
1.5780576705287102,6.925921402104683,5.283336865749027,1.9950288980670146,1.2217223802988286,7.702500769108389,cauliflower_Blackrot
0.0,0.0,0.0,0.0,0.19741001020608834,0.0,chilli_healthy
7.167342959235037,3.9389592262496085,3.8028903053956378,4.494879722499481,1.9154317113470531,5.386274965460952,chilli_anthracnose
1.1548465166189548,9.668522936323368,2.810123836186937,2.766642648414658,0.0,5.993082132914743,chilli_yellowish
0.4692057119366459,0.6102381955405373,0.0,0.29800433649305996,0.0,0.0,cauliflower_healthy
5.282380602181565,3.067809209315121,6.870019952170373,4.794767370841963,1.1715777606484532,5.896963319042686,cauliflower_bacterial_spot_rot
7.176153496215477,5.39605126619626,4.28255078567315,4.456800352180208,0.6939065171925851,8.07260355122682,banana_pestalotiopsis
0.0,0.21851081057148458,0.4946360956181212,0.0,0.0,0.0,radish_healthy
0.0884075197619969,5.528569685552479,1.9764346412879825,1.6629879453005771,6.268696960877594,8.636968515968613,banana_bract_mosaic_virus
6.346478816056433,1.035790688727891,3.0737098726519356,4.017509208966194,0.9134968985918746,5.175166872019939,groundnut_rust
0.0,0.542835954591819,0.0,0.0,0.0,0.5980751107630632,cauliflower_healthy
0.5397239475917994,8.636051816246008,7.273812517272803,4.092502199622684,3.8884810598661277,5.548025612876479,banana_moko
1.9574208416585666,3.75187043525446,9.77506850433107,0.6811462981341527,2.502740394347968,6.1935594511952345,banana_panama
5.477254105496815,4.81697336972673,3.0660429828366538,1.7862291369762247,2.7685826764027555,8.519505635413974,groundnut_rust
3.8541571020991086,1.1510906300215653,3.53444313847373,5.037269796887998,1.6152506284318262,5.270974908095147,cauliflower_bacterial_spot_rot
7.937654274919066,5.337618016987492,2.5860202056515194,6.272434632466735,1.2897487203882891,8.529126710481243,banana_yb_sigatoka
6.624330363372215,2.9991496865080247,0.49951071923633905,5.72541839162644,2.058799674788091,3.457491600600304,banana_cordana
1.6219658092225475,4.099212007485441,3.01389733845439,1.0088283630702106,3.5563068579626536,6.5561409224408145,radish_mosaic
3.518713210685905,0.11187819321138326,2.435275479879164,2.0871819121369177,1.8024694063269742,4.402536013791442,groundnut_early_rust
0.0,0.0,0.24542081274647184,0.0,0.20988381511513693,0.0,groundnut_healthy
2.4856970063786044,8.00652855916103,2.7938099463879373,1.4491720994068216,3.522429752457777,7.660364408810908,chilli_yellowish
7.842001450880525,4.027257713730616,2.9791951786446025,3.1491653172220335,2.9792972529367265,7.411612867405745,cauliflower_bacterial_spot_rot
4.725886267787052,3.3064834799347147,0.0,7.954526891460728,1.7105555558292038,3.257805177934791,radish_downey_mildew
2.845844964056158,4.662690280729777,6.631262267876893,2.360546090917329,3.8110880237930007,6.458540604711022,cauliflower_bacterial_spot_rot
3.696036573337662,3.123377091786083,5.778912061265001,5.104611490078814,3.874718132786083,9.53429554792212,cauliflower_bacterial_spot_rot
5.211366146315163,0.9860702736878044,2.2011808474499186,1.8897862827980538,6.895077605467383,3.6579835530653986,banana_insectpest
5.7872522806435525,0.5237694599642306,3.4948700931235965,4.169279226361585,0.6781240775922561,9.598480926602958,groundnut_early_rust
1.3213083585512115,6.434421134618659,8.862100908165969,2.8107036201222177,1.2299998158435412,6.998422301148237,banana_moko
7.071605241839655,2.8934014309861045,2.4667502432483475,4.794327500884959,0.06046830487313881,4.461820677618642,groundnut_early_leaf_spot
1.9010648490210158,2.8245683672035744,1.6489550074258508,2.928885459788115,7.945036688270778,1.6976926917288364,chilli_leafcurl
0.06887920258701861,0.0,0.050381411450799385,0.0,0.0,0.09073894093952797,cauliflower_healthy
5.874244144787271,2.344580384727453,2.437386414789005,6.001043236695332,1.7657792586808465,4.491843987129959,radish_downey_mildew
4.652315495777167,1.7617024119298115,2.8715167251144145,2.759204228265832,0.0,6.584323868879913,groundnut_early_rust
3.6848085756205986,1.5963356655066365,5.152365755537764,2.5549803488802247,5.5847570540408595,3.206705263693245,banana_insectpest
1.120624206675561,9.791350229327225,4.978095129233384,2.906554056645156,4.567033303424175,8.168942161880437,chilli_yellowish
0.0,6.104968504416887,9.279651541835381,1.1383222596580829,0.2945724341103998,6.276733018519457,banana_panama
10.0,6.127682578096525,2.087279202689833,6.685129192730638,2.1420200787862127,7.469861410312112,banana_yb_sigatoka
5.763885908212612,3.17595910517541,3.7110252117130464,5.756129594700479,1.9296715090610337,5.7111569137832285,chilli_anthracnose
4.487611743015063,3.2522154688270315,2.8718642896152415,6.510180457552052,0.9325508980526087,5.195718331865924,radish_downey_mildew
8.992206356850938,4.875188926730366,0.8901493480134781,5.698658598429071,0.83340533846801,7.095495455867873,banana_yb_sigatoka
8.232138289990155,5.571838203320241,2.910785604289771,5.778538269376866,2.7107954564160117,5.119176577941619,banana_pestalotiopsis
6.301982903261628,1.7822919231685599,1.2208669459207915,3.5312716798852923,1.0409001619110714,3.0760321227296297,banana_cordana
6.568277625053097,1.4087427767015541,1.5038418066520687,5.312336607899463,0.0,2.851418902125949,banana_cordana
4.18803247389583,3.2282367730224135,4.2103441347207085,0.3959294733488832,6.505811957243611,3.1583135601263486,banana_insectpest
1.894432868893451,6.112228195726332,8.80475555811709,0.9545683639908431,1.0865838841861135,6.885884676979394,banana_panama
7.07659693217784,4.155758834478239,0.8037510570165294,5.746912855433315,2.3524174279515413,5.219721670259455,radish_black_leaf_spot
0.8403962032839237,4.414929260992607,10.0,1.4362826427954358,1.1905072611250513,7.387208003341352,banana_panama
0.2430181447088185,0.0,0.5413455269435367,0.0,0.0,0.662898323771095,banana_healthy
3.706123416288369,5.5250074441676436,3.3071895811499994,0.18800819530495172,4.9453134248664865,7.830620393188633,cauliflower_Blackrot
0.38233958771761756,0.18334338692753752,0.0,0.5624031533489381,0.42399876698142497,0.08804774411542472,groundnut_healthy
6.5182265921539395,2.3104764941591815,3.355428115344356,4.568379732896169,1.180823029460633,3.162980115236656,groundnut_early_leaf_spot
0.0,0.0,0.0,0.0,0.4485330984435661,0.6374375206393611,banana_healthy
8.844930251559731,3.78496605114157,2.8679810946668236,4.510649147587288,2.9359065977942898,5.624002736810231,radish_black_leaf_spot
5.192822597750784,4.937739905096793,6.6136222078767375,4.7815971423942445,2.5678604789743797,6.739673148636431,cauliflower_bacterial_spot_rot
9.87981518090707,5.653771216597136,0.811252131947291,6.588170117575945,1.9107780345521352,6.53769400921547,banana_sigatoka
7.059814245984951,1.940883256627784,2.93091846233927,2.7001579801784783,2.617058292362516,6.2184113435251955,chilli_leafspot
9.319640045564388,3.349946700795822,2.162649576382931,4.160944583007058,0.8656795046320611,1.2090943837457089,radish_black_leaf_spot
4.966277527560292,4.08590417959096,3.957729255701292,7.489331169620336,2.367012373297013,4.133098117160061,radish_downey_mildew
10.0,4.908612185322427,2.500514389307895,5.818439575578454,1.6853694904456884,5.13181605309624,banana_sigatoka
1.3822164051231502,10.0,2.718572488702817,0.5631227764396398,3.8556878787438422,7.828638954581422,chilli_yellowish
0.4152844523040795,3.550890716562475,2.7315968709625005,0.0,8.161360583469607,2.891919432969903,chilli_leafcurl
4.874328643429651,4.7231560763803335,0.0,2.2399382217500503,6.664207184224848,5.494281301931739,radish_mosaic
3.4765812276300228,0.3940032478154438,4.839340661721726,1.4376541278501827,9.339923940175918,5.207949557915818,chilli_leafcurl
4.535551616308536,1.9666705463147818,2.346627489868969,6.493633432428622,1.3148715206088086,5.474151699666132,groundnut_rust
8.639339851187149,3.0333679809873755,2.741863439795412,7.850731953193563,3.193221823778508,6.082725679932143,banana_pestalotiopsis
0.2673182663187342,0.0,0.0,0.2675605043997661,0.04880407056387395,0.0,groundnut_healthy
0.0,0.5664780824030687,0.25503329658553286,0.3964526859186009,0.6452126623084311,0.0,cauliflower_healthy
8.322852176737177,3.288756612451472,2.7862803542165127,7.308396934702997,0.0,5.47691823709148,banana_sigatoka
3.9179861691692395,7.880257376207039,8.010540385877777,2.714780019646819,2.0919308845419917,4.385883730469236,banana_moko
5.512605283819724,2.6201747831955786,2.2476712373387144,4.4326191253350995,3.6836401130322387,8.9949985189404,groundnut_rust
2.947789878329847,4.244605767038405,5.759099359570637,2.5085540967242386,0.0,4.827513424630318,cauliflower_bacterial_spot_rot
9.54203459281719,1.0317412936490644,0.906279033694541,5.987613628309127,1.027114006374228,4.6699838332939425,radish_black_leaf_spot
2.3186305893790733,5.615052354079282,4.348105479562519,2.052680639748066,2.1166399831895095,7.206990563896903,cauliflower_Blackrot
1.787447699823105,0.9316185823761538,3.92310668302154,2.6435490914206277,4.364646614680064,2.80545122942417,banana_insectpest
8.435957783974782,2.2682605148167414,1.8391793999924988,5.017625833675036,0.05812202430131208,4.777936520612631,banana_cordana
0.5571171733713022,0.3385152349004032,0.44050667358260115,0.5429592057533598,0.14141408005935144,0.0,chilli_healthy
7.383009412503016,4.608540535227774,0.0,5.1380312949769005,0.8078406453200315,4.805608091740559,banana_cordana
1.409662353657071,6.615324108634977,5.422195637727208,3.0779630596268426,0.1674800710038995,8.410941055012282,cauliflower_Blackrot
6.7397761551659965,2.833242106318198,2.4596959346660743,5.092795176652074,2.2687122487359277,2.664169656369363,banana_pestalotiopsis
7.754716871223513,1.7736197579828092,1.9726799945369244,4.649535163700133,4.7876831926651,5.522473098175894,radish_black_leaf_spot
1.0173745790762951,0.4107820623123072,0.34132625364629404,0.0,0.3136992428106704,0.10839563880224665,chilli_healthy
2.8908950362514454,5.792806297249055,3.64899385246139,0.0,6.413084496979357,4.09527217574377,chilli_whitefly
4.305900514786157,2.2453904502260054,2.0940322369953495,0.2703948874216262,2.68279627009334,3.909584111457474,radish_flea_beetle
0.8231917280541925,7.156710507666685,9.299341135116087,2.4790738315271925,3.990620798320824,5.669854286093944,banana_panama
5.40428391677194,3.542729253178295,7.010763552614675,3.7672062489200497,2.4901824057757644,4.9664542771369184,cauliflower_bacterial_spot_rot
6.638994625666651,5.23501652335356,0.8470277865616795,6.647717415394011,1.6081569769585147,3.5948901274310554,banana_pestalotiopsis
8.567536570873843,1.5277011884457112,5.054769274040307,4.845738758737844,0.829974338073783,6.90930573624982,chilli_anthracnose
10.0,3.561816864162144,1.9914084173919704,6.824686140474346,1.477052324451637,3.99026058304519,banana_pestalotiopsis
5.029569879965536,1.8773189481403856,1.4486475315497478,2.659828810134826,0.13622373880807548,6.482070765271392,groundnut_early_rust
6.822060234487116,4.221355162843152,2.9904856950559555,5.920460262191252,1.4793829719769134,6.234768633974779,chilli_anthracnose
2.0518210114601274,9.06084870463641,3.285356835766871,1.6939739134625578,3.1042621678533737,8.3509986148141,chilli_yellowish
4.812195403748948,2.3379145778012487,7.7620098224609295,3.084272375865429,3.20591635288146,5.5286387797426295,cauliflower_bacterial_spot_rot
2.6211908245629476,4.129107424215841,2.224120117372494,0.09354048117601299,5.266178636409662,5.312006683782133,banana_bract_mosaic_virus
0.0,0.3298873793208888,0.5633618183893172,0.0,0.0,0.0,groundnut_healthy
6.499001952218714,2.279112803997717,4.323492842041573,5.83823986535978,1.2809338465629816,4.84150141815333,groundnut_late_leaf_spot
0.2702284023945884,0.0,0.0,0.0,0.12890735262749448,0.0,groundnut_healthy
6.580372951997454,1.794354167151845,4.300258227993444,7.133964255181469,0.9548920761559876,3.1062926118587337,cauliflower_downy_mildew
8.277753898998528,3.3716754037044105,0.0,3.7000978181925657,4.394713332685389,9.730797212968023,chilli_leafspot
1.8501357375799192,7.01883735514931,8.262391168108758,2.464415381718786,1.7592328414094818,5.441012492648722,banana_moko
5.90520938312037,2.445001016160037,3.4114241589379777,7.182157254057912,1.4191764521644659,6.965744932232878,chilli_anthracnose
2.2784515267115233,5.6903453812666065,10.0,2.5896953076266325,0.0,7.709553278492692,banana_panama
0.6075328027958193,0.9504443948018424,0.0,0.0,0.7459715295808204,0.0,cauliflower_healthy
7.1871653255338765,3.2512251962251377,1.3407399392600596,3.1125873144471368,2.1840399660815697,5.60399452861468,chilli_leafspot
8.666560124343492,2.573343994571153,4.811456235135157,5.520952377849167,1.9809608978557838,4.934638343594815,chilli_anthracnose
4.884098702285931,4.930857443559698,2.241318856057961,2.2607852752091344,7.326631119549581,8.424436366672456,banana_bract_mosaic_virus
8.426696045769571,3.8499646166412766,2.4217378490498995,6.284180285979713,0.9681744889011279,2.9417504185267385,banana_cordana
2.3913596266905417,3.498663708337636,3.1088324230482813,0.7781174362684131,5.3727323753771525,8.258811071004267,banana_bract_mosaic_virus
0.5865963739084357,8.49030673215479,4.083499861696749,0.7650443863060341,2.39482555979482,7.0859575321314034,chilli_yellowish
2.0796704851403245,3.368856712246847,3.310152209182883,1.6082208514645324,7.773931250360761,2.9102057480169625,chilli_whitefly
3.259463258383202,4.357717746127318,3.5808728787611908,1.2371195256308796,8.490313047150318,6.1729746182925185,banana_bract_mosaic_virus
0.845825204198832,0.0,0.0,0.0,0.0,0.034766664948112945,groundnut_healthy
2.4314252745685665,8.519732457120519,2.0314943283149023,1.5998915500611046,0.07016571489783585,6.290350931929675,chilli_yellowish
9.965920068878791,6.628500401426107,3.0588765077479763,8.23297521202323,3.3688944252940285,6.452715911210672,banana_sigatoka
2.901004637770302,2.947398511580051,0.7350734756051776,0.5295831765536496,3.1862743791112247,4.970295540785306,groundnut_early_rust
4.795828127058965,4.1867075005704875,0.3619346683154996,6.336708086397138,1.0335994542334754,2.726938893160499,groundnut_early_leaf_spot
2.3991353107399696,0.525266112233729,3.1798466375223295,1.7161525327969769,10.0,4.823546250078176,chilli_leafcurl
7.9301072940947686,4.813587359043844,2.453205002383607,5.8844274266675765,1.709818504965224,7.108917754608947,chilli_anthracnose
6.991985712336794,3.882680277963086,3.584503870938713,3.1901969487533868,0.37061215152146953,5.5563399782888485,chilli_anthracnose
4.14730938569123,2.3196601401475005,2.2135169724109263,8.188892969063557,1.7232801055494382,6.069133899003118,radish_downey_mildew
4.379629985843374,0.9377015766509331,4.217275291325299,3.5639336447792767,7.70339896047134,2.5051034181402234,banana_insectpest
0.18980502820724024,0.0,0.0,0.4739103882062334,0.0,0.0,cauliflower_healthy
0.5914474694389626,0.0,0.2600882108001358,0.0,0.2830287294160336,0.0,cauliflower_healthy
8.17932938313646,3.4066544766154565,1.7464802527458982,6.587808917685471,1.9012998960160112,3.118939553970753,groundnut_late_leaf_spot
8.291120947240959,3.174910367193189,3.613866634226406,5.438518211389651,1.8542154734715068,4.967997029853238,chilli_anthracnose
4.21194752026824,1.3733497666030485,4.2228166923463455,3.6039917576501366,0.0,5.763173813598403,cauliflower_bacterial_spot_rot
7.102381771078029,2.0300811340308886,1.0034667121321217,5.627016926318909,1.5020778650664206,5.681918311535715,banana_cordana
4.723364705983211,0.0,0.9046876025193025,1.3447826036180632,3.201538673204583,3.0496923469709754,radish_flea_beetle
6.884626854490612,3.905025553238884,3.82063333671839,3.456236607716705,3.7675802931557953,4.295637863915166,chilli_anthracnose
10.0,7.350650641491953,3.109401775999727,6.945844968956624,0.0,6.803281191566706,banana_pestalotiopsis
1.5965770356536577,7.229296523958701,6.852669151012921,1.3822583343303287,3.1674449628996473,6.924361091157649,groundnut_nutrition_deficiency
0.10116439821140101,0.8159284495445545,0.0,0.9090309612789124,0.38757774701739156,0.2765200429261792,banana_healthy
5.394413890817699,2.2443925072714137,4.177608137255345,3.1046758709033044,1.2846818507572202,6.826394754175699,groundnut_early_rust
2.9368780894418673,3.9315523088967863,1.793332834579503,7.559573097642048,0.0,4.481715591240954,cauliflower_downy_mildew
7.2935176835790605,4.036096885873933,3.0349822947900154,3.77012612074296,1.1389296329599365,5.994621844347851,chilli_anthracnose
1.9248221334538143,7.2894882980880755,8.101406174831435,3.9575934595346833,3.1082103392568423,3.739252013806639,banana_moko
0.809754769100252,4.8983771260332425,9.11085214996791,0.12245344719703488,1.1721118802289918,7.045829263305521,banana_panama
7.215923686497264,3.1664624155086694,1.1225444125563584,4.008410616272125,0.6339093530772937,7.4602316509548015,groundnut_early_rust
2.2245769842528005,6.70521597744936,5.660968148855757,1.3614243496933205,3.1601071614111476,5.559562953228887,groundnut_nutrition_deficiency
9.872306635437116,1.658076504540536,1.4214704315401854,7.571332921683178,1.6677327730774358,4.193935052890307,banana_pestalotiopsis
5.297776976880859,3.470727031980658,2.751493119275981,2.8063392711568964,0.6580830176281866,5.320470188866559,groundnut_early_leaf_spot
3.280351514458575,5.629965906065984,3.582120105077105,4.264155024985331,0.0,5.521115352908288,cauliflower_bacterial_spot_rot
10.0,3.6842064735282083,0.3531083149264318,6.633241069111845,2.2578447612103307,4.994188221202163,banana_sigatoka
0.5210825130031997,8.142954364643403,10.0,5.0039073376855665,3.4687385037752057,4.762855438644841,banana_moko
2.644189620746811,3.985561698082506,5.301417601927999,0.8451040143437771,7.836681068054016,3.675649218850606,chilli_leafcurl
6.912541601543347,4.170375896648807,3.3764678194762885,4.218474249696417,2.729920599613027,6.615122009405978,banana_pestalotiopsis
4.681723846154375,0.7404134013080708,5.635075423254943,3.968737476185945,10.0,1.6518071601124824,banana_insectpest
5.118921845145601,1.5018796532439564,4.840840734544701,5.377585333367064,6.87478864841573,3.4719684600063885,banana_insectpest
9.13777154056646,3.6328546821620895,1.5162260560891814,7.529328273418684,1.8855906905639808,7.076386177828603,banana_pestalotiopsis
4.124125755169728,4.450491248172493,4.332830154357611,1.973265224979544,7.386498772920382,2.9866895952616774,banana_insectpest
3.251240854899402,5.448415918687787,4.514581898429966,3.7781497873664907,1.0763514809145736,5.244035961773172,cauliflower_bacterial_spot_rot
0.21274496662011513,0.598623461822614,0.0,0.0,0.0,0.0,banana_healthy
2.0871193838675874,4.302877847982459,1.6338448906148348,0.0,5.263522018176259,3.0254796789309855,chilli_whitefly
5.609531694254031,2.1357200938976213,2.9306970032984068,0.5102926069907481,4.183904199181738,3.221947943893398,radish_flea_beetle
1.757239987895462,10.0,3.5522867318735014,4.034735039933704,2.6946759267772036,8.637843248626087,chilli_yellowish
4.291111628799498,0.6359935722647618,4.591581860231494,3.7915411428651895,1.1408639127387472,8.187525451308815,groundnut_rust
2.7073277524447295,5.09523921606984,3.3540848931231118,1.3681182551389166,5.767873343452964,4.582758326391774,radish_mosaic
8.455909013950048,1.6181767717506803,2.084237349829404,4.236936922539846,1.6215267038299355,4.044463039537451,radish_black_leaf_spot
0.0,0.0,0.0,0.30412309584248426,0.0,0.3880139569217377,banana_healthy
8.022533268065537,3.3273520635431755,3.149999257622169,2.4609319683936546,3.9727139677783105,4.31731417629269,chilli_leafspot
4.387822578949847,3.540580231824274,5.553982701780347,2.6530644228084164,8.014963447075514,3.616875062909731,banana_insectpest
0.5622070749854445,0.6064919642746853,0.0,0.0,0.0,0.0,cauliflower_healthy
8.036592812986921,3.7169675206761132,1.7403910610918463,4.463927761132606,2.188278489438216,4.98086284570789,chilli_anthracnose
6.527027613235992,3.916989959918273,3.9484188104307467,8.203517211673923,1.370397463321563,4.91343084724181,cauliflower_downy_mildew
7.6127882420000414,3.1782372187698056,0.613964191510378,4.911895411811781,1.8037594862917556,4.273316413635881,chilli_leafspot
4.150615651732344,2.437670854597187,3.3211104263811246,7.947068680245323,2.7605184408518797,4.689974726419865,radish_downey_mildew
0.06716684609930557,9.463453865595003,2.9344236662826355,1.8121944216789734,2.3437953050874425,7.1041449115288495,chilli_yellowish
0.42099184772606346,0.0,0.0,0.0,0.0,0.0,banana_healthy
9.724455888653035,5.68180041586259,0.5493693624551337,6.320875442929113,0.9091947128115239,7.845061582841212,banana_sigatoka
5.191271837331467,3.1095262778010877,4.863701758123054,2.263142399844292,4.325713879271768,4.870159295678707,cauliflower_bacterial_spot_rot
0.0,0.0,0.15048418832120558,0.0,0.0,0.0,chilli_healthy
1.4767749221831163,6.42309219192756,6.227360559286163,0.0,2.877374664339467,7.406321495584881,groundnut_nutrition_deficiency
2.3136857445618806,5.978389000170817,2.5825585922213437,1.2528633200488173,0.0,9.208541388094847,cauliflower_Blackrot
1.137335028321012,4.932034458888142,3.499157251604539,8.088674660124324,1.4936277630892296,4.486352932591711,radish_downey_mildew
5.276017849384905,3.661272149059119,1.5533011787714937,3.6160877927896893,3.431127445972779,4.564392120947746,chilli_anthracnose
7.930596065146887,5.3533456325339746,3.1367648017533267,5.047848324139834,0.889898455425638,4.459757730000988,banana_pestalotiopsis
0.11701222717657397,0.0,0.6002658292369363,0.07017993492402348,0.0,0.0,banana_healthy
8.934664753906508,4.076207179038638,1.6777632225130013,3.930569329501655,0.0,3.137016016909096,banana_cordana
6.8091590952445245,1.9230879900615783,5.1228744637834325,6.6520617135227464,0.9876919725253195,6.430284109822148,groundnut_rust
4.067948880748884,2.9301527362403035,5.413129061472064,5.142920682197248,1.0023822316384239,6.9043586482727966,groundnut_rust
9.062692498034053,7.138021743760222,1.36238840891935,5.9370313727243405,1.6683976459469392,7.520499623153155,banana_yb_sigatoka
7.670201146331327,3.44460241299371,2.6635318270377266,3.2281018825449195,2.0807034526236845,4.269036693370924,chilli_leafspot
5.050196683341178,3.823082187604955,2.8636117890011517,7.918947889004081,2.8077604306795623,7.366102485648104,banana_yb_sigatoka
3.001515438720644,1.6980384150234273,1.637283281369371,8.486288030658974,1.3763906261556378,0.906048579831364,cauliflower_downy_mildew
4.758880053945973,2.4829842988610187,4.087743048623757,8.478372166155982,3.005428133931679,2.357089768412539,radish_downey_mildew
0.8654379920064101,3.932091347827579,4.427140144127572,2.600126999239558,9.149734295612895,4.3094339407539515,chilli_leafcurl
6.701076248248477,1.5795854585757236,6.463857674058387,6.261502652329066,2.620434275829046,5.602825870723349,groundnut_rust
3.5431473529119275,3.6530928030145002,0.18484547104696913,2.0505273880236183,0.0,7.652320477906394,groundnut_early_rust
3.111160444377454,3.319500134252658,4.726147485795169,2.414978232981838,3.765369062764767,3.3749037841199074,radish_flea_beetle
6.7834241036912495,6.831729081413833,2.3585034900388235,4.097850739885779,0.4883708845533481,5.378134851036106,banana_cordana
3.9251996094456274,2.7707666848797974,4.895138505935499,5.9415251454776286,0.9768875443187265,3.684531004950079,banana_cordana
5.758791380970154,5.705378846405693,3.933971742497981,1.026938703646513,2.997194522622511,4.913545935363368,groundnut_nutrition_deficiency
7.649980363454187,3.3006535539880364,1.4438805032230442,2.4132742256905884,0.0,4.497120279749669,groundnut_early_leaf_spot
0.0,0.44684884469455544,0.4464769350543846,0.9148101008580436,0.0,0.35616107979008105,banana_healthy
2.192700507517518,2.4986938500950204,0.8747318371953816,7.155612347221901,2.7704541102722735,4.606472051464555,cauliflower_downy_mildew
1.9478973222345217,5.102565576042828,0.9641009519488879,2.573454723315262,5.957012368253749,2.7377299939939004,chilli_whitefly
2.2886409201856237,4.9719272477072645,1.1406851775123221,0.6784080454763481,0.24753898546317932,9.449003833942305,cauliflower_Blackrot
7.92409735122337,4.688136992026479,3.790008630562169,7.8697952481829985,2.107573078168517,5.375243272125241,banana_sigatoka
6.978609868964505,2.145772614745061,2.8264781542533814,3.417009677945361,2.2224765060518155,7.081716984643712,groundnut_rust
4.162362194430844,2.7451058682669975,2.25436512277998,1.5425320292127709,0.0,8.25816219916818,groundnut_early_rust
9.053462598685382,2.3606631028795784,3.269552856606551,7.098213201435446,0.0,5.639190767467581,banana_sigatoka
1.6884903783636742,3.1962284562582726,1.7051083230968669,0.6727317163027955,2.763736028470114,6.934846160178625,banana_bract_mosaic_virus
3.9060879480966246,4.188073476859632,3.6126471594187617,2.6694821255140058,2.440832418976984,7.923413096613563,cauliflower_bacterial_spot_rot
6.301909803077935,1.4858358939840617,3.552116638019093,2.2213825381340806,1.967799646462721,2.51232516755242,radish_flea_beetle
0.0,6.820995850330745,8.022292796611742,2.2113805422652306,0.0,5.681714951435757,banana_panama
5.147996909142649,2.736519192568566,2.0634384145149376,2.050041205914949,4.168094146644239,2.831363366586746,radish_flea_beetle
6.946237912312828,5.18469632191796,3.1118242212157337,5.14317921243093,4.444152068280476,5.640963130719181,chilli_leafspot
6.929769115542299,3.8714521857143773,2.4503456096334326,4.624584085272828,1.5676381774879742,3.9021120740713244,radish_black_leaf_spot
0.36624605138990113,0.14436183141251163,0.0,0.0,0.0,0.04668618713832562,banana_healthy
1.7274727906628888,6.8298909351669534,8.16267609969765,3.8742223722174436,2.7651269746774503,5.310523766292706,banana_moko
4.7784668066755405,1.610744491270477,5.6128826595287284,2.7784606646378194,1.089843292482962,4.824701114141814,cauliflower_bacterial_spot_rot
6.412265547593961,3.5544911551955276,3.1773796586844236,6.535684664080063,3.0855819821482244,6.51476153825822,banana_sigatoka
3.3991449417372466,4.122084647007912,0.9830644501072179,2.89713229432646,3.62759443815313,2.4983890456398963,chilli_whitefly
3.9182518897984564,2.4367647570232855,6.511837518651934,0.1857398965241437,8.391257251960626,4.1677218732180865,banana_insectpest
5.931001983843061,0.6619457919214184,2.1135416813491363,4.3518331526436675,1.5741791223778214,4.849303091992814,chilli_anthracnose
7.388800819418179,4.247424044421406,3.306428437580205,6.275120209314496,2.1820989691706005,4.229786885751869,groundnut_late_leaf_spot
5.815869159221384,3.2357440554817614,3.905231561871372,3.5389359455848344,0.0,6.176156628758261,groundnut_early_leaf_spot
7.265880861116836,5.933977560799681,1.479544511970773,3.57681341576311,0.07452484665877912,5.350872915248281,groundnut_early_leaf_spot
0.0,0.6944798496451103,3.4585575310689642,0.0,8.34651248181145,4.591703682457525,chilli_leafcurl
3.1618322618135033,4.991029154310958,2.106276825408317,0.16186395308910262,6.913126179299385,6.423574289701732,radish_mosaic
0.8927017237227566,8.99723118552183,3.7662198950980366,1.7896300158031655,2.126138970233346,5.689115766346245,chilli_yellowish
6.456963179264342,3.3934122934665867,3.2506242510411982,6.069855272502068,1.5278745244705396,2.7089630492273087,banana_pestalotiopsis
6.290120267861172,3.3279835734143126,3.9050970954108397,3.30929745538565,0.732973503690326,3.87256075387098,groundnut_early_leaf_spot
7.531509514063435,4.619372847503656,2.216966048140026,5.266587417576807,1.3664071738812638,6.623682992199688,banana_pestalotiopsis
3.1069079596533147,2.0090770854382103,4.645318576694306,8.021563898019764,2.678296548769676,5.817097119977064,cauliflower_downy_mildew
1.3252409781261423,7.892589352759759,3.0340763593950726,0.0,4.305646602914055,6.466736457873326,groundnut_nutrition_deficiency
5.713433185617272,0.0,2.5238717649892015,6.084721809303434,0.0,2.788323154348075,banana_cordana
6.057742802229957,2.2403834132234834,0.10591996796374392,4.725993455967991,2.8070596094815237,4.214627993235574,radish_black_leaf_spot
8.76227962622544,2.81896676785759,2.1606894428539403,4.019355675604735,0.0,5.127703187293655,radish_black_leaf_spot
0.6769459296617127,0.0,1.0504935949065557,0.0,0.20967093623081262,0.0,chilli_healthy
6.799244753020111,2.973885430708954,1.5527731543102574,4.936835119322668,0.0,5.653498880952354,banana_pestalotiopsis
1.2934381200565992,10.0,4.178926596874689,1.3890864193117913,2.479973470595235,7.680690048168285,chilli_yellowish
0.2588603820135362,0.0,0.0,0.7309964154341602,0.0,0.0,chilli_healthy
3.650711269498261,3.9580471646159436,4.547512343549711,1.0492950886702923,5.0735032524084644,0.9618877089151798,chilli_whitefly
5.487802281792904,2.260366310352627,1.5497643436112756,4.618741883892519,2.537972554004522,4.669229272870149,banana_cordana
0.009132418100319395,5.791819534525478,2.659670939077164,0.7426700646330813,1.8254824994708778,7.58340622109786,cauliflower_Blackrot
1.9457773658898054,3.2030957771259128,3.4366085211511352,1.4152412930929623,9.665105371231824,4.970865146905334,chilli_leafcurl
0.09283477952224355,0.0,0.0064719900726162485,0.030890911596760644,0.06495583633602409,0.030121015671853286,groundnut_healthy
3.2921292186932707,2.838426576220452,4.030253041048098,0.14825812646855563,7.1971537184446825,5.635467770583359,banana_insectpest
3.62642476213292,4.348158199548395,3.768632695231105,0.39257849172195547,0.0,9.159350390636373,cauliflower_Blackrot
7.0993132824205745,2.927715314770091,3.590550061175609,2.21429808966062,1.538141152639148,8.017313453612415,groundnut_rust
1.1606125939391605,9.576635595026351,2.4135576357214514,1.6621921262950772,2.505533214287308,7.886329679312098,chilli_yellowish
5.096525945662703,0.14512425597112033,5.90780677381682,2.6888854650728016,8.679513574174951,1.389446701817862,banana_insectpest
0.0,0.0,0.0,0.5191894255096583,0.0,0.0,banana_healthy
6.4822757335917505,1.1352000510447862,3.4848093441019503,1.8493309751485671,7.477046788146321,3.530286544843004,radish_flea_beetle
6.48655009326359,2.3072545792767962,3.7335247800316713,4.398359221321356,0.0,4.7253389493347475,radish_black_leaf_spot
5.635574172387795,4.407124750491608,0.9155015385072132,4.329882535698665,2.7455971496620553,3.152053892852442,groundnut_early_leaf_spot
1.2130428069265264,0.0,0.3117085793005792,0.969731774785062,0.3949538734269466,0.0,chilli_healthy
7.629120515914088,4.485788090569922,2.957884239858487,4.9752805098479325,3.54855288965162,5.066239091036107,banana_pestalotiopsis
7.052108090579694,1.397170173968309,1.642193638377405,5.01894172803278,1.5146452544910756,4.424504427890113,chilli_anthracnose
0.39696511499766407,7.868963871177397,9.548910108946913,6.105490768236821,0.5603296818917438,5.838703622096947,banana_moko
2.102290820581605,5.349990719826855,4.347206686771582,1.7957314496345849,1.762294643924748,6.76850914963652,cauliflower_Blackrot
7.899211732013234,3.5721332297264743,2.773763383035812,3.3356414293137826,1.6615103483080258,6.472884820817506,radish_black_leaf_spot
1.1401962090066204,4.457290799092767,10.0,0.2794330112859027,1.3961365485651323,5.023187196850133,banana_panama
8.1181251487095,2.7288201559773015,2.521048613434263,5.1953257471805205,5.067251652864874,5.694695628527479,chilli_leafspot
0.4778625964756158,0.00689138231543691,0.6359408192027789,0.26021034747720995,0.8032326157404713,0.409034096479368,radish_healthy
0.0,0.32550382547276435,0.4284926739169944,0.34956829728348954,0.3755144158470492,0.23243282011507246,radish_healthy
4.133280967834759,0.9171192756628472,5.930146302395725,7.438250559444572,2.895647890190447,3.957619768486125,cauliflower_downy_mildew
6.403479703680464,3.1197146025208786,0.0008765524577021289,3.9456728318879803,2.0246248034899312,7.238399503244775,groundnut_rust
5.130705721659249,3.7762383995664877,4.1751116931443555,5.7004133541372966,2.24905075386649,5.383857205461479,banana_yb_sigatoka
3.3679717084272864,2.744568140692359,3.846233823787392,3.937944651327675,2.8253166182741225,7.194363480635068,cauliflower_bacterial_spot_rot
3.9800480912314384,2.895749146162529,4.580426369376709,1.7915679493868661,4.275732112401895,3.5145261851869796,radish_flea_beetle
8.346709833730333,2.9802775694026304,0.9384938167790267,5.409358665513329,0.0,2.124140621153627,radish_black_leaf_spot
0.2678187942325818,0.0,0.7082919116723463,0.15169618759889056,0.0765158763905751,0.0,groundnut_healthy
2.9878047007542974,5.087981560626084,0.45204692031073535,0.0,5.597058360851846,9.002825830347271,banana_bract_mosaic_virus
0.0,0.0,0.0,0.0,0.0,0.09071331005698569,banana_healthy
0.7040734684877563,5.403705395563873,3.8962882833554864,2.7434370312364975,5.763935489579167,7.098381978509252,radish_mosaic
1.1104661647743903,6.571488424065199,10.0,0.8076883952822624,0.0,5.094160564113695,banana_panama
9.10400118141805,4.441186656146529,3.7189219596932164,4.521410370302348,2.1339330286935927,3.885484399458986,groundnut_late_leaf_spot
8.19828806007791,4.015026237195744,4.964653973643424,4.282374183534688,0.45728106313667327,3.0609842348398013,banana_pestalotiopsis
7.45078760841388,6.2857711163054715,1.668299846534071,6.387896625040275,0.1429162470364267,7.244732629019194,banana_yb_sigatoka
0.0,0.0,0.0,0.024226747711374168,0.0,0.6604032668828491,radish_healthy
4.779497597975408,2.5887386677462265,4.294111433367536,6.802690660808774,0.4976932874318569,6.311614486865361,cauliflower_downy_mildew
5.101639564055484,0.0,3.3389046246796523,2.2225513257403344,3.918445136602219,3.5236904010457106,radish_flea_beetle
0.0,0.4770217057316546,0.580871150252883,0.1259894054530218,0.0,0.0,groundnut_healthy
6.9683130916492875,3.336193390583528,1.0284757760940246,5.508873253356907,0.4313927835149006,3.982657274946065,banana_cordana
7.139283312986784,2.8629956786874233,1.2678203053038257,3.9368657519723493,3.83811933847557,3.0151573996871575,chilli_leafspot
5.432994090082156,2.9832162876590544,4.089992796766744,3.616321480769635,0.12442431752610406,6.699660877156662,groundnut_early_rust
8.266798651092445,4.955608023698598,1.9980539396439438,6.787398261862286,1.2986727629599077,5.530612353296589,banana_sigatoka
9.017144654260786,5.0931332846073705,3.935573804711665,7.875084339172903,0.9001938736784566,7.65280203543401,banana_sigatoka
3.4645779792730877,5.000671990807635,4.991743733030515,1.1060254790179336,0.0,7.188715141647669,cauliflower_Blackrot
6.848168473816083,2.972670591527294,2.268840726592346,7.579506259506183,1.9640678635307005,3.2630402992712613,groundnut_late_leaf_spot
8.06779560970218,6.989497996008719,1.1235106947943447,6.195554005027616,0.5907764452192226,6.055815108748268,groundnut_late_leaf_spot
2.9209174371223665,2.528680284189426,2.093282101987201,0.4576384165100378,4.0225636153910065,4.167441170169964,radish_flea_beetle
2.325894604634448,3.4679017090156288,0.7027321515100853,2.2637834239994845,5.952533815372014,7.817800836847149,banana_bract_mosaic_virus
5.449987943136679,3.2937415435241997,3.734588168346662,6.921351426947204,0.0,3.372274831738604,cauliflower_downy_mildew
7.532715726169548,6.626966407317801,2.9580701994496406,4.911208128753281,2.670434339506183,6.514433775950865,banana_yb_sigatoka
7.7309823956478825,4.748010760809795,1.8601143842560055,7.2570027293581,0.0,6.192322628901092,banana_sigatoka
9.918482587216019,5.288095242892534,2.5984278945626533,4.669002770845877,0.8134930809666884,4.6131509100997015,banana_sigatoka
5.668192612876111,1.7954546214436364,1.8672712280010757,5.388142837112468,1.3198358574850189,8.487118248915023,chilli_anthracnose
7.25034299977607,3.184112856462467,0.16019048556519855,1.9101164196986504,3.805046633402318,2.6829996791311004,chilli_leafspot
4.717959320885509,5.690189834362279,9.612149233500089,1.220762216463343,1.3542790900487238,5.714119589933259,banana_panama
7.695559807856291,3.3909555798985997,2.2332611618928033,4.576200448627174,1.4061806121540292,3.6455183078331648,banana_cordana
5.984120910213546,1.998564419889751,2.8235777660530763,4.72812286918648,0.7121847351524402,2.7936441216271026,radish_black_leaf_spot
1.235135447232179,6.426819837329062,3.7046050975878257,0.3151044475006285,5.001173312274926,7.565698667663685,banana_bract_mosaic_virus
5.36236814210776,5.026911757292867,3.4940007938590845,5.944593821621806,0.6091441489647722,7.787973429444614,groundnut_rust
7.435003548195462,3.6496552471622863,1.5441305495748996,4.1390329106104,3.209418793854954,4.577234151980996,chilli_leafspot
0.1222272248027749,0.5194198559910468,0.053272338217187014,0.3174814368062751,0.0,0.0,chilli_healthy
0.0,0.044411481139394235,1.2179925621146217,0.0,0.0,0.9708730610258514,cauliflower_healthy
2.384553945813899,7.711747867771333,2.7920656220478874,1.9903999420684624,2.9664192087950463,7.106204168581458,chilli_yellowish
9.08570708967859,1.6550463150094796,2.0395140401083385,3.655679419223648,0.6765026362816722,5.44167792529633,radish_black_leaf_spot
5.072101445922554,4.88472812033042,3.379127991542811,0.15618828984893518,5.958013811403646,9.124960762762612,banana_bract_mosaic_virus
4.805837406074864,3.8336376312653995,5.065004760896871,2.9130159851737734,7.072103193538196,3.4659744065081397,banana_insectpest
0.030671832120431824,0.0,0.12270487088566995,0.5276827733753533,0.0,0.0,chilli_healthy
7.380102314085031,4.78385296840452,1.5310688484278698,6.065653041966129,3.7751653333021515,5.206506554764917,groundnut_rust
4.1181078192404845,2.6594320093155726,2.4692978113000605,2.7480566596306564,1.8062203686102327,5.885275024121394,groundnut_early_rust
5.3495403988283075,3.954281099108618,2.538737110575374,4.372082588650181,2.262282666648459,8.002569697560846,cauliflower_bacterial_spot_rot
4.275489957522647,5.149552014995292,2.2961624514788506,3.580881403588782,3.1105270990910294,4.916169935404379,radish_flea_beetle
6.784777323957808,2.8880493414208996,2.4650456234078195,5.3955331958046555,2.6311247363055807,7.292669129944541,banana_yb_sigatoka
7.832839133161527,0.4727925583402399,4.432977777615752,6.832769869033518,1.4214508588142367,6.283976295207419,chilli_anthracnose
0.1049630262064989,0.0,0.28860282626397543,0.36024305412714386,0.26814503128273426,0.5125673022787907,chilli_healthy
6.341530110710846,3.1114138813693377,2.1918276703968806,3.7667898308888503,2.5188494090376405,2.960590182142599,banana_cordana
8.19525722296698,2.091845893716647,0.29382719990978745,6.801600382346584,0.6127841933894371,3.6990003802539433,banana_cordana
5.528575756864661,2.8114259258940155,1.798391832260519,1.2445465958310848,1.0497953034674323,6.438348392950687,groundnut_early_rust
4.749018254332874,5.553751644846722,3.3624112627082536,2.133201228549834,5.873028427174963,6.728491866514962,radish_mosaic
0.8399318258641855,5.140660707287525,3.0612259330591307,3.7268338252718136,6.550468250892756,7.737741193253952,radish_mosaic
6.721469912539297,4.796671751315362,4.037419038922415,6.4787246330009385,1.0063193681288156,5.396876042116955,groundnut_late_leaf_spot
1.03410520908656,4.688483933828876,5.453713004358916,1.3934633484157675,0.38717927416521913,9.046069309020965,cauliflower_Blackrot
3.841013011161047,3.060605868583544,2.9926571944947016,5.484013961214249,3.034742860161911,8.257106106701126,groundnut_rust
8.610170488201744,5.031556944225815,0.8215766033469143,6.175921125319178,1.4619596992571613,6.958280007732708,banana_sigatoka
5.4659000572520835,0.4613263030575854,3.53501093281783,4.881876331046,2.0432766100945488,1.9074596239055275,groundnut_early_leaf_spot
3.387337539974369,8.138165239454851,2.8463385855243866,0.11094842527745663,5.406921953411564,8.515633683780283,chilli_yellowish
1.1020704142667654,1.4956831626094056,1.5480419655993887,0.8622534140385396,7.196637946433916,3.7598385349262347,chilli_leafcurl
2.2693421822719664,6.256517963134585,4.020713229749442,0.449338884557272,7.294417000117555,6.953789836599151,banana_bract_mosaic_virus
4.998302680733635,4.7855517385238056,4.74978138766465,2.9659310883648167,0.8831848373287207,8.934529169573338,cauliflower_Blackrot
7.313809057130662,5.020279662204423,3.0095286276278856,6.0257962868279416,0.24483811552168921,4.914696640657623,groundnut_late_leaf_spot
0.34798497164066416,0.17646417164506495,0.0,0.0,0.0,0.3759604998139576,groundnut_healthy
0.6652258357811585,0.0,0.0,0.8888224094097147,0.4381029958358301,0.28704064105326754,chilli_healthy
3.8638232249414304,2.2658701683490525,5.481702296853754,0.7616537094866782,7.714589077167108,2.292126292244531,banana_insectpest
8.628798746701193,5.111291678935463,2.4035631712009096,4.85621099429389,2.4355948441192248,5.591643528943843,banana_yb_sigatoka
1.7562123603994626,2.3722238201944448,3.6525679846657413,0.0,8.262971498249408,2.016478525152448,chilli_leafcurl
0.0,0.0,0.0,0.3418091559681663,0.0,0.0,cauliflower_healthy
6.380889801092431,0.3535034774755743,3.740585458101301,2.9812929933078895,2.3850024449630327,3.695367382695257,radish_flea_beetle
9.513019423999172,4.739996771765342,3.105568256555003,5.471670435779036,1.3652019029562477,3.7091160218700665,banana_pestalotiopsis
10.0,4.01425652142135,3.4639034758862306,7.631157119237767,1.8234325942230716,4.212051115040355,banana_pestalotiopsis
0.0,0.0,0.0,0.42600751745424725,0.781980668429852,0.0,chilli_healthy
8.219615513973778,2.8101675506744415,3.1263343486916133,6.18072299141356,0.19634376877102344,6.194832505244435,banana_pestalotiopsis
7.625346914055206,3.7742587031400685,2.666725359204138,5.1074968175062985,0.7631938956312088,3.818472059615786,banana_cordana
8.380300384386079,3.8896486709727998,2.54204474407513,3.660272562199696,2.352849304596821,6.024588290402785,radish_black_leaf_spot
8.199965474374206,5.271940203714852,1.566976018305787,4.784826670268293,0.0,4.341009269883468,banana_pestalotiopsis
6.662561221990326,1.9129538173926401,4.328052509144781,3.2704547625525606,1.7550442773527406,8.741217355049656,banana_pestalotiopsis
0.0,0.0,0.13247430059843604,0.04864436426964577,0.47687512969756923,0.3100432947497272,groundnut_healthy
9.113259102500102,4.240040994556207,3.321951862747843,5.322828127031795,2.6002201058419088,6.023800183621026,groundnut_late_leaf_spot
0.5043635578247918,2.164710732122043,3.4317188449992235,2.038123655237162,4.747803622932791,2.557707711911836,chilli_whitefly
0.0,0.020589758474467444,0.25683760789665305,0.0,0.03731400490842369,0.0,cauliflower_healthy
2.267302083425447,4.427781609010517,1.9925269669386698,1.8512042625339817,3.592232861955608,6.818828415495911,radish_mosaic
8.302943589927217,3.1175797841650743,2.3696606474049227,4.530021719093851,1.3229523294941288,3.5881692694031075,banana_cordana
9.327754124974486,3.4997407689262383,2.4930049254810793,7.23326249853544,2.3786275291043038,6.942569286816691,banana_yb_sigatoka
0.45765915013607567,0.0,0.3672408279889689,0.06438565917655545,0.0,0.17486484103818303,groundnut_healthy
7.251591298329551,2.4100365772415433,2.9685471159647725,3.831744560354638,1.5716293232274632,4.606564190999952,banana_cordana
2.8426554441003935,3.588128717554389,3.4242167813381106,2.227471832610411,5.548880891350093,3.1667707828359406,chilli_whitefly
0.586721457671307,0.0,0.4268729787825808,0.9877287635789379,0.0,0.0,radish_healthy
5.506362585720149,2.010319224597165,5.704162220882786,3.677150689734301,3.392099014878336,7.634113096008268,cauliflower_bacterial_spot_rot
3.057017561713546,2.847499695508925,4.878124086689093,2.6003998487847504,4.070478382537626,1.8074096533712747,chilli_whitefly
3.7336569723387365,1.78702359465922,2.849734568221507,4.976609523112669,0.747147423308594,4.980382171771941,groundnut_early_leaf_spot
9.056758491754474,4.833602948942302,1.4761821640813477,8.286016448668708,1.3542697100142913,5.184666018098701,banana_sigatoka
6.131831964173353,3.535137332550364,4.271643864952837,5.602135201364916,0.3700916166530157,5.8894010270142285,cauliflower_bacterial_spot_rot
0.0,0.0,0.2565239337051254,0.12364406281386965,0.0,0.5130070628536488,chilli_healthy
4.975219386076413,2.160490915977478,3.209651578356815,2.399507269523565,2.849146387105646,2.1302492167634384,radish_flea_beetle
0.0,0.5620883925561765,0.8169351391391023,0.0,0.0,0.01999096711506232,groundnut_healthy
9.067812778158668,3.8500940856117216,1.7417644117277835,8.372077728579463,1.1801627847474436,6.854978117320566,banana_sigatoka
8.079069930322689,6.9981708590525376,2.6786813775301863,7.587243863986775,2.210688901910986,5.770299099908332,banana_yb_sigatoka
4.833299435630092,1.5819130045947019,3.287250488920928,3.455190436836737,0.666403453905766,8.068661851707319,groundnut_early_rust
8.275899506983569,4.39989264668808,2.669748815700074,4.914123671516529,3.227698621391602,4.912383178911308,groundnut_early_leaf_spot
2.3097762604277805,4.985719012286927,3.2318241938875603,2.6096147492655195,0.1441692347606407,8.27156504929416,cauliflower_Blackrot
1.4699718746858232,1.2249812140471779,0.9278361567518929,1.985938902684596,6.182317923479008,3.993132590914095,chilli_leafcurl
8.627024919730868,4.216235132084071,1.7774337628911439,5.022377216114796,1.453589092225625,6.575369244615875,banana_yb_sigatoka
0.5883417745813844,8.214935686406688,3.8936859236583836,3.2363800345684055,1.3158011796018145,5.688757764103497,chilli_yellowish
1.8187043445897455,1.1209214809850798,5.80997289849706,0.799675372667854,0.5050959161801116,6.254129401652827,cauliflower_Blackrot
9.48395952500019,1.8092104052024705,1.6381684450767835,5.218673118167889,2.5339371369513835,5.926980575996486,banana_sigatoka
2.8763470002496563,1.6972521676558427,1.4779627456624642,2.9037575427129836,3.9569908238246017,1.8915055622378811,radish_flea_beetle
0.8674682879184042,0.0,0.0,0.10219451580148839,0.0,0.0,banana_healthy
0.0,6.552989838484638,10.0,1.9027194734774995,3.093500644090298,7.0318002737609495,banana_panama
6.025829316876943,6.160283043825743,2.8436769896553975,2.6953745998687024,3.492240973546045,7.1548552882917065,radish_mosaic
6.787989888750109,3.956323110790315,4.445611122908311,4.868414181059049,3.840347414879508,7.836056929873955,chilli_anthracnose
2.856279381894832,9.507988057818148,2.8058048843827725,2.0666464890699996,3.5201564090322317,7.800873325669402,chilli_yellowish
0.0,0.0,0.0,1.4617768312569814,0.0,0.4255541861464608,radish_healthy
1.1016228809624464,0.0,0.5543519985343563,0.0,0.6980137750817861,0.4720800291055773,radish_healthy
0.0,0.0,0.44712450348398936,0.13740273207764972,0.009231668151588742,0.0,radish_healthy
6.041192169266738,1.9562008670646012,1.3300611283876833,4.458929707689569,1.2179201669551374,5.307293014809904,groundnut_early_rust
8.372567305016902,2.647283448935023,1.6116703233246346,6.387005592347886,0.3630728074179699,4.361746699652806,banana_pestalotiopsis
3.14156749315938,7.6322775083989525,7.770953336536184,2.762165188344336,2.61218896269822,6.527084195514283,banana_moko
6.063948210220058,2.2743897820416974,5.688734544209138,4.024898582893679,1.0070278984858045,4.747294823701219,chilli_anthracnose
0.1687005351623308,0.0,0.0,0.0,0.663564277750185,0.0,groundnut_healthy
0.0,0.2525755352273261,0.15822337929110755,0.04231002419677439,0.0,0.049906834410820916,groundnut_healthy
0.8954983286282201,8.25584945930521,9.624907344430454,1.6066322481481725,0.0,6.472647861797692,banana_panama
5.719385028281817,0.4198768987933883,3.932626485207445,3.275236881599775,3.1964903276321293,4.462954639849848,radish_flea_beetle
4.1581001316967505,3.434941042350733,2.9820895530684477,7.302268296388692,0.0,3.309629669917848,cauliflower_downy_mildew
3.9592472537184977,3.9802138759182957,4.48668267753401,5.161828047793504,1.1159974509255521,2.8019616323808703,radish_downey_mildew
4.262300150227212,5.020845152917595,2.483622570298812,7.674852469428576,4.073676558370196,6.872283388502335,groundnut_rust
5.164095803178156,2.6112229791593076,5.602681664422368,2.0532152640474814,1.8639742470712404,6.157861968212995,cauliflower_bacterial_spot_rot
7.037273799278576,3.3944395092529187,2.0362669992560227,5.121771229900937,5.266294577487791,6.013347046485999,banana_pestalotiopsis
5.663235024823852,0.04357905131332451,2.636762196493412,3.7807722799824153,2.4182757433263227,4.258638375752899,groundnut_early_leaf_spot
6.199356901640871,3.823598527046253,3.131709127192037,1.076331387703003,3.102546367061984,2.685491759564551,radish_flea_beetle
2.0456041738018405,5.144037592061913,2.7362215672765,0.0,5.691148155091986,4.997699111346893,banana_bract_mosaic_virus
1.3433904750274788,8.834811745832788,5.042529520921969,1.818563137163454,2.05644311355017,7.03029475489796,chilli_yellowish
0.767115738168787,6.552078104870423,8.77342218997435,4.113894829613189,1.404161917421637,3.6158090888182595,banana_moko
10.0,2.804065937726036,2.8930749434739167,5.027196748367855,2.4446033718835554,5.806943330463387,chilli_leafspot
8.848051522143244,1.5105460128696604,0.0,3.6652482130443067,1.0679165501034218,4.63608114730759,radish_black_leaf_spot
2.2882470127354675,8.503759389721893,8.947903666617023,4.163482830903488,2.392226480732525,3.3328415237468114,banana_moko
8.337476590662325,5.787519291337179,1.4755655444098965,7.385632520060064,4.840897236832546,4.546682134973027,banana_pestalotiopsis
0.3681726308240969,5.895504279232664,2.7745810173692904,3.595905667966552,5.630666118056399,7.2629803931967265,banana_bract_mosaic_virus
4.556757040710655,4.904748631975625,4.257355920961062,1.8843384364221234,2.484843752276319,7.690730526096446,cauliflower_Blackrot
6.491724293417952,0.8608645919531179,2.895408864440058,3.0790356795837086,0.06794549096870672,4.716109028200549,groundnut_early_rust
0.12517630422552706,0.0,0.0,0.1013838008116903,0.22588769293734526,0.01992465207516291,groundnut_healthy
2.3487997917356593,2.394241704696738,0.2734300133152714,0.0,8.273923571133635,3.3260815883477575,chilli_leafcurl
7.919296334061628,4.472319868661169,1.8798151082240566,4.755591499787641,0.0,3.007743575152168,banana_cordana
0.0,0.4552134079719663,0.0,0.0,0.0,0.49580662128118236,radish_healthy
2.7872126545319538,4.303471354828371,2.169682991258833,2.5879547713432594,6.152073049641827,3.3597554058875154,chilli_whitefly
3.446596321558457,2.907877609895768,2.326605917368886,3.26466986275506,5.5665724722807575,3.3429639441536794,banana_insectpest
4.262005513095307,1.6657791520031655,2.531635021065961,6.316907224907248,1.8762463251783492,5.377169137298222,chilli_anthracnose
5.49118448249741,3.1053961567112864,4.433591892149841,4.624889174239363,0.5049171798689336,6.748407984762725,groundnut_rust
0.5642970337392901,0.0,0.0,0.26366503974033584,0.2635355993390577,0.0,chilli_healthy
2.637180520401899,6.0099587069180895,4.221060675436112,2.7319416647983727,0.7217577920490521,7.58957918503427,cauliflower_Blackrot
0.7553658257696068,0.132412121232389,0.0,0.5085738371896562,0.6156521317843429,0.052023240519542796,chilli_healthy
8.08982217465874,3.3282258809700207,0.2215120694210886,4.188447004236122,3.085477676950817,3.915033388278224,chilli_leafspot
2.738964739399741,2.795833493628326,5.008823312924685,2.259627841509545,6.166071571712603,2.641601531304362,chilli_whitefly
2.831053784540358,2.8441135001447706,2.431156261322843,0.0825534386061948,6.243970024559327,3.8783466030118148,banana_insectpest
4.220266171687012,3.7474337819537946,2.6353638846226435,4.738813854634261,1.62259952797976,6.278003926822472,chilli_anthracnose
4.0666065834479905,5.082989986669416,4.143108609542454,2.46539281041075,6.652839894537381,3.4540247632232735,chilli_whitefly
8.774727571704139,5.008728055340059,1.0096496470029628,6.408498070060897,0.0,4.411258698936525,banana_sigatoka
1.5538641701413929,1.7324302434290964,3.196645682083747,8.395560239369349,0.9058612547976299,4.311303989515791,cauliflower_downy_mildew
9.08198655592778,4.151575017504399,4.767135903161288,5.320789400981475,1.9557164399705325,7.996783535769719,banana_sigatoka
3.2363401448382105,5.286546990831816,1.6891494250151562,0.7643801810980261,5.914078488703123,6.95533331618819,banana_bract_mosaic_virus
0.5850993545983019,0.06714824862389644,0.039798931188018194,0.2770288855579536,0.0,0.015015739582041086,banana_healthy
10.0,4.867209789865958,1.0961554620908351,6.8636894059576425,0.34789548426817973,7.516627126915666,banana_sigatoka
8.040379950242638,3.4583060040036115,1.138360301393271,3.280333784882343,2.82189282340896,3.644134294516699,chilli_leafspot
6.721686194887053,1.842111293508712,4.016942783437044,5.863124769891666,3.1797682733535044,5.940489776196535,radish_black_leaf_spot
0.8430034748852221,1.2058200958942844,0.07164333594101266,0.0,0.7377270655211471,0.0,cauliflower_healthy
7.775634184619262,1.3142817339995991,1.5837507297318874,1.9844374027520444,3.8955798270709514,5.919804520406695,chilli_leafspot
1.2133582431727612,0.21647991268034808,0.0,0.0,0.5106916477146992,1.0442213864349625,banana_healthy
0.0,0.0,0.5135394689807399,0.0,0.9861908580717476,0.29113755486285087,radish_healthy
0.522300597120575,9.08806872303608,1.8497659116727418,0.0,1.2501690188196157,6.6710449634919895,groundnut_nutrition_deficiency
3.9843622592358297,1.358299034490902,2.773815768289405,0.506464090803354,8.194187273638708,1.79020634879625,chilli_leafcurl
1.7729485214201306,6.098386576589664,6.8971474858308035,0.9671250039255939,1.806867205133659,6.199986980831813,banana_panama
8.209940738471465,3.2865955648611913,2.57376869066697,6.307325529147315,1.1830310594771398,4.138155094838248,banana_sigatoka
7.202153171523537,4.581117042729551,0.7921489216644306,6.367854273354855,2.5805380808078384,3.8583177676107057,banana_cordana
10.0,3.015556729766111,0.6955189844780982,3.9807700115036577,2.6242061725438637,8.339882170696795,chilli_leafspot
4.014918167772688,1.63833450003265,3.8230804297011534,0.6618758573759023,4.603359036173327,2.2955268979149146,radish_flea_beetle
5.122203099664167,2.1534089615002197,1.9870347315669992,5.681146370139062,0.10045030734229665,6.079646071861551,groundnut_rust
8.206903822509679,3.2958625145967817,1.3705559131998823,4.52995008137706,1.4947187283269985,4.201359359589585,chilli_leafspot
5.2971594050364335,3.466078642260543,0.5685969043246919,7.772163569403822,4.3611867468182,3.8492006189971075,radish_downey_mildew
10.0,3.54696262172821,3.509135735091981,6.359857065068919,0.0,5.450235612189936,banana_sigatoka
4.503916522051867,3.3400193992906964,2.413566727365851,2.751603755418459,1.2545116530113163,5.978567158830098,groundnut_early_rust
10.0,6.188853015948903,2.854774762788523,6.872605511440739,1.515555879202512,7.9949788420714505,banana_yb_sigatoka
10.0,2.5694083548677407,3.961926191671645,4.105528001554724,1.865283479370443,6.035474744246522,chilli_anthracnose
1.4387585584257305,5.415804658076859,1.943695305344979,1.5724489926677458,6.0921862692723066,5.460409330973716,banana_bract_mosaic_virus
4.503669852292697,4.891708542271614,5.411213182237248,3.361722337840118,1.5161715691784456,8.610242381152556,cauliflower_Blackrot
6.535279871327804,4.335261392080728,3.0659422723537806,5.5577618676349205,4.3480021486584075,5.215608822152535,groundnut_late_leaf_spot
8.123741510860645,4.458265531610079,1.8326065289004516,5.954923788760571,2.6837107036450147,6.61098776675123,banana_yb_sigatoka
9.895660960937867,4.357544527630472,2.045336719756999,4.467536956483946,0.0,3.954867739202312,radish_black_leaf_spot
6.982376709440423,3.163349560891013,3.4342894036331857,6.533164631594895,0.0,3.017136828257433,cauliflower_downy_mildew
5.421309550012082,4.651478364762687,4.735053020249535,3.513395960135095,2.6407769569023967,3.866156726920983,cauliflower_bacterial_spot_rot
8.62098188345653,2.2289613974325153,3.3434793403773106,3.426120870569886,3.3490454287729032,4.219349604750117,chilli_leafspot
6.831459150555535,3.921010898180757,6.774216654288251,2.7440570702877976,2.3808351599064337,6.186295262469935,cauliflower_bacterial_spot_rot
3.772983597809296,2.812567319883365,2.730095722877374,7.247046600229158,2.260926896871011,4.079369338178802,cauliflower_downy_mildew
4.533829864717987,2.954086461043013,4.616007601681376,8.44774687650921,0.22559168442764332,1.3243880311240228,cauliflower_downy_mildew
0.40660019264219494,0.0,0.0,0.33585543255108813,0.17818123249668155,0.0,radish_healthy
4.453774121189687,2.270613615486681,3.556393455873331,4.972558325241342,0.0,3.394270094526139,banana_cordana
8.265230277381256,3.9999265052469357,3.904048660597538,6.433538527440474,0.9431419626716506,5.6346492626271845,groundnut_late_leaf_spot
5.402667025567518,0.0,4.332857952562279,3.3734491130073265,1.8063852881637947,4.601364732508426,groundnut_early_rust
4.771369772455955,3.3496493474863005,5.392490261663969,4.18557825188395,2.593426990458527,4.643375452760447,cauliflower_bacterial_spot_rot
7.45169143131702,1.9175381347709877,0.9564043024703668,6.350521741297723,0.0,5.9712075439071555,banana_cordana
0.0,0.45422258282288624,0.04904022513989701,0.5144245768047973,0.0,0.0,chilli_healthy
4.749960784499978,4.411447580956539,3.192692445401138,2.4748231462400785,3.2692773386426444,2.6242654697659904,radish_flea_beetle
4.440067157552931,3.777366963808557,4.541685442846909,1.6824700443648353,6.40167563592294,5.81224438839368,radish_mosaic
9.39380365817837,4.7781478925056815,1.1931026393230004,7.007933447690433,4.022842104841965,6.2245092110240865,banana_yb_sigatoka
2.9344444760780544,4.233460669720092,0.8062020864874322,9.940830436934066,1.5884069292773217,3.072989672329408,cauliflower_downy_mildew
1.6068825189673586,5.89595863662215,10.0,2.487267346913697,0.7180908741748304,4.927781888976864,banana_panama
10.0,5.883554304327392,1.9190641297337814,8.432334106207106,0.5892341878610212,7.082509573905922,banana_sigatoka
7.732527999180219,2.6047242528449486,5.181934444491386,5.230630699350435,1.6157965901351292,5.35165736652518,chilli_anthracnose
2.2506363140057064,2.6483958513442696,0.4061767413218835,1.2362334830429482,6.886159895994492,7.2056419374279645,banana_bract_mosaic_virus
2.535010422113479,5.8550053305105925,3.1728051183039137,0.3074391003046699,0.0,6.245467453765502,cauliflower_Blackrot
6.974607844714335,3.5163209583559336,3.3266840703928655,5.931275507013478,2.6576803096486046,3.3926127601656093,banana_pestalotiopsis
1.8019813033527687,0.7384281060327866,5.796918019815552,4.229242812245278,6.875882530851659,1.5131367569680292,banana_insectpest
1.3196283307948655,3.1449974170291086,2.5478694363145737,0.0,7.802692465071679,4.680426199483872,chilli_leafcurl
0.0,6.9256821538845195,9.001331933624751,0.14667938210210707,1.5914607662222438,7.000323845804818,banana_panama
0.34684897750657245,0.3622140881177061,0.6796457121682551,0.0,0.08028105914870963,0.28190827969325205,cauliflower_healthy
4.519931079340969,2.933878260321215,3.917219414486549,3.6003522691132974,1.5600393455972803,5.237633556454003,cauliflower_bacterial_spot_rot
5.930817469655883,3.7881669942113763,4.630028599716726,6.276122866240952,2.727379639710163,4.229264704340472,chilli_anthracnose
2.0062924396618196,5.05637671251769,1.4599214342249076,1.7474199188169983,4.718855484740887,6.829144617974448,banana_bract_mosaic_virus
2.8383844424928633,4.377363350111703,2.2968590775434254,8.610854173756573,2.785226828715461,5.354748082219537,cauliflower_downy_mildew
5.696247742051859,4.32489116998325,1.7211044248852958,2.6590897741144945,5.701686710738315,6.798306833945318,radish_mosaic
5.787339442232325,3.9230583326748594,4.832485847461098,4.728154030071561,2.294983066179667,4.298832291327113,cauliflower_bacterial_spot_rot
4.07520286229405,2.0131111472734355,2.6827572618036006,2.3041865897610387,3.133440568334569,5.445289547356776,groundnut_early_leaf_spot
3.716034457092581,4.039852215862448,5.425432319496906,1.7404396058437885,5.834197499781279,3.0184241421071727,chilli_whitefly
0.9812935952653974,0.0018478359239236628,0.5057315177041781,0.6707379577654405,0.0,0.0,banana_healthy
0.8975913815630091,0.2199576056245636,0.0,0.0,0.4553770493857738,0.5667031995578349,radish_healthy
3.2311429771043234,4.827200026758007,3.8868727393228406,2.2177532761767664,0.0,8.047483668960378,cauliflower_Blackrot
7.086850618737871,3.9537288461524027,0.0,4.463330768386972,1.9728270438363509,5.76444765870508,chilli_anthracnose
4.151491070862162,5.235709797170839,2.440190967179859,1.5093013580960166,4.1608173520919935,1.562575505608907,chilli_whitefly
5.86165371854924,3.087725105256892,1.9084413927063575,6.669250970067134,0.6334604756285445,5.215323486921642,chilli_anthracnose
7.215509564231639,6.098483564581924,4.467254151398317,3.997543365184644,3.3595116647612415,9.47250723813364,banana_yb_sigatoka
0.0,5.378317176629932,8.638823625128135,1.24227556702018,2.4920869566245942,7.473636251529762,banana_panama
2.910714307744118,5.337429708763251,2.1250413247422513,0.9248882465205731,5.095242493359988,6.663189907759871,banana_bract_mosaic_virus
0.22660145863978448,0.34877376743928246,0.0,0.4850835265973222,0.14245719840764165,0.5979295784712596,radish_healthy
8.457623401496342,5.638631755031518,2.2438286038291837,6.688850317060836,1.8681630522776773,4.779095759580897,banana_pestalotiopsis
0.0,5.290466388756354,9.430013413291205,0.5641304856599763,0.0,3.451262900759202,banana_panama
5.724340992705878,4.84114437036439,2.129910075592198,6.765638843903799,1.7297606849801535,5.988008376128839,groundnut_rust
6.489196727638219,2.9500710055555275,3.473738352537114,5.351116396760868,2.485885878293308,3.460297476348269,chilli_leafspot
0.6154372565773675,0.8425071393542547,0.2814404300871774,0.0,0.9935305558497206,0.0,banana_healthy
3.5125404921029624,3.4568358362757365,2.3129272889360726,7.961152656338546,3.5800376774178426,3.005043779763546,radish_downey_mildew
4.574803148910386,1.9757204583568724,3.316582902815209,8.289291294563954,1.7755108760927354,4.998880646308671,cauliflower_downy_mildew
0.7433943016204727,7.829819027038397,3.581625890899441,1.1415487638439457,4.278501646982109,5.5573491428560535,groundnut_nutrition_deficiency
0.5017019730802825,2.2481796341496847,2.184696526868531,1.348696417449445,10.0,5.90733632332565,chilli_leafcurl
5.492834376533033,0.5753355083085328,1.408876554677216,4.323032347747217,1.8851281173723555,8.376235610027507,groundnut_early_rust
8.668965274848427,1.5031644327719456,2.091488396507274,4.532165407924323,0.9188849378405544,4.5386101406100146,radish_black_leaf_spot
7.458436562787602,2.778506211427409,2.013401271972712,4.454873659616327,0.919461846346368,6.703346816957406,banana_pestalotiopsis
3.5994706898990434,6.061330924858085,4.3457800498483055,2.4306176872147027,2.426567489431788,7.201944898396265,cauliflower_Blackrot
4.184794636213352,2.1646959280001887,2.3546694011982936,6.203284293153434,1.4596292078182844,4.593045431673441,radish_downey_mildew
1.3337605679681621,7.2573884833287075,0.2623833195005072,0.0,6.5280173400639985,6.3975349307768665,banana_bract_mosaic_virus
3.528336691526319,3.201958190250272,5.672145433029318,2.8526589227573425,7.515208987362081,3.4555675780631585,banana_insectpest
2.532583313775474,5.929560864115204,0.8876834341063005,0.92856957272584,2.110479191917113,5.770734830398852,banana_bract_mosaic_virus
4.319373130763145,4.7976603414439145,1.2062550680590753,5.184684686103108,1.2109043820257024,2.4478593727241558,groundnut_early_leaf_spot
0.0,0.12679647084540324,0.1346586189232058,0.0,0.31245504423442133,0.0,groundnut_healthy
0.0,4.222625130453942,8.99715730064063,1.347671724688337,3.3904439631511707,8.20067585522925,banana_panama
6.274154406144376,2.1293699939734823,1.87899038294651,2.279812205989407,0.047660200415946985,6.380710297534779,groundnut_early_rust
4.755773122738298,2.334402147437192,2.634617662188312,0.9699349593185891,5.227611861059724,3.3087430656889207,radish_flea_beetle
4.579316728935927,0.0,3.8280877919771905,1.1481903614548317,4.176670013215231,2.6219530950807384,radish_flea_beetle
1.3566726659021036,8.00070821009944,6.451208618249238,2.4963395090860168,3.5627040760928392,6.338441063051211,banana_panama
9.424493214490106,2.8422523148443775,2.5024433894231635,5.1308369589508,2.377333509049823,4.569249937784703,banana_pestalotiopsis
1.2127062959019463,0.0,0.5582153743911036,0.4818689385865536,0.0,0.15523963850296665,chilli_healthy
2.3764659838711033,4.325840291037229,4.1301888353696405,1.4062327360076696,2.9211028772107355,3.01306655667975,radish_flea_beetle
8.032180955047055,2.2096415028539633,3.2595664934979798,5.139878788178403,2.8955331123324917,7.080949408833963,chilli_anthracnose
7.813511045607123,2.414506310225157,4.5887698559186045,4.273142092395994,1.8905144464111685,4.35915109648779,banana_cordana
1.9462539556734568,3.8180646498595614,3.8634102732310276,2.5195675136523623,1.1967088763121154,7.108809001073146,cauliflower_Blackrot
8.047396113442627,2.2171218474450267,1.8352507185075602,3.7838768783783707,2.990922408390421,6.13222018178325,chilli_leafspot
5.162326192285828,5.5619507657564675,2.011118799107308,8.226316931491636,3.644482161366697,6.880634377123687,groundnut_late_leaf_spot
6.996393800402447,3.995068302764534,2.6246729550126435,3.952580149322127,1.8078796810402613,4.130672287876069,chilli_leafspot
2.272811944698106,3.8686697117234305,3.6309071325235074,0.8386971925434801,1.6773978448569964,6.605898439788307,cauliflower_Blackrot
3.3525183451008993,5.495342140362835,3.2278956438833646,4.674167473043094,5.639001719434449,4.03261455009163,radish_mosaic
0.0,0.0,0.0,0.8925148958067208,0.0,0.02577610871638158,groundnut_healthy
5.01704610525658,2.297374125725113,3.0262268640713925,4.536719869901283,2.2862156274551086,5.048957861868574,chilli_leafspot
0.0,0.04099777820678021,0.22864020230762055,0.7279111610733833,0.35225326991236156,0.39452834368775946,banana_healthy
0.7150036877422943,7.730971509052693,3.5946350572452945,1.7428227761768476,1.666047203422623,6.201709410700429,groundnut_nutrition_deficiency
8.303074678997893,3.5696378794559434,1.9699676495058274,5.981319559040345,2.668249058820776,4.669372367622235,banana_cordana
3.452079119810712,1.632342363005171,0.7807103929459132,0.6199798144439083,9.625204675925884,4.484858999839563,chilli_leafcurl
4.521757735012068,1.4668742111327286,2.1684354880650116,3.9923292159282555,0.0,3.5722530561329178,groundnut_early_leaf_spot
2.3483736643370525,4.163670247834284,3.9104887875903085,2.4123170422138593,0.0,8.660154177461456,cauliflower_Blackrot
9.922557462247081,6.312720073290251,2.4556918974938213,4.336085992131402,2.403910446682474,4.421476978437291,groundnut_late_leaf_spot
3.154206598912877,7.718006194655314,4.246507547537404,3.282667130653038,3.3477205732278428,6.031693497028261,chilli_yellowish
4.024672184618981,4.420402649037971,0.9031642215948192,6.90875681994702,4.73092405794253,4.33022610012916,radish_downey_mildew
5.708182862307479,3.7464778859882397,3.1018913857220016,3.846751351421638,0.633551516687622,1.3388241751362875,groundnut_early_leaf_spot
2.9379656412846415,3.126091165449954,1.1939209717155543,6.790445318103634,4.4649146995083715,4.551370070762811,cauliflower_downy_mildew
7.301526399088385,4.478852968775831,1.415907374715238,5.713496877523879,3.5426986812340155,4.931526450282613,banana_pestalotiopsis
5.219015765209786,1.2254273868216459,2.3902265754162855,2.12154335970598,1.1887222161879256,1.2702030353955576,radish_flea_beetle
3.3735588521898925,5.303137560173351,1.5079652871841316,6.735837159112068,1.5905225347718948,3.9235000939849867,cauliflower_downy_mildew
2.4061721719286138,7.797717160185341,8.020614013166348,0.2539344738913376,1.3623530802061177,5.343110972679752,banana_panama
8.213612631111088,4.3294083600323265,1.6519537473329813,2.2947707922746305,2.224061072921884,5.216750923286096,radish_black_leaf_spot
2.2338065827827163,1.163505304639164,2.9132051984372316,0.11484848167497463,8.158723762824975,4.584263140360687,chilli_leafcurl
6.028030244390285,4.155253049919422,0.4037725813357955,4.516215651399779,0.42675554083068556,6.417459037442681,groundnut_early_rust
0.0,0.12769187783715855,0.0,0.0,0.0,0.3255681209118285,banana_healthy
6.246480927122292,3.951318172373251,2.296517310720324,5.142783705674008,1.8254460928760923,8.994840003532582,groundnut_rust
5.113953534440492,2.387711253874406,2.010355309038546,7.864601614026226,2.4384701829556557,2.5512016037921903,radish_downey_mildew
7.324148319148856,4.157651242045854,3.462255182711225,7.344822847707114,1.8400655417250134,7.246583713072024,banana_yb_sigatoka
7.063827342334674,4.882323171969984,2.32900339792895,5.4476318849107646,3.2362996327634805,4.543955784452776,banana_pestalotiopsis
1.6891964424587875,4.158181279116063,4.861376497677622,2.923348772963484,6.843986994487973,2.32618557426661,chilli_whitefly
0.5006409650333962,0.0,0.4646089116336081,0.0,0.15658154393966128,0.17161396447350877,radish_healthy
6.740103745556567,3.3230821594635094,2.05148879140123,3.9967771289641094,2.3778772417469956,4.304173782244006,chilli_leafspot
3.6234135470254003,1.0115602697600967,2.940936299774142,0.5047354697954936,4.108903656594961,2.844962028251591,radish_flea_beetle
4.9801596924828155,0.4688401165824234,0.0,1.3687089109799975,2.123950562920584,3.20565593606825,radish_flea_beetle
0.0,7.7690476980891106,2.6179157111350886,2.8727352511245914,2.9807113366055105,6.913522947399383,chilli_yellowish
0.3823588981459647,2.1190755480572876,3.159009716210617,0.0,8.470771415371669,4.306839445657771,chilli_leafcurl
8.984172312947672,4.4387135793697015,2.042152708370215,7.222244913180473,0.452599916331224,6.638104230650674,banana_yb_sigatoka
6.657247431795772,2.9032603622219013,1.3272501387497586,3.876602192416851,2.2959798035610417,2.569291109207452,groundnut_early_leaf_spot
8.123604856995197,2.4348122276831963,3.9487699006652064,6.127183868278946,2.4373112925624176,8.0030963308518,chilli_anthracnose
4.972936173145903,2.985718836248528,5.737725174212313,8.790781680169047,2.7382943147844436,3.5363828474073973,radish_downey_mildew
2.4294183105726685,4.203400276609171,3.710724133041063,1.47915997481168,1.6643528912298784,8.504371780982245,cauliflower_Blackrot
7.490103753669684,6.2698964060723075,2.716112473566458,8.34111479648175,1.4283303246373469,7.294640504730721,groundnut_late_leaf_spot
6.29704493368164,0.5601490247601828,0.7934807611046697,2.434465988683164,4.6979353015108964,5.361563336159122,radish_flea_beetle
0.7262028305525752,9.302914508658937,5.764541171060992,2.6469129251061227,1.0873049679791913,6.128795076104798,chilli_yellowish
1.0639581165540724,5.009207831985807,2.409811413762686,4.5261039672014025,0.0,7.039789641603075,cauliflower_Blackrot
2.5212523064340413,2.15793844792729,3.589903809108568,1.256817267641004,9.845206321377114,5.053856797785993,chilli_leafcurl
5.5110982910744895,2.077938060664462,2.775829748528377,3.409366401481649,5.346438584260175,3.779606100922514,radish_flea_beetle
8.428769211242537,5.00402638598427,0.0,6.09280050534373,1.6866351974952463,4.5757748061425945,radish_black_leaf_spot
0.6139092548478331,8.954953438353309,2.6043082093561587,2.94301569578738,1.7106019324094304,8.224458249013216,chilli_yellowish
7.909796986185371,4.724928946526853,0.059393731945346584,7.415575252269864,0.24394188238199066,5.119005760654783,banana_sigatoka
9.40650979473644,3.845922080898869,1.9180565506828513,6.683891637856595,0.6372767295009683,6.637040594480578,banana_sigatoka
8.095898316488045,4.385116074310789,1.8145609078322738,6.867645527495837,2.1026159955675188,2.9411500176342447,banana_pestalotiopsis
7.325683863370489,2.285314472185928,4.427071753506942,6.800694176915091,1.9661385452753242,6.63719149300504,banana_pestalotiopsis
8.556133925739275,3.08722735564252,1.9569184428798707,4.414324611534747,2.4379815737286608,5.985846580769852,chilli_leafspot
6.653311646982587,3.5246918611182525,2.371116716668695,2.9751725897867454,0.33188550410062767,9.858840830513824,groundnut_rust
0.7386862803154303,0.5055485027934954,0.6370298216333979,0.0,0.0,0.0665832446813528,chilli_healthy
8.200698781651575,2.1952557491080262,3.6709583600771944,4.699944182481257,1.3464323551358284,4.312386206525465,banana_cordana
3.6366847685723678,4.1701830542717895,3.313778024085265,2.699989160994404,6.238782516167243,6.113700392812754,radish_mosaic
1.6466530908943593,8.74330665415142,9.83449742064909,2.9027448423339073,0.7898615209431805,2.4969225467199956,banana_moko
2.7654310889055878,3.4105229079159,2.5354188436731793,1.7588866376611354,3.192985284387948,3.234735022366155,radish_flea_beetle
4.308638764427113,1.7112017905637444,4.009456221633674,1.6092667374217957,6.802797752937531,3.2545120236890104,banana_insectpest
9.806074446329996,2.7039968699414416,3.195355941719895,7.794036371683005,0.4244377640632726,5.472770271037283,banana_pestalotiopsis
1.4153407945572671,6.590417136680278,10.0,2.189713851040172,1.9836876607097138,5.765432827696832,banana_panama
1.1084292038745054,5.4737088669295915,4.435051709311554,3.395177670423431,1.216406428796665,6.388148731299319,cauliflower_Blackrot
7.66178618072348,4.2357482309522805,4.85105665364894,4.296147402874885,2.137371270582535,6.869766588922182,banana_yb_sigatoka
4.334427070344789,0.0,1.3215353490558597,3.8582679216981024,2.0202946232426626,5.434664371690439,groundnut_early_rust
0.45653540296442985,0.013505277150953178,0.0,0.0,0.35552305127265155,0.0,chilli_healthy
3.2741786132618302,4.896605475080607,3.324302707537152,0.8641225777666222,2.356631943444773,8.03696856199754,cauliflower_Blackrot
9.249432601280496,4.159117206431321,0.07613978406308464,4.8221394046223125,1.3551198884153144,6.162514601663949,banana_sigatoka
0.9729421923468411,8.80163500578428,4.7370602985805945,1.281082492972672,2.4816804367907705,7.4766499721579756,groundnut_nutrition_deficiency
1.6785926809180265,0.0,1.396317091970084,0.0,10.0,4.825729629285123,chilli_leafcurl
3.6585907892450322,5.778451865107571,1.7994583036197749,1.1760564237199873,7.447810759810028,6.0196771948153165,banana_bract_mosaic_virus
10.0,4.265970511567461,1.9476755211591026,5.471379666768225,0.5746661698416906,5.920452954650333,groundnut_late_leaf_spot
0.0,0.0,0.0,0.0,0.2630744125616729,0.0,groundnut_healthy
2.7948155837039437,10.0,0.0,0.5171527711734514,0.0,6.909634695110999,chilli_yellowish
3.7623646188304836,3.3702362123405343,3.8230502792497543,1.9917953626822584,3.1145738444315176,2.302331974464012,radish_flea_beetle
2.092258940397694,5.779766193411416,7.548961546512473,2.068090019956183,1.136147248067863,6.223005154683304,banana_panama
5.6538054395048984,2.9361195989238813,1.921811415872586,4.675056203625124,3.611332357307604,5.675393635084591,chilli_anthracnose
8.457522976361574,3.9818106305657692,2.4828694028338463,3.8553779507449675,2.811327939730656,6.1241771803072,chilli_leafspot
5.9388687563675,2.4153348699981336,3.2548561032281875,6.056968224181066,2.21531542555392,7.542910843812679,chilli_anthracnose
3.542915768482482,2.83161321971022,3.831947230433561,1.4387684759227635,3.8650440520190172,3.238413440543464,radish_flea_beetle
1.8290931488706312,5.466231794195412,9.166834424343751,1.945852531611138,0.0,5.863599973102278,banana_panama
6.633132000632347,2.7656465042445615,1.6407273880013082,3.289306746851184,2.353427569323459,6.421634957457203,chilli_leafspot
10.0,2.6318066327609233,2.2909976280913593,7.572173265160658,2.4981795591308797,4.436092400450948,groundnut_late_leaf_spot
2.555923482977024,2.3404141396386233,3.5121482319103734,0.1774325767738959,7.793165895218168,4.0451768466032325,chilli_leafcurl
7.558658568114733,4.843039976720627,1.401061982526521,7.405401159247376,0.24203030467413322,4.1978541069761866,banana_pestalotiopsis
4.0216202464533355,2.5671564150120867,2.359769964063008,2.7110807286167966,3.75473004207667,2.2441385371634275,banana_insectpest
6.515969076271929,3.7340034097183072,2.507805332602564,8.280668513027162,1.7933507082136537,4.985927149428216,groundnut_rust
7.620700446652432,4.377206419757717,3.526980160440501,6.999815317524218,3.5393539626067767,5.093608902174629,banana_pestalotiopsis
4.525919712647349,2.908574866450779,4.605530224440451,2.311827346474154,1.3441420445162295,5.882855165071109,cauliflower_bacterial_spot_rot
4.500950837635799,3.097372598219544,3.2144581492031437,7.791422179436755,3.195145913871687,4.883472934198152,cauliflower_downy_mildew
8.324556210476668,3.026377863172323,2.33739817147354,3.8911038911930524,3.318128513414692,4.447371894606423,chilli_leafspot
2.764789619627687,8.9395600512663,6.328717433399604,2.9585392512552438,0.05994395006238307,4.72474120177344,banana_moko
2.904679564728363,6.77031446045918,3.6187967034464172,1.1318043150448895,2.7956554491098395,4.599174544295771,groundnut_nutrition_deficiency
0.0,0.09473991061054032,0.5037219865975993,0.0,0.09235523739054165,0.4689577687553275,banana_healthy
0.26703147815847583,0.0,0.016057727716160305,0.5438034925994768,0.381031936931299,0.9606187085448064,chilli_healthy
0.42922555832833265,0.0,0.01911899748001417,0.0,0.0,0.0,banana_healthy
0.0,0.0,0.7190143609366311,0.0344373197568846,0.14490559778330964,0.1390397977867636,chilli_healthy
2.7749953395254723,5.194622292595551,3.0655673299740456,1.0488526035545802,3.417908659330341,4.038761021783608,chilli_whitefly
8.070324727430863,4.354687915052668,3.52253670609661,2.336127929462802,2.0200725754324997,4.873288448853586,chilli_leafspot
4.479968716100194,3.7262395203621854,2.243106159883762,5.510510767086672,2.5991395290152526,7.655518294014962,groundnut_rust
7.869699005863532,3.7177107273329453,1.5115618076647288,4.728706021305906,4.397652942287892,5.288276750924537,chilli_leafspot
2.0668877279916416,2.797715707669235,0.3128128001229298,2.8532001843654813,6.354621538943611,2.70500581971461,chilli_leafcurl
6.999682060440312,3.1841337523165762,2.044835551379402,6.230267454025977,1.8073284685978432,4.333656676878756,banana_pestalotiopsis
3.432778727814613,10.0,2.716144104430878,2.1868607834365292,4.181234963498433,5.404607713368497,chilli_yellowish
7.380626156770092,3.0762186692722793,2.920436953381485,3.8010080678576292,2.4484209721641226,6.762192085234554,radish_black_leaf_spot
2.68115349500503,2.604242091544992,2.6152277243282858,2.9540914347178866,0.17513416443905627,6.460992213560973,cauliflower_bacterial_spot_rot
4.624840227549055,3.8974923073410404,0.7127083691122322,5.28709623693338,3.488899203699968,2.896738490096292,banana_cordana
10.0,2.382748923628716,1.61389675521175,6.961022756989486,3.2952257612281546,4.410185062880712,banana_sigatoka
0.08866418157057188,0.6152725026042752,0.12050156883118007,0.0,0.0,0.30189453536587924,groundnut_healthy
4.742663557627784,3.966031678725129,4.457571534717742,2.373983427205734,5.177307009891919,0.0,banana_insectpest
0.688261329869334,0.100533495015696,0.0,0.0,0.0,0.0,chilli_healthy
2.1013601436679368,5.716894607493904,9.147554002509615,5.7896079670233815,1.979592710619403,5.6060253059285206,banana_moko
5.610503623963254,4.348512756383057,0.17359484239283174,6.211290588840201,2.4687574645415253,4.884895188711346,radish_black_leaf_spot
0.0,0.08523188549828545,0.0,0.0,0.30510808479461127,0.07848648048421711,banana_healthy
4.429390498746852,2.0562194348920864,3.0283890146283885,6.637737050385782,2.2203346047443406,2.9947000571152707,radish_downey_mildew
0.0,0.0,0.0,0.0,0.0,0.0,groundnut_healthy
5.666101909488648,3.6091635360912147,2.6226568108464026,3.033701540446314,0.08629723854709359,5.425793543611295,groundnut_early_rust
6.096736909716318,4.771337849478917,1.228523423628722,5.533849900012548,2.7705452046519006,5.088417886999947,chilli_anthracnose
8.47783350244556,2.4221456027147057,2.2628858750452023,6.429529309342549,0.0,4.684955027041539,banana_sigatoka
5.813552414138401,1.0777736473382684,2.577317198513893,2.179475959380269,0.0,5.460600561875973,groundnut_early_leaf_spot
5.465029984777292,4.601849307265524,2.2220630689773566,7.750445590528154,1.2659575103245824,5.07411575528954,radish_downey_mildew
5.539247757558192,3.154006832643526,3.0773663377343903,3.274456335379351,0.3546681330345427,4.028118552576887,groundnut_early_leaf_spot
7.350446613033886,2.72627437865818,3.580470413560837,3.7819189061756573,3.057466539210258,4.661974015053044,chilli_leafspot
0.0,0.07684088158845197,0.0,0.0,0.37901368938023544,0.0,groundnut_healthy
1.7433849824704035,6.6103139743348684,3.615662859392689,0.8818067126445532,2.4978257580686964,5.978495562923005,groundnut_nutrition_deficiency
4.797643294399732,1.3364949951592378,5.2021898244183244,1.4029149939377514,6.061595808986755,2.0883562590236555,banana_insectpest
0.9095385950979026,0.23378745624107855,0.5694553057400238,0.0,0.0,0.0,cauliflower_healthy
2.82725905157075,1.8087697102922429,1.9802459963724666,1.9613543006943441,10.0,4.930276874605305,chilli_leafcurl
0.28656390662060005,0.0,0.0,0.15055366959587105,0.09191725816125218,1.3465168319902483,banana_healthy
8.163348640632083,3.512633234246022,1.2245272281874362,7.130373071131414,0.0,5.102985008332002,banana_cordana
3.289940766444712,5.5817671870373715,5.182482180288328,2.429372047297643,2.8185867919771606,7.610136524557332,groundnut_nutrition_deficiency
4.680317158337771,6.3011382402259954,2.1211079563686086,7.094338595669472,2.174683376527691,5.818031660925657,radish_downey_mildew
1.261899030269386,4.395327571482179,4.016471905657988,1.0728257718436303,4.221446880654024,5.097818776454316,radish_mosaic
2.8120506489375834,1.9579908679925169,3.026798963645386,0.6631442598056081,7.3103933774264656,3.2552877310291923,banana_insectpest
9.049989422441573,3.4358820719875345,2.6447571729067776,6.640936089854144,0.18760427670283875,3.6937793341592,groundnut_late_leaf_spot
0.658896748852011,3.857168928314325,0.8554336948986583,0.0,8.703770528986977,2.127479838633963,chilli_leafcurl
0.3147647921109054,0.0,0.4476777153812998,0.0,0.1265826190189906,0.410172006306228,banana_healthy
4.517015206203696,3.2838506323378356,3.9204752273876426,8.645580406581129,2.8614154747955203,5.6211926868730195,cauliflower_downy_mildew
0.08300942393728612,0.49823130770649177,0.44447000279651866,0.17669689872947839,0.29982182036251764,0.6358483957612789,cauliflower_healthy
6.624516431481091,2.1136259702904643,1.8199347113346294,5.724211563387682,1.639712888093165,4.7200269777413375,radish_black_leaf_spot
5.390652611032072,1.6959457251875876,2.1394792607510813,2.728493819557499,2.228417018995127,2.6513406734413545,groundnut_early_leaf_spot
3.287426310317554,1.8012423076188413,4.09429243566298,0.0,7.549801737746439,1.824334530339832,banana_insectpest
1.6522137093579237,9.685069903641967,2.6092083832876787,1.156950044538049,3.581492631353074,8.250553970337332,chilli_yellowish
8.938432865088952,2.9060592374153167,2.9760979244403227,5.702543857105605,1.4860180906426932,4.987441845136725,banana_pestalotiopsis
6.577990908587474,5.3367650746676105,4.3463405902982695,3.15499613811833,1.9332913721608742,6.435718119193247,chilli_anthracnose
6.148097040457523,4.310466493726562,2.40906706510534,5.552054469060267,4.370846121476089,5.910217895579297,chilli_anthracnose
4.972064827739986,4.062283936379974,3.5717085990488435,5.216231362109182,0.5869731378042726,1.4494556824670286,groundnut_early_leaf_spot
6.008918162927601,2.909142715670691,0.058803434440332536,3.024627412525856,3.6462247601909197,4.286052885809397,groundnut_early_leaf_spot
5.60765904618567,0.8434867509061614,0.2579348503837371,1.7034987170059555,3.611144994202584,3.6263230297573923,groundnut_early_rust
9.245757452738301,4.490969107331193,3.6978087953906655,5.95096087598302,0.8657834750964245,5.45677182178856,banana_sigatoka
0.0,0.20250235784855752,0.2972445649418245,0.5254517464415417,0.0,0.0,radish_healthy
3.4277364810322144,4.795952018330649,3.6657614498630067,3.058514290248479,5.9595723939546446,6.5235725167707574,radish_mosaic
8.611309376140893,4.254255014594661,3.2124551759399163,6.465091048243782,0.0,4.268742256796745,banana_sigatoka
8.148688179825285,5.73795347845613,4.444293665440152,4.212858882671738,1.704805593973159,7.536044332970973,banana_yb_sigatoka
6.8710187485788214,2.9414684825992596,3.5043278017530053,2.6296167151687824,2.4177143501448137,5.530440132121947,cauliflower_bacterial_spot_rot
8.896933965712467,4.357451429228615,3.540186760735977,5.874769860674296,4.130589019088058,3.22496477797068,banana_pestalotiopsis
5.908203094390222,1.7119058465853083,1.8450835532214644,3.8579812464600955,2.373445203381218,2.285631331881422,radish_flea_beetle
3.7959280575173735,8.122975849849176,4.5731065834636055,0.8992860293872551,0.5594629959132268,8.037906807383093,cauliflower_Blackrot
8.863002399626524,6.183726144775116,2.90029280670818,6.778658311084607,1.2987188280847626,7.9428438954424685,banana_pestalotiopsis
5.6422523421724025,1.3695679955239775,1.5228021749936862,1.6094288289482093,4.932594863111719,3.9298687573821223,radish_flea_beetle
0.5859846502317854,0.6847855425547358,2.0363491187229057,2.9854159370380398,8.69654392106595,1.0699516157170161,chilli_leafcurl
8.210724259765245,4.817658651833617,3.9711103537479584,7.478794326257597,0.16920510885578954,6.283633566518661,banana_yb_sigatoka
0.0,0.0,0.0,0.0,0.6028183044347047,0.0,groundnut_healthy
9.480940159930245,2.8240715337332096,1.5195231863170626,2.65795124433748,1.2318646810731777,4.073976250060525,radish_black_leaf_spot
0.0,1.042035636826245,0.0,0.4857758554842308,0.0,0.25217208731466056,groundnut_healthy
3.2968867920186935,2.3949281344521554,5.503411161312981,1.4621304604398206,6.1692996048809245,0.6372922291007002,banana_insectpest
8.772971782469904,3.8963945701039275,0.0,6.765478184172683,2.0037809655579295,4.718732907553746,banana_sigatoka
0.0,0.010802773795842328,0.41463684328323364,0.07742522415519197,0.14465231793688063,0.5709154638681168,chilli_healthy
7.696838842406863,3.014313258777387,0.8168960410996342,5.727991349255753,0.23479130535486825,4.884274134608757,radish_black_leaf_spot
0.0,0.25850015125696757,0.18043030478284044,0.2604328462807863,0.0,0.11927903531977363,chilli_healthy
7.441034857073694,1.4101664353797132,2.790764596304959,4.1292590521240555,2.4289642230184687,6.400951496805882,chilli_anthracnose
4.680862499830615,1.44597272884971,2.4981437853538804,3.1038132957302724,4.330855612578401,4.138306459397217,groundnut_rust
3.5537705412656013,1.1258460539835888,4.383429604939547,3.984340722190742,7.167864679406953,4.195341857893355,banana_insectpest
2.8431538574361417,6.977066036472585,3.041483300338327,0.35348810824055676,4.0508680845519045,7.437482296708188,radish_mosaic
0.6982894381874603,7.913165290794829,3.159954660617249,3.849762074933846,4.9117123417983,4.228037679473872,chilli_yellowish
8.025064595598893,2.462907385332536,2.8284327494934938,5.7812406299384,2.2577197899209507,7.060542984793469,radish_black_leaf_spot
2.1793473075959713,7.924900251542545,10.0,3.9926833291889077,3.3918079596660133,4.392840561214574,banana_moko
0.8384980159711395,7.065170842889552,2.8241780651861514,2.7423302571323402,1.0276390293360598,6.971142609880208,chilli_yellowish
5.695201363911,2.7343549081837715,1.6430349545370673,8.610882067914803,1.5307317716804847,3.751478673204103,radish_downey_mildew
1.53751882820365,2.200451725002973,3.342338341400993,1.3864245755862568,7.591418403481891,1.9889918025377828,chilli_leafcurl
3.2375853838377617,4.015214326104919,4.169519406742964,2.721978940942431,0.0,4.5290558778849785,groundnut_early_leaf_spot
8.716155139957758,2.4261410345215824,2.2256880283901275,5.978583421063018,1.79840144141065,8.651526691250853,banana_sigatoka
5.299611832382811,3.697647671206709,1.1119836604731124,5.182418933405335,1.4633058742552314,7.462398252946706,chilli_anthracnose
2.6274025856425993,4.311559995273705,1.9707744892868206,3.5707244303342365,8.073051804120853,7.523588403608839,banana_bract_mosaic_virus
3.406970023449444,2.8112232278895286,2.3111223437183543,0.0,6.65271668457588,1.4401507111578573,chilli_whitefly
1.3774276613901435,7.305256575551631,3.2345015939091866,1.8054303900726396,3.8536979630455663,7.005977564727506,groundnut_nutrition_deficiency
6.657290867628778,4.019831696961462,0.7744688269219071,4.433445573272191,2.9691930652136596,4.628858848024461,groundnut_late_leaf_spot
5.797783311068204,6.070622268105366,3.1693994992655905,0.022767758276489358,4.933491125621094,2.535790850416193,chilli_whitefly
2.7616611325458433,2.796949645594085,3.001393184065047,2.8300461363295852,6.6244518079718135,4.769632782414819,chilli_whitefly
1.234635119026958,10.0,1.094244088805347,4.5703791681775225,2.178444243386939,6.685557733790274,chilli_yellowish
8.06578878609213,4.051254932006314,1.1417003596543291,5.954025751123007,2.1143640789843414,6.937210745528581,chilli_anthracnose
3.9461283638529556,2.219001236719056,3.1958617594549206,3.4060614976593913,5.588591996134263,3.585072356504062,banana_insectpest
4.476493119388802,3.053396202854444,3.8242481027666013,8.956420045800648,0.36849561704124256,5.537293053659793,radish_downey_mildew
1.4642796625393661,5.232907991477969,3.2883580998317266,0.0,6.159563608976251,6.159855022072993,banana_bract_mosaic_virus
4.139875870093423,8.32463480244253,2.2470270187426156,1.8414058971736114,3.0353192405039913,9.265061620307016,chilli_yellowish
7.738925379725369,4.4446613246025795,1.8326644691828005,4.4597728821783065,1.0006335506279167,4.721448098714938,banana_cordana
2.2382454214749097,2.0642439773023735,3.8196750978099177,2.473428326194251,5.672635141844615,1.8547151393098287,chilli_whitefly
4.397021565538694,3.7412017257576036,5.055300449364884,0.7071487076182901,8.651795740023445,3.375758568015786,banana_insectpest
1.8410892980679958,2.101757274831372,0.0,1.0200488616855699,6.807364875034488,2.5348593148013556,chilli_leafcurl
0.0,0.0,0.0,0.027960330461609124,0.0,0.0,groundnut_healthy
8.053018387495644,2.766259957062471,2.9210775317312883,7.0327486717284025,1.575698224366148,6.215166868786161,groundnut_rust
8.017779211916606,4.122593275054134,1.77368977867242,3.905287989070533,2.550719462401312,4.805301752049806,chilli_leafspot
0.0,5.134835869836125,10.0,0.7544103740129242,0.0,6.8813720940014615,banana_panama
7.665207036395303,2.598691100920095,3.5296206196153834,5.637236914290606,1.6111543883704096,5.260714541596411,banana_sigatoka
4.140697037819779,7.924836039315955,2.2998076878362834,0.5796588041643249,3.7345943116744245,8.443836829770852,chilli_yellowish
0.0,0.42602689090501217,0.0,0.0,0.5831698557806261,0.4545646762997761,groundnut_healthy
4.627763519861206,4.0300420575738185,0.9923337893830688,0.2807288254671735,3.451325130828232,6.3690939739830865,banana_bract_mosaic_virus
0.5359201289851852,1.1987608591475833,0.07345183645793305,0.16695684067662106,0.0,0.0,radish_healthy
2.9129950538270197,8.537926529795131,4.929369753910807,2.0361513715663095,0.5064464901934356,6.6316177096900075,groundnut_nutrition_deficiency
0.9022054133492124,0.0,0.0,0.3062058264576875,0.27540641759175244,0.0,cauliflower_healthy
3.6540245161601663,1.2585369404880773,4.894935744255872,3.7203073695390136,1.4992815616131276,5.899907118304126,cauliflower_bacterial_spot_rot
0.0,4.893373313482047,7.854458277659928,2.621862740534494,0.3925731266975967,5.784582510153024,banana_panama
10.0,6.139866881899151,1.8938116124157436,6.119985796518662,1.5978282334661689,6.837598919292269,banana_yb_sigatoka
0.8839643334197668,0.4803700059120177,0.0,0.0,0.1212314858613554,0.1618775336157467,cauliflower_healthy
7.006047487581921,5.144238270495266,3.54097480359816,6.2516232762893855,2.5490503208057373,7.520497131218242,banana_yb_sigatoka
3.74137232935405,6.1511249913022485,4.583818949013867,0.07918292453434062,7.046784764064814,7.220010406886022,banana_bract_mosaic_virus
0.378394339993491,0.30623439700680116,0.0,0.0,0.0,0.0,banana_healthy
7.967720177012739,3.2024312937712702,2.3931670840657047,4.0688506645683775,3.7297111487604826,5.11692354437439,chilli_leafspot
3.0276230113632763,4.786164996147811,5.0317649898768675,9.698135272361665,4.662376284304228,4.692841957856636,radish_downey_mildew
4.080766365591223,2.4813673158056337,3.2281634938824704,10.0,1.177356044209182,3.700067690486117,radish_downey_mildew
6.590175501993634,4.07169292147883,1.730218809035176,5.469043889362352,0.9922431111815591,5.386673745205458,chilli_anthracnose
8.453787122728356,4.1634677948519965,1.6869026083660896,8.84165471058653,1.3957545640210411,5.520993486534686,groundnut_late_leaf_spot
0.5390550694210552,0.7645474332584948,0.07654112761151123,0.0,0.0,0.05403461728053013,radish_healthy
5.083213771239098,3.388358967015573,2.974401142042695,10.0,4.577887042349168,3.2957887845709766,cauliflower_downy_mildew
2.3839582293741954,5.311667919384197,7.469781287311012,3.1330636593941015,4.045510511956852,3.670265050089357,banana_moko
4.952844148796337,0.3900174554199711,2.8337016201211664,2.434511284829886,5.043951123239621,3.298748086365839,radish_flea_beetle
6.308746210879949,3.5363223778880144,5.631562771274085,8.363818705139968,1.325684168587237,3.078956027975912,radish_downey_mildew
1.0953654635708463,7.4591842617729895,9.34991905436389,0.9086736313427508,2.4913262367707025,4.667993873937026,banana_moko
0.0,0.18462422167547846,0.1338105262813324,0.0,0.0,0.29761918202758203,groundnut_healthy
2.664779703531694,4.5548826756707985,3.9025681790374365,3.0024001224378023,1.4032904950064158,8.60013539554504,cauliflower_Blackrot
3.2513917015752876,2.667649086927401,4.229728560798013,9.090724996266319,0.8035276071640851,2.731298245575876,cauliflower_downy_mildew
3.3644311127054363,5.903436718094956,2.9499842662447024,0.0,5.776244557876134,5.5656662539608055,chilli_whitefly
6.821674030363495,3.4752551572826595,2.651501307788827,5.133050958658342,3.918706537030491,7.291693954045558,groundnut_rust
2.791386263191737,2.5170981507575756,1.652222531841396,6.552439156217825,1.928921898149595,6.6725668726428236,radish_downey_mildew
0.9714383474785508,8.765781992502507,3.325527636131152,3.1377800141625327,3.1110727406057217,8.623329010905097,chilli_yellowish
4.106100326913844,8.396610337277261,1.5827939898828658,1.3988104763234994,3.1545164836181194,7.825889140990408,chilli_yellowish
3.9702036230480235,3.495169633731559,2.4842006122225757,7.416097196359216,3.65614794750248,4.6712264916585235,cauliflower_downy_mildew
3.4140713890581464,2.759992191285486,4.027157023212243,0.31332433537245596,5.818008249019582,3.2384160114568883,banana_insectpest
0.0,0.3448539026225972,0.0,0.13174360766552978,0.14711206450674685,0.0,banana_healthy
8.313180620019285,4.386244458859669,3.9806478209970577,4.315729986632085,4.062705888467615,3.733292008865156,groundnut_late_leaf_spot
9.134374125483038,3.336916784657377,0.7523930028832555,8.453377868639933,0.8033260550734687,3.729155453585483,banana_pestalotiopsis
0.18605273630343144,0.19457959783396436,0.0,0.6117844412093137,0.5482346169054418,0.0,banana_healthy
2.1486361381085204,1.8072426565694069,3.4189912585015154,0.8405044162960953,6.789545852921571,3.5898067766961406,banana_insectpest
6.9856899877203285,3.0058347059203094,4.452302423896086,4.7419168834207905,0.8236652776447386,6.987565309550799,groundnut_rust
8.748522191472887,1.6513186500925385,2.254608907865725,2.700957168429862,3.8123439815277744,5.70445182886944,chilli_anthracnose
2.9865877191885954,2.3206527861740667,2.4105307024594644,1.8094060397857863,8.669781075136385,3.606315555562388,chilli_leafcurl
0.0,0.22867434238044773,0.10363186431125304,0.0,0.021150711042182937,0.0,radish_healthy
0.0,0.0,0.4782747308936343,0.0,0.5438633756694266,0.16714998187550417,chilli_healthy
2.0447211315072185,5.9575249206499254,4.443993408673024,1.703814662760188,2.306541795596573,5.89357434603296,groundnut_nutrition_deficiency
4.9291408641893355,4.499675510492676,4.512515279067911,4.011962408764356,3.8937695840869058,4.126069600871504,chilli_whitefly
5.586210409445815,4.115027473857253,1.846990425309016,3.46728820667813,1.220504350586504,4.99329543923818,chilli_leafspot
1.5498213548771087,5.494500157845752,2.6643230785753866,2.5196767360895826,0.7762763010141351,7.424775268812699,cauliflower_Blackrot
7.1586925983486625,3.6039584244989324,3.855269483291168,6.262209103255345,4.572039179290901,4.033056923631328,groundnut_late_leaf_spot
2.8285672233458157,7.31874039180704,8.78931581138045,2.9165612565092767,0.5756079340331064,6.269377016984955,banana_moko
7.835664936948058,4.146366250284613,2.106088263550217,6.773036097266314,0.0,3.7676086488643383,banana_cordana
10.0,5.396872183103125,4.619014858666446,6.029318208213641,2.385197076423228,6.202683400043511,banana_pestalotiopsis
3.2711746801453465,1.9073347457323453,4.511012390355795,2.5018469070655662,4.868785895141917,4.276729185073028,banana_insectpest
2.596619996738698,3.856692207116989,3.042270367617373,3.0996545928359964,4.4018431009509875,3.236222311769785,chilli_whitefly
5.257067306606061,3.06089036494224,3.9196661718868793,5.503326069270171,2.552956692339161,3.1731988180619073,banana_pestalotiopsis
7.394488873188687,3.6162667352625344,1.1590530769925556,5.150658069594981,1.1753262346301205,4.363259873461818,radish_black_leaf_spot
1.0052059868935133,4.327782751763636,2.8967523261479142,1.732444318520158,5.974918087243022,7.140792859970539,banana_bract_mosaic_virus
0.0,1.8325831660003151,3.732160254105521,1.4105433041315885,8.139260432381198,4.792310448047859,chilli_leafcurl
0.5340805174379921,0.4806801799094066,0.7919682204817416,0.0,0.4525595915846947,0.3007900227010896,chilli_healthy
8.436907839765889,3.8343512719972628,3.315918585090476,4.996465506400886,0.7293703893704067,3.382589714801187,chilli_anthracnose
3.5065919253360205,2.9679044385924898,2.210521813710311,9.248770931359601,2.4168678100502663,4.487302131849315,cauliflower_downy_mildew
8.489018401960138,2.0114276978412344,2.565669515317989,8.526279454508732,1.3335789282627066,4.983031331321922,banana_sigatoka
0.0,0.378875657638737,0.012697326250113605,0.029852219686185108,0.0,0.0,radish_healthy
4.040281177682807,4.307255803385529,2.863348070717111,8.01804071065015,1.2804205862588818,4.51688792077822,cauliflower_downy_mildew
7.466294325437157,5.991599420919348,1.992714906152128,6.00618892934197,1.098195230257078,3.8813324161706286,banana_cordana
0.5132408662341954,8.129433948770277,1.7059862490767745,3.811975532498587,4.5092123734238445,7.710438171273538,chilli_yellowish
3.0394360487762557,4.54066591794853,3.860213976842758,2.5870541895971613,1.5285933953960051,7.9099675995238385,cauliflower_Blackrot
4.973817443756088,2.1514621611441274,3.5772441757131785,3.402941652096514,1.281342650032348,4.336485016966425,radish_flea_beetle
1.270917449864533,8.881818915432792,9.73735570214944,4.126368027214734,1.7886650792481649,5.099584902575012,banana_moko
2.95155392653457,2.682835444711711,3.157827276093788,0.7895443788148233,10.0,3.55153495541148,chilli_leafcurl
0.8922569789161643,1.9130851164292602,1.9987484258943145,0.9249834781873479,10.0,4.783609525971885,chilli_leafcurl
0.18795054561769753,6.735354125012155,7.767553544234046,3.6483455328428342,2.2679370959064444,3.561929450057546,banana_moko
3.915770760851588,6.106977404279731,4.149251346761115,3.9177330749021104,1.2600635705474597,6.299811766460972,cauliflower_Blackrot
7.185063909871287,1.133295113124444,1.8279445941920296,4.883561405493257,1.8024780770263402,5.160260706954484,groundnut_early_rust
8.582431889063828,2.981074178811732,3.366798682371115,5.122494517424451,0.9228087376699352,4.235015078209986,banana_pestalotiopsis
9.098784565110012,6.423698708621131,1.8133531828372995,5.410952526127721,1.361682190049489,10.0,banana_yb_sigatoka
0.6785921234871357,0.0,0.5182161778725837,0.12438558002359641,0.5586149988669569,0.28431729178147497,groundnut_healthy
3.6005893123708566,5.703069717643776,3.9258102453785213,1.744050169822333,6.5832765352676255,5.416049684265355,radish_mosaic
2.294633806467402,2.6702697839378864,3.708825653813029,0.0,9.988903896653117,4.363784594051528,chilli_leafcurl
7.864016238203502,2.510807305720878,2.011366427252296,4.578183947889322,1.0770256642320588,4.879193397524743,chilli_anthracnose
0.0,0.21988902886741118,0.5328755644985218,0.30414047946354816,0.0,0.24993080523643377,radish_healthy
0.21004724522592064,0.3034252966078355,1.0282717824147707,0.0,0.23681603840572724,0.0,banana_healthy
3.1223225062930386,8.360235278712288,2.718760773936675,1.3207883257759718,1.4023806703497435,6.736307502373823,chilli_yellowish
2.7846374055708534,0.3790430928671784,4.034469108655854,0.8661773241930486,10.0,1.3873167173239174,chilli_leafcurl
6.742052304608039,4.057996378090857,2.60746061245126,4.481024512104345,0.9756223440629561,8.12418405228911,groundnut_rust
0.614609153553157,4.097249151876489,10.0,0.9954918396619525,0.9295354874744455,6.5358438083288535,banana_panama
0.7003886380978257,0.22798419994029454,0.0,1.3766147554016035,0.03928661048056292,0.0,chilli_healthy
0.04260472481695053,0.0,0.0,0.0,0.602997258273408,0.3887036763822556,banana_healthy
0.0,5.995435039595041,7.091829803183643,1.202418682997525,0.0,6.971117637890383,banana_panama
9.65469349160202,3.3525440259296673,2.7115409713101553,3.097318556167069,4.231703252561521,7.781722712556562,chilli_leafspot
2.1663742204521013,5.696648440982308,6.958086846082002,3.117375951711969,3.324720256042289,4.692463010898113,banana_moko
1.4331054270699894,9.58654376853888,1.8803664349904825,0.7480668870671396,1.6610583463374182,7.029551186268156,chilli_yellowish
5.430628595107429,2.6737155596212903,3.4268126941497066,4.869817325793021,2.9727281313149625,7.516437835401416,groundnut_rust
1.1356841557651927,1.404946193587821,5.31676022505245,0.12122236207328463,3.3908411923674917,3.6854152874630506,banana_insectpest
6.550413412626592,1.7139183283595898,2.454946285363247,6.263002838522626,3.2445696318969506,3.796509391063722,radish_black_leaf_spot
0.0,0.0,0.8381965136041015,0.0,0.0,0.5686572711823646,banana_healthy
4.66347406260063,2.9470669988725673,0.8874284173573481,1.403879540640145,1.2747128832433048,4.243575347798981,groundnut_early_rust
10.0,4.1462133569589446,3.904100968105311,6.119791578119721,1.1991999425402238,2.3097008785893043,banana_pestalotiopsis
8.90469447823056,3.609455814082345,1.1554000903166444,5.062564699528115,1.1638428855080019,2.9176271556886744,chilli_leafspot
5.9024556603425955,3.024602075241202,5.000382333758082,3.331262428462536,2.324101293617317,7.305710955850307,cauliflower_bacterial_spot_rot
2.0779195742872316,6.45093498234225,2.7389494604181746,1.3471267024051665,3.6466401890030746,7.145557251066682,groundnut_nutrition_deficiency
0.7056070747633374,9.312065418552937,4.080246784140593,0.23074055681822214,6.016372161850683,8.429063119439823,chilli_yellowish
5.064379823707637,3.0833737394652942,2.3175531520835357,6.159534487081606,0.26312468952927137,5.349499733942546,chilli_anthracnose
0.9725961912059,7.042679288839592,8.782767381932276,1.0423978674995122,2.5763126016871096,3.733870789423461,banana_moko
3.7814277234904607,2.3570408051419642,1.470178114785237,2.1821829112925104,3.349615181529175,0.5979294225188561,chilli_whitefly
3.3686447350774467,4.053047409856543,3.9985322606653524,2.65636216775264,4.682623581477653,2.3474380854463606,chilli_whitefly
6.375901511762044,2.026627182299444,0.2478196855203212,3.6689767424347055,0.8570969890872179,1.3471605671313331,groundnut_early_leaf_spot
0.0,0.20327106913334747,0.0,0.527676533735522,0.0,0.0,chilli_healthy
3.6724343408000824,3.345966912493082,2.986676891252599,3.685166606199126,7.289613021174944,3.3112612001313626,chilli_whitefly
6.2577803273835855,6.802254960555583,3.6867895309932237,2.0113116326765277,1.3635662483047397,7.293007534413269,cauliflower_Blackrot
5.353568782238248,2.530768418681334,3.699848421191772,3.9967862949302413,0.0,2.850659971716439,groundnut_early_leaf_spot
2.192161876379447,8.29964929745442,1.383188137008675,2.4448466805387006,2.2659239562977462,7.273304705510603,chilli_yellowish
4.546958202524934,5.787687878587967,3.424570006441859,3.9551822209299345,0.0,7.3738800112411145,cauliflower_Blackrot
3.468071792169324,2.7013280164137243,3.8709471177988646,7.827730989582191,1.4783601686464904,3.4058108222944896,radish_downey_mildew
7.90671121660244,1.467113533644099,1.567019381439632,6.097403860822199,2.8753446677814094,6.335617594360961,radish_black_leaf_spot
3.0171653780833125,7.859713534625722,3.1105455384875658,0.0,4.839039708731131,5.369120203733462,chilli_yellowish
0.8223908231081946,0.4780867177803221,0.6626861293950956,0.0,0.0,0.0,groundnut_healthy
3.2159301351224223,0.0,5.650089324076477,3.353970865475205,3.45803998472558,3.1054296139967246,radish_flea_beetle
0.22753778786018522,0.0,0.0,0.32604011867745397,0.419612572334395,0.0,cauliflower_healthy
6.326013321703218,6.146906779519673,1.2829696992811406,6.819675253678854,0.8255959495736369,2.5168179789827767,groundnut_late_leaf_spot
8.590980181693547,2.4351922260213836,1.261535228284984,1.7076949824627392,3.7178095235886808,6.559017503155021,chilli_leafspot
4.9513288065153365,4.358744849806726,0.5964619033617686,4.49985001863399,3.448910898987978,5.5721490856286575,chilli_anthracnose
1.9159278186826731,3.406167726374534,3.1786639247445243,6.181862076500623,2.5439288505598108,3.402169695158273,cauliflower_downy_mildew
0.641415893164955,5.570106746510991,8.33728649746487,0.6834276204454233,3.750293520182423,8.240954404993621,banana_panama
0.3896745019526662,0.0,0.0,0.0,0.0,0.9557095435698617,banana_healthy
4.454901270509563,3.2299274276174446,2.2489007787784776,4.826094074327427,2.1466916054564793,4.497243865374519,banana_pestalotiopsis
9.309928615824468,2.630092044295936,2.961679331939027,6.7184943246854765,1.6396182289214327,4.585875944483189,chilli_anthracnose
4.3733319893718345,0.0,6.418330132552768,3.548773353107056,6.523365620624815,1.6772763114529734,banana_insectpest
3.7850880579806123,2.4749837373151076,4.831426906981374,2.881565054551196,5.817035429598608,2.6590138824854432,banana_insectpest
2.945064088166057,9.020297060611925,2.4116058667888725,1.860801528607297,1.7532318195422831,8.230487884901544,chilli_yellowish
5.4859546371093995,3.75234531340976,2.0105378565745538,0.8901340441565058,0.714196549148834,4.33634511334106,groundnut_early_rust
1.6912399992586524,8.298534775591769,7.845159061844259,1.978005390798728,1.0892351613159863,3.8255109964282807,banana_moko
1.0966910037714728,9.972636915347458,2.6951753205951907,2.719115390480958,2.6888688307454958,8.876816821854176,chilli_yellowish
2.7977449009157307,4.470263954730535,1.8127460751123359,2.038430412041861,4.854656722252824,2.1148579649118733,chilli_whitefly
4.121433317635114,3.995637653854217,2.4917705595795137,2.79426510785187,0.2306650869466571,4.206395735766925,groundnut_early_rust
0.0,1.2058383377892106,0.7581970276267864,0.30105916019624174,0.03601843064187238,0.0,banana_healthy
7.169063496293445,0.877872761324578,2.3878012570217377,4.822876896441597,0.44075619775810937,2.0863563192798456,banana_cordana
5.51336076988505,3.1062937553000824,2.6558059443300963,2.6777200324135446,1.4302572566550733,4.041593718468622,groundnut_early_leaf_spot
3.198265120440363,2.3241403373668996,3.97892922406243,8.85905895156328,1.9929637960144282,5.231555902322935,radish_downey_mildew
8.626975787712952,4.507514330213542,2.829747928340387,4.871919053529778,3.6154553193351444,4.8781044935325975,groundnut_late_leaf_spot
3.3518482452945966,6.721440052113221,2.409180983055838,1.5677884929885109,6.944210698617271,5.472683447661202,radish_mosaic
4.038809581400844,6.297580349322244,2.994612326598662,0.9863564015564208,2.5789862080194674,8.776092722502373,cauliflower_Blackrot
0.03666496412531793,0.43432862036778125,0.5014013671600415,0.0,0.01603716377859358,0.0,groundnut_healthy
5.506551827315021,1.413458470267512,2.630767907272513,5.582535622176147,4.07818487031963,4.4637354202216555,groundnut_early_leaf_spot
0.0,6.67018563919625,7.944486539280389,3.136921790671824,2.074260023464562,3.8869360030259266,banana_moko
6.744939406978716,4.140788196201129,4.587381922980505,5.695657825263655,1.3196145033887867,2.760778791746611,groundnut_late_leaf_spot
0.6889616699517958,6.243427214116061,5.905610540006117,1.4678606748190726,5.019847527252874,5.672583844391992,radish_mosaic
6.481538899412646,3.1643677075184016,3.769175527150071,4.176906929707135,1.2634856273692923,4.158070345678182,groundnut_early_leaf_spot
5.61397167616349,2.0280854128929566,1.736453791122075,3.7895841957299683,1.878062171034558,5.364443864757956,groundnut_early_rust
1.5638477593005462,1.6706273088329113,3.2484788689692694,4.503727738433475,5.578463799779992,7.15119714747096,radish_mosaic
1.2267916795736191,3.713031752635033,9.42337456885076,4.848388775783863,1.336187305583276,4.695257952323318,banana_moko
6.343481501308225,3.789584302066971,2.788068587804339,6.951287627193093,2.809605842729195,3.78772888513744,groundnut_late_leaf_spot
3.681704904734008,5.1077840206060525,3.1218671827322932,1.6782475632465799,5.083003751643179,3.2507031281733054,chilli_whitefly
1.995188527099435,5.242018170583627,9.34944330616564,1.5637120461019651,0.7791611209611967,3.0146135309252027,banana_panama
1.3103965455149875,0.0,0.7320886193762187,0.498429386732904,0.1403182022450682,0.8793102420975667,banana_healthy
4.8422587024711525,4.606223410297527,1.924400000433605,7.417291865545989,4.0854857142023,2.829881373055672,cauliflower_downy_mildew
10.0,4.250190364690697,0.0,7.021902953027335,2.47655205731197,6.632976999633277,banana_sigatoka
2.746171954660636,3.1157303361314526,1.1274353890101576,0.7029776373381943,5.9106798850799445,7.744806517060813,banana_bract_mosaic_virus
5.8383402453403646,2.3213366851170916,3.241110847878295,5.613926108442825,0.09177041209484238,5.979158390989082,chilli_anthracnose
0.46441570257705284,0.05644676850394042,0.0,0.20457492245752626,0.40629734887428626,0.0,radish_healthy
0.0,1.8044524270329907,3.0758204025693074,1.2902979811857982,7.123077883824864,4.26978008402977,chilli_leafcurl
2.0221207196784716,5.417098046434005,1.3522883836287662,0.06603432951722488,6.235014306117218,5.825952666861962,banana_bract_mosaic_virus
0.0,6.739160407256206,10.0,0.9074159557621746,0.7071659773946388,6.353663103482762,banana_panama
8.846786839085903,3.157473747755439,0.8310877346176686,6.369953808112335,2.6954111787644144,7.429854331195335,radish_black_leaf_spot
0.5746817120989678,6.523212096938366,8.64123787836366,3.1093123275070957,0.9781520242648174,5.007527787421302,banana_moko
8.826159893824686,4.486988904008577,2.0196490903175524,5.8156687161981315,0.0,6.517211630556092,banana_sigatoka
1.9510317441632796,5.078809066389532,5.751172976024511,2.336490078679745,3.7825231422806382,7.4881674251570685,groundnut_nutrition_deficiency
1.751485828859261,6.532816332417623,3.0135079660459945,0.0,4.684565679408422,6.409931842891301,groundnut_nutrition_deficiency
1.5273432285495887,7.521552584523707,8.970721719316613,0.29332442059255137,2.011016675746005,6.905950519370357,banana_panama
6.824839723660838,4.19603242589896,4.576889977829525,4.8615015656784,3.2735075102145412,4.479932519976616,banana_pestalotiopsis
4.044549901549645,5.178076402767771,6.135380968465567,7.442937924415133,1.0000186907548538,5.3557798556307326,radish_downey_mildew
2.9762206608436035,3.522962820279254,2.2729519215249554,2.5685713051389136,4.071020118526527,7.221560630238765,banana_bract_mosaic_virus
4.8971562147692165,4.919270564063099,4.749430607592721,9.925133644186948,2.6665865300753655,3.786808217044135,radish_downey_mildew
7.763509640920471,2.912925521692472,1.3230127915670475,2.6016541696952737,4.001973343477418,7.574205368981032,groundnut_rust
4.1533121486785,2.992299184993112,3.302103084127338,0.9733667744712515,0.0,6.760960068548707,cauliflower_Blackrot
3.218137479104592,5.353302773220857,4.448384086745378,1.6849092088212534,2.5376600777483618,5.7323558196541455,cauliflower_Blackrot
8.884116014201476,5.742632396173563,2.2449194839350968,9.496931058922033,0.46749852520265733,5.70017386400074,banana_yb_sigatoka
2.4375968059579876,4.3198423496704,3.922124996875921,7.638684266672258,0.9195561163232688,4.215890231704172,radish_downey_mildew
6.837819623645725,3.3418769737187555,3.924060130701103,7.807376688929936,1.4733800114261943,5.633126190860379,banana_yb_sigatoka
1.5001618893797366,7.400544945603957,8.972339332697441,3.5342902015272495,2.2995999262202425,4.7083425751175305,banana_panama
5.315170385446028,1.2599803725989607,3.840834890466156,3.025396633928404,1.203994011785238,4.349820729551636,cauliflower_bacterial_spot_rot
6.499302619687839,2.297083137666243,2.0416631878276728,1.7900388674211474,3.185960544169537,2.3995765286103485,radish_flea_beetle
1.8012075121052646,0.0,0.3692225830905954,0.6937491660014016,0.0,0.0,radish_healthy
1.7928472400710165,6.060391924984007,2.7827874540961037,0.0,7.771848419671075,8.656109624976942,banana_bract_mosaic_virus
7.516360442438508,2.670281649194167,2.168890992602294,5.619299334362629,2.968706513522442,7.706620379523826,radish_black_leaf_spot
0.8494658525758703,5.376989572671134,6.099693932254905,3.495598694565357,1.7431187627265663,5.455286477126132,banana_moko
0.8110068201681473,6.980849644162602,4.96777267590775,0.0,1.4718131805184118,6.597894040931987,groundnut_nutrition_deficiency
0.0,5.242882999514652,7.869527779710906,1.3424050175106346,0.7430196271465734,7.004585383597661,banana_panama
6.265378222705612,5.434297124876632,2.0430742595158815,7.289435748275917,2.270323666418056,7.728114580247689,banana_yb_sigatoka
4.061096434642567,3.204481192874413,0.7369624585629491,7.552925263314902,1.1823780722777482,3.209128371382551,cauliflower_downy_mildew
2.2538811748934013,3.8852643719056954,3.0045286278662475,2.2930892634326865,5.044417252995371,2.487467341520842,chilli_whitefly
0.0,0.5983332191421177,0.0975976570553771,0.14109395525045543,0.3835451960532919,0.6318217951843307,radish_healthy
2.844555060500982,1.5585640475642195,1.788956217075132,3.662492029037019,9.874489903758912,2.9823196877374993,chilli_leafcurl
1.4434907662405765,5.866052475064301,5.202631184563906,0.35996925133557356,3.26008810543797,5.356268212889061,groundnut_nutrition_deficiency
2.549205933432303,3.398188548673426,2.5334774994845017,0.0,10.0,4.163010097729735,chilli_leafcurl
1.1823437179165115,8.161391228830245,9.192538657436527,4.648697262253739,0.9771358807110757,5.570438732830413,banana_moko
1.3352783793893093,2.8752437541557008,4.065147556056476,0.8072021819503341,7.338746226943572,3.7505052279206628,chilli_leafcurl
2.346870680490554,3.706707278083588,3.0347661978848595,2.2709456409026254,0.0,7.1014259947717076,cauliflower_Blackrot
1.8993069214591964,8.96374472785886,2.9596975142793727,3.5573285765494025,1.6703360078046692,9.131016273749434,chilli_yellowish
1.6332198858931033,7.575112614175582,1.5828436585835761,0.0,2.4494798044005686,6.538932862201914,chilli_yellowish
1.2274027004251422,4.387650608524324,5.323230455289254,2.213395759646521,0.36427875289235123,8.965827125816096,cauliflower_Blackrot
6.293977820183321,4.82131391119394,3.2926558341974483,8.935320886429794,1.125674821572657,5.756907220802562,radish_downey_mildew
7.387695127739235,2.697175797448455,1.6498264773013471,3.1241710295640117,2.0597317325765907,3.9065953635846378,banana_cordana
1.1469162040874772,3.840266293538747,5.664386229605858,8.727484632195546,1.7564912521589267,3.9343043251885415,cauliflower_downy_mildew
4.489361184017762,1.445691749407683,3.5404943519153598,1.3644701605165297,4.103090904811476,3.6724975586504462,chilli_whitefly
4.02408881511379,1.5321883346988876,3.749444681541771,2.8392258311894425,1.002081923048648,6.611600730556317,groundnut_early_rust
2.2290998289724526,6.95640327034919,8.176322358064025,2.373442115976009,5.692232444216604,6.632139080216375,banana_moko
3.8514098759295425,1.8927926680878384,3.7969265994118904,8.206892409258682,3.0670282032249974,5.143609548848282,radish_downey_mildew
6.9842026365573115,4.729537080406905,2.093401340239261,5.877616014487587,3.736332975664376,4.206998917027825,banana_pestalotiopsis
2.728081003182483,4.131204284316815,1.1893815796446048,1.5027359406691578,5.612527973601193,3.425827848309333,chilli_whitefly
1.9803970851756563,7.3845721472938655,2.203394877008303,1.2090115076855203,0.9766734450339847,7.116914555434613,groundnut_nutrition_deficiency
1.686955038504932,4.021004487608758,1.174269489521418,3.116084855102226,8.566242805003846,3.544624892785907,chilli_leafcurl
3.147355021501298,4.521002154782241,1.477291389040954,2.6024547385596137,6.702428801754725,5.580262401711211,radish_mosaic
8.60463192100699,3.102235115964945,2.981223575665465,3.7194503588803394,3.567858250809106,6.32263438252544,chilli_leafspot
2.869976828446477,5.105487117075672,1.2730530127099344,7.854538339134586,2.2081587988023794,2.9408417004185177,radish_downey_mildew
2.792261366162994,6.40802754045291,3.462650549111231,0.4113413855137942,3.526840601634363,5.157548471709172,groundnut_nutrition_deficiency
7.017599915359844,3.3181368064576935,3.234950533947642,3.1367542391062853,2.841906619144411,4.985385801611493,radish_black_leaf_spot
1.9709205993563694,8.442941497579687,6.685675377388634,0.0,2.3349006300142223,5.349876412018367,banana_moko
2.168471477022841,6.358557336386114,8.071852987159884,4.278481977626287,1.1044197764708639,4.756627713629764,banana_panama
3.995510015106362,1.0244064087080758,2.844324641694483,0.8883568816194432,0.9031300740244691,5.611765126126558,groundnut_early_rust
0.0,0.14117633198982626,0.3144695548482368,0.0,0.1436339645603962,0.0,cauliflower_healthy
7.202385606360073,3.5303287794832907,0.6915211070685847,6.693118855695524,0.881694241258886,4.022619547533817,banana_cordana
8.703523605416365,2.279491721113554,0.0,6.209016427804307,0.1784442090879953,4.948750718995322,banana_cordana
1.4908779260008684,6.799953460148269,7.380089234566473,1.4537613142206092,0.0,4.921440227707395,banana_panama
0.8261457256625357,6.051649045020465,10.0,1.77146457688494,0.3111009074952765,5.662649418134296,banana_panama
0.9236454241250982,1.8986696729532162,3.7602872928980604,2.5853432210130776,5.164079187045813,1.9441039143322358,chilli_whitefly
0.0,0.0,0.3678403818798667,0.0,0.21838387555524866,0.057116322251178055,cauliflower_healthy
8.589622813028635,1.7308452837182327,3.6807760242288863,4.263703546153059,1.9681288428548669,4.895223513683044,groundnut_early_leaf_spot
0.8247404471619605,0.5353052799895931,0.0,0.18070865863655144,0.0,0.28619515558783787,banana_healthy
1.393531552637312,3.9371981791923005,2.9790607016462163,1.1254517643471398,0.4219395388773689,8.29112337566593,cauliflower_Blackrot
7.812205184933209,1.7026687826110645,3.9882553438103683,5.020663499276672,3.600366274231793,7.369745493985525,chilli_anthracnose
6.331009857990599,1.3562364245051066,1.8940615419784943,8.095651205185183,0.035590518436323104,5.966940166532881,banana_cordana
5.660456564183626,0.0,1.8931993560698352,2.3305292881156126,1.3028391090196882,5.501342074268828,groundnut_early_rust
2.0234236296852846,5.216561770197448,4.271851301117195,3.5574998067929147,2.51509288835698,7.9309964374461,cauliflower_Blackrot
3.3010378928522512,7.252363648266394,8.238072220612985,2.988981175937833,1.3786910633333362,5.261362807698472,banana_moko
3.1325225417591867,3.109493439035421,3.2799450978688554,0.8066470159767986,10.0,3.88028766962288,chilli_leafcurl
6.9008389023618175,1.1457250620015946,2.963979251285395,2.0245103810724987,4.463439523137911,3.9147258524544553,chilli_leafspot
3.7679474098576806,3.2044985011117344,5.162621603350154,3.7327021442175745,2.442700643489896,6.013982049222295,cauliflower_bacterial_spot_rot
2.980981976924383,2.5870877304948277,0.6407419044384985,1.5320511785228503,10.0,0.38737298042378,chilli_leafcurl
0.1821544545083707,0.0,1.632144755434505,0.6557856934139715,0.3111513387039366,0.037815185338743416,radish_healthy
1.2219646900877874,6.5433076224920335,10.0,1.0750174367255727,0.0,4.92548644688995,banana_panama
8.330396673358173,3.085299960012036,4.159079117392296,7.191335160110724,1.054115041795301,5.638548789619949,groundnut_late_leaf_spot
5.454856437627728,1.6399935251273532,2.0679584086803184,3.4920841278117583,4.758165132635985,4.575390540622814,radish_flea_beetle
0.5334466293296656,5.855598116206866,1.7116095222102379,0.550215030940483,6.85315196184419,7.533115973783247,banana_bract_mosaic_virus
9.320514130708236,5.164942910357285,1.003685419135938,1.7709142657996995,3.788239275971402,4.702866156270259,chilli_leafspot
3.3362922197030414,2.8350366069125426,5.408130731958934,1.672946334365829,6.591281551708166,3.6001716397366605,banana_insectpest
4.421716079402584,0.5748786591471837,4.4294822342168905,2.285029117494979,10.0,5.550097420879157,chilli_leafcurl
2.9441583105406943,7.224203485037772,4.037022338212555,2.783396373958189,0.2872796436869045,6.764554123812274,groundnut_nutrition_deficiency
2.4818814132079523,2.0039359463685606,4.795203803466631,1.647568969153245,3.7338780436799786,2.502523364101568,chilli_whitefly
10.0,4.461495198070113,3.892765158164927,5.407670506628358,2.3989891769472527,3.759817439292709,radish_black_leaf_spot
10.0,3.962177784006275,3.3088477277008193,5.242984316463374,2.518823257040408,4.139381719133034,banana_pestalotiopsis
5.558519708096935,2.7985024403557004,3.8784171266882286,0.06612125319498707,3.1883848090309876,1.358342448938743,radish_flea_beetle
6.024003863792957,2.9656132067576833,3.405119343344432,2.5249660571457615,0.3544537899710831,1.4227561128797768,groundnut_early_leaf_spot
3.6541608265445698,6.194185351623345,7.93426596759341,1.893104418187256,2.0088352177082807,3.225743675601441,banana_moko
0.806679464539742,0.4467711029445547,0.679474975633558,0.0,0.2082617723575857,0.09868423111734555,chilli_healthy
4.053560618372556,4.583202014098592,3.5742978164453802,0.0,3.8096404982426852,9.308735135115903,groundnut_nutrition_deficiency
3.213746433161658,1.2711089027886375,1.243169209186909,5.568370535803874,2.9988148966166746,6.877122520921894,groundnut_early_rust
7.315123995945539,2.8766790462148806,4.824986680433373,2.8415245478404936,2.0287356589391137,7.664351868327937,cauliflower_bacterial_spot_rot
7.365300345074414,4.933115274150726,1.2494899289631678,6.282162359239426,0.0,4.679435016869895,banana_pestalotiopsis
4.545197719782674,1.777389036750418,3.4320197582858705,7.726218380854119,2.3389397168667205,3.1307378018533965,cauliflower_downy_mildew
0.0,0.0,0.0,0.0,0.11428604316376242,0.0,groundnut_healthy
7.726686453545155,5.892489786792597,3.7807111439564918,5.686209042508776,2.4983545775047036,4.177684029835462,groundnut_late_leaf_spot
2.3366899591503425,1.3004846052808792,4.313487949464681,2.359410654055474,10.0,4.0534024987830835,chilli_leafcurl
4.485054297520265,1.9930241049949713,2.3733453281854255,9.166085615026047,2.918604900536998,5.311719859390508,radish_downey_mildew
2.149592729776023,6.796254742198122,7.768702986965251,2.4577107410412102,2.196718681190647,7.418268051070672,banana_panama
8.13871608641589,4.964280213996318,3.3859014484473073,6.139809662971045,2.455639612900535,6.626239366120958,banana_yb_sigatoka
9.77628542790788,3.1786715174965807,0.40664159182468285,6.653760519181844,2.818496578417851,7.375784590479646,banana_sigatoka
2.7431103395007383,4.245776035224108,2.9188166680814622,6.057948121199045,0.16114352123609144,4.525160116087571,radish_downey_mildew
7.024035698589217,3.8880940388463436,2.7573715975348567,3.87553078824064,1.6412192031537909,7.697808163751112,chilli_anthracnose
0.39834208004581,0.35903102191860126,0.26952074837637946,0.0,0.08602946118312943,0.0,cauliflower_healthy
4.122981570589849,1.420606891031698,1.86260990264124,0.0,7.272021098193517,2.3261307044032495,banana_insectpest
0.0,7.195168414615734,8.162085781498329,2.149010821693536,0.5430839153658347,4.476641680784624,banana_panama
3.5163115530989595,2.8090237532177804,5.7561129846266486,0.24275656983362648,8.079113119231538,6.741618438026702,radish_mosaic
9.475029903091773,1.7189605028948727,2.0290633480073095,6.6946646664985145,0.9044303305051418,4.542846155499681,banana_cordana
2.7065466526677837,8.730821429732856,2.9105037238757827,1.2647189899822915,3.604094654639895,6.638898744105581,chilli_yellowish
6.5208039725197455,0.6489820695168276,2.530436275271448,3.839918564147956,1.6625671853630848,5.689099129103243,chilli_anthracnose
6.441627451863936,2.872861974835037,5.173212016420441,3.1964356059258163,1.304487593793488,4.56123180611852,banana_cordana
2.0182195310485196,5.83023210889259,8.774705254609032,3.02325748523763,0.0,5.939155791579822,banana_moko
1.681928052583341,7.303656853447006,9.400043821513053,0.0,0.40103325823556124,7.436601632697425,banana_panama
6.402467353077483,2.705631016574637,5.74732295027306,4.988028195372607,0.0,5.503873437148187,cauliflower_bacterial_spot_rot
4.061612743187506,3.0772386121928132,2.359817687824984,0.0,3.3195599913896423,2.66230430649066,radish_flea_beetle
4.86769924268612,6.11947442623257,0.3777318753186494,3.8947341112615703,1.953710226966321,10.0,cauliflower_Blackrot
1.393255296896974,2.096191712585064,4.246385144783682,0.0,8.654363112672934,5.659668878297926,chilli_leafcurl
0.0,0.0,0.051314814683835024,0.0,0.0,0.03127623107626798,radish_healthy
3.937062760421057,3.6959666052403324,3.8038416454857864,6.8672179815825345,0.8124088549864776,2.9000335679637432,cauliflower_downy_mildew
0.0,0.0,0.0,0.0,0.0,0.4102190720817707,groundnut_healthy
0.0,0.41486620893958726,0.40569827724579605,0.0,0.4093888218774303,0.7689659592062764,banana_healthy
0.0,6.624646848998495,1.8625521856968585,2.485379574368154,4.08668680944676,6.280749972455473,banana_bract_mosaic_virus
4.3195544277287485,2.283615562745362,2.009055449694592,8.9113306085871,1.7312726908240712,3.903900402101089,cauliflower_downy_mildew
0.37967041512335226,0.0,1.5046032882483251,0.05634910994726722,0.0,0.13401676980698343,radish_healthy
3.1955201833365683,4.407492100206425,0.13210172160829892,0.48626180684090503,7.800911748761173,8.020266090536191,banana_bract_mosaic_virus
0.0064071522832474664,0.0,0.0,0.0,0.0,0.0,cauliflower_healthy
0.0,0.0,0.16319050392278023,0.6805186804664035,0.01944725811812192,0.10569032732298235,cauliflower_healthy
2.705506220343791,5.343863532895544,2.233640202185445,1.5027823751152398,6.389296165018243,5.6012987402317345,radish_mosaic
9.664136788742253,2.180708586234918,2.355900604580963,4.511881494140413,3.834321000302684,6.352737348118483,chilli_leafspot
3.626934253112033,4.461683752269056,2.9418178012174967,1.2905412569091514,2.8576098649824306,7.2458687730135845,cauliflower_Blackrot
3.9346453807236164,4.528941711129089,3.9258215291844465,6.628516163405148,1.6693150596900028,6.0921277840369985,radish_downey_mildew
5.933353702065691,3.3126883419589586,3.0371684706218494,1.549052434324633,1.4316305251804562,7.0183931426066675,groundnut_early_rust
6.3184951829602785,1.0914836897768434,2.356600576669889,5.126314963810135,4.045254351774261,2.14161047223601,chilli_leafspot
3.511556743644758,3.9538222025859446,2.0579675997575695,5.476653305366016,2.4257599372968666,3.1230593991462055,radish_downey_mildew
0.10041214483723683,0.0,0.3355130056944244,0.16507497469596927,0.641869716850704,0.023439271651655654,cauliflower_healthy
5.836057570226913,1.4063099606943457,0.18590415429420304,6.648165918465363,0.7319987566790772,4.521494201158502,groundnut_early_leaf_spot
4.601272758499894,2.264938917175126,4.445905950384647,2.4351961865960345,3.351720460095236,7.922391185536095,cauliflower_bacterial_spot_rot
0.3905482257595434,8.65155378718088,3.925430286395687,3.6960475096222485,2.6949412196543214,6.220066845630772,chilli_yellowish
0.0,0.18101227549423288,0.02717014707093759,0.3814791283569857,0.0,0.825957168433689,cauliflower_healthy
0.027739959382690242,0.12145127035562572,0.0,0.0,0.0,0.07543381425578126,chilli_healthy
0.30478151959170585,8.164525943553384,5.8033753195195485,2.429425281325586,4.199735495421027,6.745546825159611,chilli_yellowish
4.715729365098103,1.2388569827727163,3.716836015346834,2.8930228523780412,7.505855300243874,3.320182075554482,banana_insectpest
9.761420533996771,3.963684330883617,6.118587480089499,3.9311258269583575,2.8325881446309227,6.3998340034652035,banana_pestalotiopsis
2.188198599843428,5.972571874489457,4.031039812345959,2.5660979105660995,3.098844540784605,7.103857177141573,groundnut_nutrition_deficiency
0.22114081916515493,0.0,0.0,0.17348014844224058,0.0,0.0,cauliflower_healthy
6.978380262249486,3.247991638193389,1.0934199277557002,3.932006149104114,1.7548991430894876,4.66188824658379,groundnut_early_leaf_spot
8.16704732557993,4.270467709994836,1.9356743758457577,1.4050405623388516,2.234200923715994,1.9900139200512583,radish_flea_beetle
4.725458787296742,3.2012298418314735,4.620444156362186,5.390400428009562,2.6097052573049435,4.090984971769565,cauliflower_bacterial_spot_rot
5.5205363328039,4.2771310462133645,1.4426376406669215,5.884470208405379,1.1334650985801131,5.475737832367258,groundnut_early_leaf_spot
4.715777541053386,2.8389627728574562,3.89556966043169,5.268470813627893,0.7253116191880591,5.836952341963444,cauliflower_bacterial_spot_rot
7.011363229512639,3.3102898808845698,0.3857210574802037,5.939710668988048,0.0,4.636367418699523,groundnut_early_leaf_spot
3.4826373898948217,5.298254126142785,4.041272554369099,1.229321025867213,0.9585133294170172,7.386488650556567,cauliflower_Blackrot
8.60110079490303,2.821210873267869,4.926427154834168,7.468723613085468,0.11429600199403955,3.8811545081816154,banana_pestalotiopsis
0.0,0.0,0.0,0.0,0.4282067530028957,0.0,groundnut_healthy
5.519820880725851,1.0755246299641257,3.2672852930093272,4.023149056448731,1.9732297533050827,6.412265492447923,cauliflower_bacterial_spot_rot
5.7938182465146575,1.6474224007967733,3.9953851078280898,0.0,4.529081636190999,3.192146481195295,radish_flea_beetle
5.140018994403575,2.2916056664652795,2.160759328132083,1.764463218334476,7.362040010682082,3.2106434754943174,banana_insectpest
9.735918653593373,5.365332136802395,0.2943800656177433,9.102750290946439,0.0,5.077480307953776,banana_sigatoka
9.514513510656917,4.924556314824672,4.632139460346062,8.14684476533664,0.9318536849364675,4.931477096468806,banana_sigatoka
10.0,3.094842240871429,0.0018496444351467911,4.597911799028486,0.8194382302060214,5.204202491848581,banana_sigatoka
4.399467075236489,4.282973836815885,4.335286563668679,5.92728861087331,3.620924156664647,5.141033149318861,radish_downey_mildew
2.9935063984167503,5.400868814441381,3.0050526250509426,2.6484489571172456,3.984074189134091,2.257644059103937,chilli_whitefly
2.7247458872278774,4.21740963639333,3.012231498367591,7.329491124263491,3.920482106537748,3.9173740086181206,radish_downey_mildew
6.40977686910283,0.7452228662954075,4.606645932947044,3.9500079719423984,2.0190903900795574,6.216595267293697,cauliflower_bacterial_spot_rot
6.947963497256849,4.79255194282186,2.53740811090517,3.5143473847942115,3.4012903106333345,4.069946044380512,banana_pestalotiopsis
3.4163814070131497,7.502387293327608,3.5997500765963517,3.7205000410570825,3.611595729252148,7.574091620012532,chilli_yellowish
7.130390945981234,2.8286080336858195,3.6540286657070586,3.560656372749583,3.149325117488333,5.116028843464184,chilli_leafspot
2.226404537011998,3.126834988998975,3.7451970790472826,4.291735446956494,8.1415949170864,4.302677775903158,chilli_leafcurl
0.4853168363057216,0.0,0.06815564778183383,0.0,0.0,0.0,cauliflower_healthy
0.0,0.0,0.09751249201406337,0.0,0.0,0.3113556119501343,banana_healthy
6.553217975715419,4.878545591950934,3.6586542186244,4.527091425223308,3.39205811468769,6.534476126537143,chilli_anthracnose
8.06426486811676,2.495085847582736,0.0,5.238737776155793,1.5240862620802114,4.485153705954037,banana_cordana
0.6461794739173099,2.6540036722157856,3.8102578383914794,5.811804280142239,1.7440005005587016,2.6326513065369497,radish_downey_mildew
0.0,0.26426960091570073,0.4381062896608316,0.4951497735497621,0.22285457006768347,0.0,cauliflower_healthy
0.24317049883278014,0.0,0.0,0.0,0.22436144469627967,0.0,radish_healthy
1.0569013246285899,7.632082473676926,3.981458360048964,2.6889970500366216,0.9315775457291862,8.026001961652266,chilli_yellowish
10.0,1.3291550612276435,3.4698257136350366,5.923618422491846,3.4257428679877995,5.975944947220281,radish_black_leaf_spot
4.388784464917521,5.616671261312511,4.108913436643287,3.165291563930084,6.351167863907775,7.713933543471083,radish_mosaic
4.1649255975035615,8.628381861555926,3.931161793075685,0.0,1.7900567184428067,5.37461245916518,chilli_yellowish
2.3716773163605094,2.2677836656972366,4.662263166186585,2.816276250101155,4.675896756997043,2.0863736762292713,banana_insectpest
8.743647416214934,3.5570034412729825,0.45058335899442414,3.4735011748353894,0.0,5.919809601007576,radish_black_leaf_spot
1.071722409271824,0.0,0.0734961421442778,0.0,0.14361017258763972,0.0,cauliflower_healthy
3.751118515167483,6.643841868034293,3.230301051971879,3.33281322086491,1.3304754809718504,9.09645398281111,cauliflower_Blackrot
2.616001116153106,0.0,1.8473290025585318,0.3734629962652529,6.149174850843411,5.343910965031881,banana_insectpest
6.704725014244062,1.98810408562057,4.605131260997377,4.7889370250811965,1.1478457681413827,4.661782451248561,banana_cordana
0.0,6.128373637692512,4.659060501598177,1.2344386907783291,3.2032800967122586,5.752302269282341,groundnut_nutrition_deficiency
3.7606227085901622,1.7654484111362858,0.36487966430064445,1.8748706644232283,1.7097191191852814,5.383621181461394,groundnut_early_rust
9.309806034495839,3.34321896916155,1.9811718815015575,6.758455312998222,0.0,4.52499475977802,chilli_anthracnose
2.6931075428554148,5.83468821609884,3.868348213263389,0.0,5.211684966300637,7.0084425845112674,radish_mosaic
9.05423907016982,4.104218222866476,3.1167415981515103,4.95265988657559,3.373045757484963,6.253455893771821,groundnut_late_leaf_spot
9.125149064017293,4.717963184325564,2.3048336297051484,3.666651480301069,1.936935005695768,7.383993316076267,chilli_anthracnose
3.283630855934711,0.0,3.505335105970636,3.096168478420888,7.645155883539855,3.5138234973726914,banana_insectpest
2.0445310526714167,3.167562438859999,2.7340759317808208,4.076978231653691,4.200419340146449,4.991124797063028,chilli_whitefly
0.0,0.2748349067440248,0.03989421571616191,0.16342620313046716,0.11365689774615903,0.0,chilli_healthy
3.058688159130471,8.109760245474952,1.9928538759930194,1.485429669555188,5.069557185891474,5.2310927220086825,radish_mosaic
4.308771771796175,2.884733896595909,0.5664468761645731,4.003387839439716,1.6939342231314667,5.803392502299496,groundnut_early_leaf_spot
2.6283768255115256,2.9841898241065814,3.922373673960978,2.0874489176186186,7.0878363892020335,2.819708413442088,banana_insectpest
8.795043240078336,3.0125729181778813,1.7529358032110807,6.981577853344634,2.4756403477608213,5.203697321564794,banana_pestalotiopsis
3.0362805632608025,1.5092859221465962,2.4660357564154474,0.0,6.642873559810958,2.0768026147795147,chilli_whitefly
8.411511652785611,5.492162954015156,2.0647496096878597,5.217733700962343,1.6292479824825112,2.4745006414816015,banana_pestalotiopsis
0.8921201046669149,3.3779784732603995,0.8289520964272008,2.2643701559294076,4.860721333401669,10.0,banana_bract_mosaic_virus
5.074347328392469,3.385183163125699,3.7511955819218383,3.2172841795074945,1.5503041359382992,2.3131044689315345,groundnut_early_leaf_spot
8.785909338021842,4.535405133331896,1.1916153784486756,4.5622068591037355,1.3877382003099659,5.772367649039736,groundnut_late_leaf_spot
0.0,5.655943093036154,8.80509349793225,3.724548624333473,1.5297478815357604,3.778682829107656,banana_moko
0.4476493567012474,8.566185633059437,3.87941016839716,2.714010562529936,4.358014244401462,5.211580231047043,chilli_yellowish
3.841378522153418,8.346849062443791,7.448282461003428,3.6520689934461714,2.003777272287592,6.47598844212642,banana_moko
0.08718379388415164,0.6307494954011919,0.1997734205078529,0.0,0.0,0.7495060341167743,chilli_healthy
0.544660678314077,0.5927402595208162,0.3032463130793697,0.034938191798241695,0.0,0.21214556632723136,groundnut_healthy
7.913241200524529,3.8421864363368106,2.361135925830991,4.174973093005088,1.8254340805475382,6.115875733555539,radish_black_leaf_spot
6.746643713406766,1.8153845674185793,1.8424916394892343,5.092222259550522,0.7301728218303057,3.2199969030118485,banana_cordana
0.0,0.14586358353368548,0.0,0.21528974231326178,0.0,0.09644500594254064,groundnut_healthy
5.305296922921805,4.234483865539985,5.3023276006514495,5.57608303747421,1.7294078919984368,5.354614029908406,banana_pestalotiopsis
8.147066188340926,2.3812391591036075,3.6423481072382127,3.166596206338228,3.274619049715089,6.62234876647815,chilli_leafspot
9.970903095113986,3.0523681589588856,0.44844078511576635,2.7793055568557903,4.1899756539129624,5.721263522088924,chilli_leafspot
0.7713743938678777,0.0,0.508178415801503,0.8977852013895737,0.01473285932300961,0.0,radish_healthy
9.41308364249612,2.543935619279632,1.9724542516076635,3.599698638354268,2.237694340437919,6.575225110582203,chilli_anthracnose
7.20800999724449,3.2927438374902005,1.7321572944382337,6.787836126322499,0.0,3.005803570263705,banana_cordana
2.5337169038972753,3.9791390685488133,2.7096946474412524,0.0,7.06603113456217,2.6711448133371176,chilli_whitefly
1.4655169742168923,3.528929283872065,4.018147913901465,2.403587563185537,0.5504526168087341,7.423796498951319,cauliflower_Blackrot
2.971538684955716,5.927337759751589,5.061336079430397,0.6945810608668539,5.699449675204887,5.370226698929663,radish_mosaic
4.588943754474489,3.598367190620033,3.7645916922611935,4.488392218801619,2.658826504546299,7.709280323602073,groundnut_rust
4.592019533178177,5.343533464799409,3.5293583333421177,4.161761707948244,1.977994320039548,5.859107639586156,cauliflower_bacterial_spot_rot
10.0,5.534121949558858,0.798788546620623,8.239827837235778,0.21826894016358256,3.75995929583527,banana_sigatoka
9.353325149549761,1.0079182207131645,3.9911426507111347,5.8916116328600925,1.83540210695106,6.944728433779467,chilli_anthracnose
4.437883427678886,1.4413729154759223,5.542820073770773,6.132817156001227,1.8455489878218918,2.686679978381437,radish_downey_mildew
7.954709844549679,3.4631480835103594,1.2919319917663312,2.224162113389424,3.3341505473368924,7.653491540339074,chilli_leafspot
2.7029102721946683,4.463627902738057,5.583470561872256,2.6085269631581096,4.437800001747695,8.391726354853233,groundnut_nutrition_deficiency
8.4878052151925,2.651444189206482,4.879252648047693,5.995870280024108,1.4543193356510327,5.101059906735731,radish_black_leaf_spot
0.0,0.0,0.0,0.6959957880906656,0.0,0.48278677939659187,chilli_healthy
0.0,0.0,0.0,0.0,0.0,0.5162808601802762,chilli_healthy
5.019180520066638,1.6994873390758864,2.613830806541465,3.097496491487763,0.34081536366009624,7.110914940548373,groundnut_early_rust
1.2202396096824464,7.379293830584337,6.049224060584045,0.0,5.293996662549327,8.439396940870182,groundnut_nutrition_deficiency
6.057095300583345,1.8158716581917678,1.777395765156571,5.315912547018548,1.0009856041353522,4.035020509666495,groundnut_early_leaf_spot
7.451962861972104,4.406792216571303,3.5474993862342394,2.346412152908206,3.22596225659313,6.723641641092504,banana_pestalotiopsis
6.997601636321152,0.0,1.1800799633386083,4.4060186366673735,0.5558660758929785,7.915757429760223,groundnut_early_rust
0.20904571375330083,0.0,0.24775826207244783,0.0,0.0,0.9454202100195827,cauliflower_healthy
3.943900655316757,2.040308534267362,1.2152522481510857,5.4866749679421165,1.8425838148821914,3.482798673000473,cauliflower_downy_mildew
6.95479618577308,3.321224882792746,2.115174995883718,4.829247868388394,0.796666932035025,5.5350775817679825,radish_black_leaf_spot
2.4019030187221886,4.129279861742317,2.9716584246978526,9.459398932138704,2.5255427155757064,3.9981825964623448,cauliflower_downy_mildew
0.0,0.0,0.0,0.0,0.0,0.6926186898040694,groundnut_healthy
0.0,0.12579395899942242,0.5255608738789992,0.0,0.22128121451140356,0.4356768378655087,chilli_healthy
2.1815738221631387,5.446443466941389,5.815681588792078,2.7876623610095868,6.791398269638189,3.864872685955282,chilli_whitefly
5.869090052232496,3.4458766876281595,3.6122415843301527,7.016103979207359,1.3958011149704483,5.935916413533841,radish_black_leaf_spot
4.303082615195948,3.6614384571126877,4.533037992748806,3.3215875492829143,7.559854373740152,4.615470907443298,banana_insectpest
2.7547055248416745,5.651455300526653,10.0,3.714512194444125,2.7211716032224915,6.341705512062682,banana_panama
0.0,0.3319551637834283,0.29299208987525915,0.0,0.8553293362954926,0.0,groundnut_healthy
7.612309108787571,6.602684546644108,4.17024065002172,6.443116533179886,0.19300111360325545,6.940107720350605,banana_yb_sigatoka
6.554829280952588,3.5076959523892235,1.31474410655079,6.45718228467622,1.3754606870502224,5.749927388379056,chilli_leafspot
8.759870372138112,3.5348442008041046,0.678043059311435,5.820766205220431,0.0,5.424524757069667,banana_pestalotiopsis
1.3698263335781387,8.145739716034,4.739393476617754,2.243135368377826,4.01812757574488,6.590675766499953,groundnut_nutrition_deficiency
5.190455370771971,3.2046906977724268,1.4377760848879377,3.047554504597314,0.42005992684289595,5.71841160564235,groundnut_early_leaf_spot
5.244178404142745,1.3070372578908491,5.428001128699816,6.684365292473956,0.40476912927912356,5.658587634792934,cauliflower_bacterial_spot_rot
4.568865158055542,0.0,2.1402523639022797,2.753484804608154,3.3656207788015484,7.999907212050651,groundnut_early_rust
3.9910246381282612,1.914999310969694,0.0,3.17400758083364,2.4105287739470382,4.2903049087845835,groundnut_early_rust
1.2135927794617716,3.9995089769220757,1.768725802929129,2.481759161101434,5.574892466596943,1.5933923435682742,chilli_whitefly
2.4801534052660337,4.400748860860536,0.0,9.000866542219242,3.1211740852049252,3.4811185752664464,cauliflower_downy_mildew
0.0,0.0,0.0,0.6435905233530456,0.3630193965551801,0.0,groundnut_healthy
0.7321006362617936,0.5923719493533404,0.24621866957708333,0.1449150209353558,0.0,0.0,cauliflower_healthy
0.0,0.0,0.0,0.33658490741012603,0.2756838496413204,0.6038882458877974,groundnut_healthy
7.569915709384534,2.530000133607939,4.411839904545318,5.299533439724878,0.6971027470621407,5.035755398145709,banana_pestalotiopsis
1.8371043644070388,4.996689995736448,9.36961188266081,0.4365862837703056,1.5424814059116052,5.572831098737001,banana_panama
4.8840880681570065,1.5300311915642302,1.2875606876152914,4.089414862115601,0.312833776690956,3.6117967966900326,groundnut_early_leaf_spot
0.8240893102613067,4.651193693039213,7.19822834200668,3.232055342308991,0.38218754548701184,5.018818683765949,banana_moko
5.12166773375588,2.395280947806163,3.1705394034789327,0.0,4.03153701110489,3.5335223296372886,radish_flea_beetle
1.3203264905423322,7.997940143416484,8.251364100377327,1.8185591394216383,1.9928543489447248,5.940803335172897,banana_moko
1.2627518783059737,2.308384846408421,3.6881205500255785,3.0511686054950946,5.94663705902255,4.330531992368679,chilli_whitefly
2.584699230518174,7.368803577377507,1.6597950585707215,0.11119931602106026,2.6457976824410685,6.136703500598573,groundnut_nutrition_deficiency
1.5887748871035816,4.5542709608050504,0.31098596633861453,0.06661997489094973,4.6673089854410055,9.102724532108347,banana_bract_mosaic_virus
1.9419756137155941,7.067062765230466,3.9511287055057784,0.5527476344563009,1.2529246541520165,6.910415113634292,groundnut_nutrition_deficiency
6.7720222918035065,3.0417053739502173,3.124960065625608,6.099594744126286,2.4904217147304903,2.4765588674662617,chilli_anthracnose
8.129580704870275,7.128230995779724,3.23208764062766,6.071630256695683,2.1274195033282597,4.234629568568077,banana_pestalotiopsis
5.081848139123403,3.981590519108804,2.914776562105588,4.102412746624612,1.9159442675264422,6.870502592589319,cauliflower_bacterial_spot_rot
7.068415749876501,3.3223107346359084,3.834162111695038,5.6094029075475484,1.6459552948595595,5.287008804771762,banana_cordana
2.870131982584395,1.1725203430334152,6.040452994956155,7.9417609688261015,4.188059543312357,5.397924140472148,radish_downey_mildew
5.6801436687058455,3.6039128906533993,0.6247184694700059,2.3877002523257636,2.016243681621103,6.3455931749124,groundnut_early_rust
3.818296274049686,2.9491696065469637,3.800871785604974,0.8514192791595983,6.559172831612363,1.7083632400954016,radish_flea_beetle
0.28846020534214634,0.0,0.9700783159175312,0.37114425378915183,0.6227784073418128,0.0,cauliflower_healthy
1.6064045771768183,6.633407219898705,6.720395662969342,1.846083823419403,0.0,7.082074436568329,banana_panama
0.7560510065759221,7.885191105836311,4.139040135281306,0.06873113578862045,3.1434421563658836,6.271423949527289,groundnut_nutrition_deficiency
4.273242485839119,4.540142445557185,3.4172349962131405,3.174600673872279,4.051079186426354,8.214678510455132,radish_mosaic
5.430655196535894,1.0554244933947599,2.564954211566458,2.470096510516534,4.087155998971576,4.256291689109658,radish_flea_beetle
0.27775632317112414,0.0,0.0,0.0,0.4879083596723545,0.4592272219712069,banana_healthy
2.6843032682523496,9.906033352223577,4.183022134801806,0.30449888070215314,3.3057830620163977,9.05929113567822,chilli_yellowish
0.0,0.3727307273727503,0.028412031074652982,0.0832932495779296,0.3128114476748039,0.0,groundnut_healthy
1.6026028809730146,1.745318838061344,3.0099293932107845,0.07331797439014942,7.3346963027982754,5.366438736033578,chilli_leafcurl
7.627067385454787,3.6087276130575763,3.4611097641859545,7.360731064367007,1.4228567243738879,7.926079214204785,groundnut_late_leaf_spot
10.0,4.3228632316188484,0.9198077265516045,6.503861555833845,1.3436640927464683,5.773686205023014,banana_sigatoka
0.23160314604956153,0.0,0.4240871063333341,0.0,0.2761499688397616,0.31281546682300043,banana_healthy
1.0993252906945807,2.587696129442099,3.1871023032613346,1.8608344966862433,5.7133597778638725,1.525527887465305,chilli_whitefly
7.610951867288051,4.40519579184512,0.5476530629235441,4.756798491865208,0.9483520813160926,3.2721015770571236,groundnut_early_leaf_spot
0.520804947879492,6.108737725303644,2.438669911592206,2.1470575308168565,3.1210548775363147,9.979213314609186,groundnut_nutrition_deficiency
3.237199426995141,6.117536142939438,0.9929389721328339,0.6289451489785425,6.397516117684277,8.170654152546831,banana_bract_mosaic_virus
6.797134826460218,3.6381887923598466,1.96122414650602,8.071747646254426,1.7597892358417861,6.067698851376882,groundnut_late_leaf_spot
2.8593731591225535,1.5699564225883074,4.14431394079502,1.2894004040199452,5.415398985265737,3.082072632763995,chilli_whitefly
4.053234571028945,7.628752614492082,7.52012001186882,2.1057986756191793,1.8740387509236514,5.735348889899948,banana_moko
8.334472816039789,5.005624900911753,4.232629872048497,4.979838420826711,2.770529310798336,4.455145688237586,chilli_anthracnose
4.759740000210012,3.820097608272037,2.2721933569438018,4.124595082039237,3.032822505642356,5.0005640698145575,cauliflower_bacterial_spot_rot
6.946446852320269,2.8013052329188866,2.141346696289767,5.644954504070242,0.14208599812299783,6.931304847435078,chilli_anthracnose
3.285358077779369,3.08063969279791,6.039323179610451,1.5178459676700395,7.817634791890367,1.6155692623921698,banana_insectpest
4.285372063327878,3.1892330639553723,1.4598518320473302,4.608759982755702,0.11178169047246611,3.274357773883501,groundnut_early_leaf_spot
9.281428822903608,2.927207023422455,1.1499118797074446,3.1835427288646074,0.0,2.099036868393412,banana_cordana
1.7332559915721166,8.702182039124168,3.713362730584435,2.504131387693136,2.315161595362699,6.41093925080709,groundnut_nutrition_deficiency
4.196348977827144,3.394474485418031,2.1575237251736255,3.803273216959142,3.228954683478306,3.22905592310245,chilli_whitefly
0.21900262925936342,0.26000219040040495,0.0,1.0431320504040407,0.0,0.7294426943162347,cauliflower_healthy
0.0,0.0,0.0,0.7681587869090234,0.0,0.059696125197099686,groundnut_healthy
4.955746328846296,1.9743884591924916,1.7016871616444418,3.2978712572156614,4.86976081306099,1.9683399775642458,radish_flea_beetle
0.7060481873387947,0.0,0.8314568274937214,0.0,0.7150151944606846,0.10052383214084722,chilli_healthy
8.466582692316456,2.5913520084327653,4.335161166243962,5.914655651003597,2.1027136447334307,4.665952438870527,banana_pestalotiopsis
2.5754090576019304,7.87472943348454,7.169179070919447,2.209152870133626,1.311079189659682,5.6436966798696115,banana_moko
6.464254626093942,2.901915988762207,2.5148661069455054,4.01991448176212,2.8687964388822844,5.656438316526975,chilli_anthracnose
0.0,0.17858129285063531,0.0,0.1355171264306223,0.0,0.0,chilli_healthy
3.945429285000909,0.0,3.663744935616111,3.437911679060174,2.092083193894919,2.555466078003991,radish_flea_beetle
2.5919050114316384,1.965318171802567,0.751133396722536,3.635598681427027,10.0,2.4580664056542063,chilli_leafcurl
6.0066450328136325,0.5999440727227496,3.4842184488249694,4.860094588753311,0.0,4.903680209276325,groundnut_early_rust
2.985815249888609,2.6640667796893123,3.9592897288865094,0.08629285020400124,7.504839557222175,2.306495067800747,banana_insectpest
7.418388842073676,4.47295083738582,2.575621928657136,4.313714129305421,0.42117093144383255,3.7602979394534115,radish_black_leaf_spot
4.909291980937427,4.212639320446026,3.956714926102614,7.16298366478494,2.3729986749393923,5.317233113130801,radish_downey_mildew
7.923068628817973,3.41769586043819,2.413299091990331,5.111542171628443,0.5023088568922194,6.632577836502677,groundnut_rust
10.0,3.3907398770203434,0.0,7.9911082996367835,3.0199774911130355,6.471322035661349,banana_sigatoka
4.0836261604675865,5.553852605596517,0.926402569693944,2.738573605467179,6.926968814432459,7.67243610101732,radish_mosaic
4.431280952613824,2.2763212764633245,3.750829645330574,2.2892959990390644,4.541255850594579,2.869160789520571,radish_flea_beetle
5.823341035436586,6.499371988250218,2.3618132697225342,5.259898387017682,2.2947958896526988,5.660483573995913,groundnut_late_leaf_spot
5.922789843613901,0.0,2.803505229077814,1.4486288520862054,0.5140975711558007,6.622956776339315,groundnut_early_rust
8.449161992185319,4.698068037964607,2.2624619193697852,6.799822311161928,0.9856031864467314,4.826372371772918,banana_sigatoka
3.6561297319647115,5.53030846002861,3.1258232285293275,8.541806130453672,1.6832188436993465,3.424438520499052,radish_downey_mildew
0.2571582172664134,0.0,0.0,0.0,0.6158813547096074,0.0,radish_healthy
2.5998126765591207,0.5819898725914912,2.9965018183022467,7.042613454268665,5.150366696322694,3.7974736726745086,cauliflower_downy_mildew
4.083156563798299,5.237492940155177,1.218298395662662,0.41933699913481415,5.615583230166816,7.508999135682299,banana_bract_mosaic_virus
9.813374086333177,3.006752646293292,2.552307067181278,4.307334189287623,1.3206875896426955,5.491217036298632,radish_black_leaf_spot
5.395730249504753,3.4221835078552343,3.376611638285481,7.277463005221019,1.5424988603915573,6.779001378634025,groundnut_rust
0.15470266241983607,0.1411658323954083,0.17622082699984049,0.23382900934518058,0.0,0.31594438269599295,radish_healthy
5.057376064976043,2.0015908264812885,4.474505182465646,0.8509172539817458,6.292801322287166,2.4496336366786986,banana_insectpest
6.86652872638156,1.9153108302422523,1.1173640688922801,6.483311810252525,2.3095721447131226,4.7309657450886125,banana_cordana
5.818391959104975,4.250079423185516,5.6620162787071635,6.276266497446498,3.9620085988777025,6.529243001820915,cauliflower_bacterial_spot_rot
1.6233136389275118,1.7340172236757538,2.2955659124488967,8.17960269310963,3.228994791928254,4.8329631320461175,radish_downey_mildew
2.29626428183872,8.400851291033327,3.9442320824821886,2.7085427609416692,4.367827925234043,6.902077690783528,chilli_yellowish
5.663574604575066,1.9615300862168628,3.01585097407772,2.0213958320075083,3.8384697166118884,2.269592637417111,radish_flea_beetle
3.6640080377506243,0.4651631165362564,4.618353185949361,0.9988618279584502,9.620916080056547,3.684608650025419,banana_insectpest
3.6243345314561193,9.000365957114747,3.0728833506975652,1.0789441985238164,2.3488069212311204,6.5099959832251795,chilli_yellowish
4.869033698185094,1.6032975938500016,4.959905611209868,1.580916733765625,2.0475063788286443,6.0185075650667805,groundnut_early_rust
1.32442074334768,7.71380922547871,3.7713552523276226,0.0,4.243493226001678,7.424209623119788,groundnut_nutrition_deficiency
0.0,0.0,0.517638283090128,1.0261977460606029,0.3391885998223135,0.0,groundnut_healthy
4.99233527313136,4.471325502400882,3.63113301674976,9.114066414963405,0.10478580551568761,4.244984646395233,cauliflower_downy_mildew
3.1808210746222967,3.0771398708959525,2.4804284817093407,4.710152955385573,6.474159788508251,1.231390923828341,chilli_whitefly
0.041101463131398244,0.0,0.3770429025192492,0.0,0.9340164624795549,0.0,cauliflower_healthy
4.529049911061927,5.063981436395284,3.6843436022340024,3.802994057255627,0.0,3.4890761526695675,groundnut_early_leaf_spot
1.6410494348496094,5.127909714141577,10.0,0.481689909097742,1.5767041101132553,4.952413239732777,banana_panama
2.611781490136352,10.0,3.134798482064646,3.8133693920152076,3.429306100112252,6.880566006822696,chilli_yellowish
0.15569496884821357,0.23479824164720042,0.2206199110851356,0.0,0.0,0.0,cauliflower_healthy
5.404249628447329,0.9520919877769543,3.5077236622070056,0.8574885171469897,3.6258959931587897,1.75650161421813,radish_flea_beetle
2.96963809372445,4.25554246953863,3.594251465568246,1.7731923534219398,6.257638357413816,5.106491538079711,radish_mosaic
10.0,3.536796909220673,2.2185178949790343,5.756845685672033,1.5231371556585667,5.0856705142379,banana_sigatoka
0.7890590287810922,0.4927248428076092,0.43457729624844826,0.0,0.0,0.4776502791188764,banana_healthy
3.669677722282202,4.409275047171601,1.6444651658295169,1.3483770377048807,4.058079373139643,8.145858767979574,radish_mosaic
8.705692010201398,5.154814203119884,4.135065787865567,7.288346332689086,1.2429853390509724,4.642559834051767,banana_pestalotiopsis
3.5523295988033015,1.6978301482052007,2.8162995203884136,8.500795161992528,2.629076215942436,6.604542614733467,cauliflower_downy_mildew
8.762395034259448,3.8587992373685758,2.4534395325003113,6.293948511806405,2.5695601826801506,5.849110186369543,banana_pestalotiopsis
4.74648160527143,4.294377777155639,3.7761120963335624,4.605431433274994,2.733212094375934,5.9931145690251775,cauliflower_Blackrot
2.6831094262690405,7.586434174896974,2.5100559260101942,2.2379477354459683,3.6656949698913377,7.888029103336117,groundnut_nutrition_deficiency
2.94368745439498,6.3285444576526375,4.600363651828712,4.63102739299683,2.912607343500971,2.908462963416002,banana_moko
2.1675512411052145,1.8578654192830844,4.354899561944302,7.344655004300747,2.4144883861269713,4.088364306420645,radish_downey_mildew
7.6104563907224705,5.285278073487183,3.123693865837018,6.028776022818712,1.0992478136278931,6.640540706560969,banana_yb_sigatoka
6.83655354531683,2.740579842967527,2.053182419686939,2.8222858554465806,0.3234887283271617,6.543541323640137,radish_black_leaf_spot
7.296585639322017,4.340171573224018,1.1102345561089262,3.7350202923635485,0.2791449672162776,4.636790106825438,radish_black_leaf_spot
1.6047474728066864,4.8060274466256665,3.442717862308107,3.7086787246962216,2.4053428776850847,8.12903000051696,cauliflower_Blackrot
3.7802194347360465,1.5719922389841545,5.416769094942573,1.2472238648584364,7.054267250799979,3.0614374822573023,banana_insectpest
5.543163089260052,2.913113823218523,3.207653929764537,4.82893879177676,1.061670362769808,3.6872213801260934,groundnut_early_leaf_spot
5.411470848110235,1.4587536293889616,3.024032807764836,6.718370748930587,1.9388692651239163,3.728589654783087,cauliflower_downy_mildew
0.5290680562837109,0.0,0.05501741196642462,0.8175238353097292,0.0,0.10162386565270018,cauliflower_healthy
2.989967055274252,6.171004269948582,4.701944191703733,2.0680479786071184,1.5746170878612822,7.967343041146572,cauliflower_Blackrot
6.224842985050557,2.040969592019696,1.4207077733815612,3.8560056700895453,1.1472043791937545,5.949614150163473,banana_cordana
0.013588583836231991,0.0,0.0,0.0,0.4049230305597135,0.0,cauliflower_healthy
2.655253289573064,2.761140860869854,2.0389113413869158,3.7206719479681936,1.4036062739986372,3.4277080868832135,groundnut_early_leaf_spot
7.053342157597335,0.5598582864619188,4.0609333133570935,6.2185044979724085,0.45302598778613734,5.9586892073501545,radish_black_leaf_spot
4.592629467362144,3.608156075948406,2.700392438630085,1.8059730703699266,5.329871610693167,2.3027192399279715,chilli_whitefly
0.811356409843174,4.320442724476674,2.1195816381051693,0.395829215060561,4.139203882720641,7.082275569767233,banana_bract_mosaic_virus
9.791603725331845,3.8078438324824755,3.742032679511598,7.746720575108758,3.23798452949021,3.3092970767713705,banana_pestalotiopsis
4.7237136219386,0.9793576655035474,6.98222790001467,2.3177303731735757,8.530468885598818,2.817942679707325,banana_insectpest
4.459408781820244,5.837599266751943,4.211806828077379,0.8093824052087966,4.076637062728255,7.13787665617859,groundnut_nutrition_deficiency
9.398497753700173,4.775355611229006,1.6150593657776011,5.365547954974291,0.1793813194005085,5.989009153758413,banana_sigatoka
3.6363497999553713,3.277977685933107,4.212758290111214,5.333957768969261,3.924639280721439,6.815257647614287,cauliflower_bacterial_spot_rot
7.143121858421385,5.414103181076464,2.640581954943027,4.517156373540709,1.793550368881433,6.725803041374842,banana_pestalotiopsis
1.972980354439286,1.4344835111569765,1.6294146745394351,2.901319345408772,4.5219003444924155,3.0341490974197907,banana_insectpest
2.0667966785377994,1.8961221954646157,2.822185759802125,6.936001958378751,1.02128987453702,3.580164804308275,cauliflower_downy_mildew
4.155373479388757,5.362223988839132,1.9855068213462093,1.263607438509744,4.880808432910465,6.7089370103114465,radish_mosaic
8.803326045850962,4.865448267666386,0.7039915983326366,4.841945303308584,3.075799604240199,3.7114882935580824,banana_yb_sigatoka
0.5065489998983328,7.279441704912278,7.270392628475212,1.7826243279511034,0.3919135146512782,5.518660028911105,banana_moko
0.5678100735914721,0.0,0.0,0.0,0.0,0.0,banana_healthy
2.710299527004993,5.581229247422996,2.6552333837317486,4.7725187160182,1.9279805132316319,7.462246519408216,groundnut_rust
8.48394369057157,2.4448263097424423,1.4843575757075207,4.4178440694801555,1.603936717707199,7.865955273270918,chilli_anthracnose
3.6353114747555066,9.22693901965324,4.898251312198785,3.4545280552613655,3.0982336092981066,7.391156326393592,chilli_yellowish
8.265454800547237,2.0999101480925617,2.4579301044744284,5.868079565549165,0.0,5.1397745300371005,radish_black_leaf_spot
1.104023023771774,0.06270433973792221,0.4990420863018276,0.02160202434275195,0.0,0.7383718353941454,cauliflower_healthy
1.8598585690683223,9.521149753578877,5.069302032731887,2.2397314662021133,3.2345158992318224,7.215182201391764,chilli_yellowish
4.923869706591418,2.1256090307594615,0.0,5.352973430478315,1.1321291029075946,2.6373783457732065,groundnut_early_leaf_spot
5.893417759884985,4.346675752728359,3.7616149010233064,10.0,1.4019287456556526,2.8061035888459216,radish_downey_mildew
8.68668407233347,3.5196538224050924,2.2716820471734303,9.041439082327363,1.9528232738001998,4.805874338433397,groundnut_late_leaf_spot
0.0,6.925682014753823,4.589204735149304,2.395787673042212,0.9258687252753272,8.196113384463358,cauliflower_Blackrot
9.7157477840065,3.4816576689364545,3.542093106796173,4.956966015994039,2.473176972524956,4.254068928245357,radish_black_leaf_spot
3.619361959305532,5.8358601860861805,2.398525191067855,0.7751117477500418,3.637856696706513,1.959923719999539,chilli_whitefly
4.287085465435334,6.620550957684607,4.829817647718602,0.0,1.4902239261816106,7.109345235200224,groundnut_nutrition_deficiency
1.0404628658812638,6.322312297253157,7.662213375177103,3.436293138513623,0.28372625832163445,3.990636647456106,banana_panama
3.9819466353414343,3.020914743549722,5.397036237280294,6.014540568864225,0.42832163075884155,6.5778091571895665,cauliflower_bacterial_spot_rot
2.9843683361356326,1.298110815898676,3.425489714173974,2.4313709570565507,9.81889094404091,2.140747876468992,banana_insectpest
3.7371535730768617,2.3495725475429485,3.194244994534898,1.1383365056667305,5.434059711533184,3.1618670477127786,radish_flea_beetle
5.459257020256212,3.128288315149506,2.0695451950361345,5.254558084751738,1.0404781100646066,8.836113356407779,groundnut_rust
10.0,5.674520898639022,3.2901624858668983,6.361688483737341,1.956103952147785,2.9146344609842005,banana_pestalotiopsis
6.723974600203618,5.225949717279938,1.732812225687788,4.739934252212176,0.9083722539099988,5.911400045019347,banana_pestalotiopsis
0.8499786872881903,0.5357715761174429,0.09531779563251216,0.47065529038374165,0.0,0.19896352497340447,banana_healthy
6.398924293385929,1.7323933601053862,3.9109639468110715,4.018629443426775,0.18686507919191508,7.091360264607734,groundnut_rust
3.5930532648759534,2.444073338322746,3.851520783880292,2.5493667319109417,6.403681569858426,2.7809172307445507,banana_insectpest
5.75840998743183,1.3382313064646174,0.20869858891276993,4.238158505519281,0.0,6.325421046052653,groundnut_early_rust
3.501217686020697,4.112038231517913,2.2086877353404226,2.0048015122839145,4.1427361283551765,2.0635480743229797,chilli_whitefly
0.5917468334449639,0.0,0.8336120557755685,0.7616193108561291,0.36781099862287336,0.89089945438553,banana_healthy
2.5025119521529957,7.264700245284833,6.474857934689261,2.545704308144215,3.078402992407009,5.045235887748707,banana_moko
4.3917351801593325,3.6463424608149877,1.916799550220838,3.8334546623498196,2.4344877987075275,7.338149178593962,groundnut_early_rust
3.9963937562044545,0.7602622166838295,6.9078747137728325,3.13581522757412,2.2892519334345343,6.724700449780049,cauliflower_bacterial_spot_rot
0.08760570945425603,1.492629501301705,0.1837408327371522,0.0,0.4609007509886261,0.24134394360460634,banana_healthy
8.877476329330273,4.0450636919926755,2.480769966007804,6.054308495315595,1.5476271677592355,5.55951042477818,banana_sigatoka
0.5953643244899227,0.8807509467460015,0.0,0.02084060360845439,1.1056665143007665,0.5674621407995991,chilli_healthy
3.2512959594096116,9.053337502530608,2.0628296485868556,0.9497489590655048,3.217938257753304,6.746197591779752,chilli_yellowish
6.630965219962423,0.6865448298571999,1.4730135992638274,1.5868287961505845,0.0,5.246617504856018,groundnut_early_rust
6.632314237249278,3.1209706251112475,0.5944781478096619,4.304469403725031,0.0,4.496631039613343,groundnut_early_leaf_spot
4.313822316070996,2.603027376573274,4.056583752268958,8.399670122080456,1.6216661750574275,4.277822526455754,cauliflower_downy_mildew
4.11984245101802,3.2795301265442642,2.8896998135166285,4.474584585064783,0.7978222453251338,5.919362976047883,groundnut_rust
2.908386339974422,3.8934016109868494,3.043527104126792,2.626765430565941,6.496121883868441,9.25215497506968,banana_bract_mosaic_virus
2.5989149793652992,4.969275002028006,7.795537081534165,2.024611691596122,2.993670577871971,6.285296600483366,banana_moko
4.287051668041323,0.0,3.8162497227227554,3.682833775177752,1.9552119640070291,7.15402566231525,groundnut_early_rust
1.829162760780783,3.8777796254383188,4.186266879014174,9.56427636123732,0.16635347265606404,3.156737635495685,radish_downey_mildew
0.0,0.0,0.23864800440471162,0.10875674796939273,0.0,0.0,cauliflower_healthy
2.5077154927921095,6.698031382378264,5.3312607769129485,0.0,2.0160227335625347,4.679448063637906,groundnut_nutrition_deficiency
0.17482502364984684,0.0,0.0476720997206541,0.0,0.33957138771909773,0.0,banana_healthy
4.635875418745798,4.071116805959171,0.5465936848630626,5.876916942879829,1.017127681403721,2.8552726967240263,banana_cordana
5.728132144083008,3.4229074972611775,2.206773742148745,8.959095749020694,2.6788862053447415,4.043011953829659,cauliflower_downy_mildew
1.0146682580982034,4.564001289258725,8.68132738497775,3.644122224332445,2.4391594875059024,5.961267727076859,banana_panama
5.520602364505899,2.763882725486756,2.5091185995655385,6.354567204600092,2.656895350476956,8.01784862264677,radish_downey_mildew
1.566840601017104,6.391195764037097,0.7027240068801233,1.7391227283331165,6.711721509562061,6.628544272823212,banana_bract_mosaic_virus
0.0,0.0,0.0,0.0,0.0,0.0,cauliflower_healthy
6.813591182940083,2.1359533127510435,2.9148861373525423,2.009169303123759,7.054459346098222,3.0477690037774616,radish_flea_beetle
3.9004610547674474,2.3945202217292696,2.8528138796308564,0.017770233219921994,10.0,4.631857334984416,chilli_leafcurl
2.5659396146192823,5.2144037302628865,0.0,1.4604197673886232,1.9166834902907732,7.531526639459429,cauliflower_Blackrot
0.0,0.6580497259252407,0.0,0.0,0.6606055630387881,0.0,cauliflower_healthy
8.39437283096577,4.311416103307858,3.9397867872158097,5.317347629763157,3.6903433921351034,6.849104443005073,banana_yb_sigatoka
3.1792197713239294,5.319915132180389,8.704714896157013,2.753246575628103,2.09939908462172,4.126193718836221,banana_moko
3.1888748022354076,4.587058155397993,1.968674175845627,9.700200898566564,3.9486124931231084,1.6589194398527427,cauliflower_downy_mildew
7.98452985972992,2.5513511044514545,2.654102907693452,4.045937492228635,3.911574037858229,5.008741966689768,radish_black_leaf_spot
6.550098259042981,5.3639270638398,2.2950690678911743,4.4114454664837695,4.046861313653763,6.107716336475033,groundnut_late_leaf_spot
7.61541192195361,1.1433312080661893,1.1914135066884155,5.927919457716321,0.9494977946658871,5.111578234645986,radish_black_leaf_spot
2.895300128996227,4.819546140667217,1.1157160151017864,9.478740595412997,2.0466989936207964,3.412639605589611,cauliflower_downy_mildew
5.662217096771013,2.6948538775254045,0.0942990619467512,2.9920025995316863,0.7638617999407168,4.161381100702254,groundnut_early_rust
2.6018654738734535,3.1656904444888565,4.3726475654970445,0.661739326434897,0.04823840366327592,6.571105039115994,cauliflower_Blackrot
1.1168610189815844,0.0,0.0,0.0,0.49323429699550125,0.20278618452590053,radish_healthy
7.484562295526187,2.5245684985391366,2.1286751461029834,6.4001547585939615,0.5906884814300701,7.226355786072004,banana_sigatoka
8.393864398377184,3.159975648477308,4.917239191153099,3.9590916761584976,2.57100845221276,3.4672907978720815,groundnut_late_leaf_spot
2.52527839120844,4.823925237791263,7.058639263421595,2.456933685638062,0.01911023870279227,6.385549764908865,banana_panama
1.8452088848124033,4.701043190121748,1.255676076176149,3.5267848458932427,3.887603384601985,3.874272693728703,radish_mosaic
7.884545285551305,5.310716513870828,3.6441689630698844,4.500522105691194,3.720360330581453,4.7684043513402425,banana_yb_sigatoka
2.4171878863668064,6.483929475644606,7.839957731156808,1.0447230347352392,1.1235008686278847,3.2231471207998736,banana_panama
2.0438625207969894,4.4499219641446475,4.419236264178855,2.410519377868858,1.609134187531897,9.320471470734475,cauliflower_Blackrot
2.069164022278527,4.137595544793377,4.651247274477831,3.626802389872747,6.688490571336999,4.933070504568231,radish_mosaic
7.797462897273019,3.9297280680892284,2.5580007479529883,4.423568393010374,0.08698840967887578,6.627862813412324,chilli_anthracnose
4.818987051112764,3.3477413743898663,5.799642674533761,8.484728499281966,1.8305098147177619,2.9721976514566926,cauliflower_downy_mildew
7.096667689831143,4.147795771009844,0.12097233841474564,4.377463355028861,0.1974950577741822,2.3126290696205185,groundnut_early_leaf_spot
2.542040241171127,1.731921900389491,2.7634704144751256,1.9096788474087616,10.0,3.315523912483908,chilli_leafcurl
0.0,0.0,0.0,0.0,0.5135022058938282,0.0,chilli_healthy
0.2881167269465712,0.0,0.0,0.4493336958945533,0.12361273503464978,0.0,radish_healthy
2.052383281163553,8.840632437507965,2.572300159172708,2.0931180676944043,3.2664522577752866,5.8130295039032545,chilli_yellowish
0.4577648958623715,0.6320250852535824,0.2088375503259799,0.7404962020587464,0.18881978589332055,0.0,chilli_healthy
9.33643481406203,5.3359120775225675,3.1450870981032657,6.276847387749232,0.801443749993193,3.3775562875186047,groundnut_late_leaf_spot
2.9292244340242544,6.027590456428872,4.018834735930988,2.203091680689613,4.645020906599305,6.965024378211315,groundnut_nutrition_deficiency
6.2821954085373335,0.6235166252882769,1.3864773603614755,1.63896506634887,2.8709091872683334,1.3696610311458675,radish_flea_beetle
0.7986349305378206,3.920476758667153,4.692374767908774,0.3597455951391355,10.0,3.9948974839360694,chilli_leafcurl
6.386950749366001,2.705179822330402,4.515992710941491,4.100650432565804,2.6997299208958254,7.092630440272045,groundnut_rust
8.248032063835225,3.4729518125209773,2.8544295943325033,6.113686407992827,0.848179637340446,5.730096552533578,chilli_anthracnose
4.0002301720052404,4.279156463678191,5.021398705435709,4.045080230448702,0.5567941906736096,4.811983543316233,cauliflower_bacterial_spot_rot
3.3118941834793394,3.433418600449966,2.065090969514658,7.258381913153335,2.570275497807956,5.08101082597582,radish_downey_mildew
3.0994378102427955,5.568004010665961,3.964235461778271,2.6295016196571375,0.5967199641931114,8.322565921327078,cauliflower_Blackrot
0.0,0.2472487658901607,0.07073947646733682,0.0,0.9112316714968954,0.0,cauliflower_healthy
2.9707031232712633,6.2986536497794745,7.100770772692667,2.7341560828995144,0.5876454646760383,7.1846526895301785,banana_moko
2.347002372689382,7.946360167893073,1.2347120188984209,0.3628036539978189,5.252231368290283,6.333427457007694,banana_bract_mosaic_virus
4.722746682914443,5.282915856565437,0.39260940443595715,3.853528365557172,0.0,5.919484146484708,groundnut_early_leaf_spot
4.6713900436248466,0.6132301824526296,0.9176382339459757,2.7790049525493647,2.6187130073428997,5.699788044903704,groundnut_early_rust
5.405312383922373,1.2236686164942001,2.5160160560283016,3.5175986236236563,0.0,4.918617188839095,groundnut_early_rust
6.288039898933967,4.043487022384105,4.028317439132226,2.498526501546789,1.6589745414142656,7.881349811754797,cauliflower_bacterial_spot_rot
0.0,8.681097731403156,4.2200416039982365,1.034961868504088,4.313273741935451,8.045891802757788,groundnut_nutrition_deficiency
0.03570592695765654,0.0,0.0,0.15614968210180358,0.6816614920582074,0.0,radish_healthy
7.414794298106203,2.463188973223212,3.3439887222805806,0.8521051702585059,2.709198868518058,3.357497526198754,radish_flea_beetle
5.74788307596658,4.9645461480020465,4.792623977727913,2.6451226938012375,1.9200787675736315,3.3307390696693577,cauliflower_bacterial_spot_rot
4.5014749325570005,7.1703311720085665,1.5032701384447307,2.4742061420441304,5.6187703317594675,7.676362280058916,radish_mosaic
7.85640931703222,6.81713688286458,2.7383932426546513,5.962486303014905,2.2039694476991234,7.842187648652013,banana_yb_sigatoka
10.0,2.2672881641499565,3.9008901511966108,2.958796569831461,1.9997174181022601,5.757460853181585,groundnut_late_leaf_spot
0.9492580959382915,3.3406403228427966,3.1114130570379697,3.2912999685641564,4.3217189114170305,7.675563084028685,banana_bract_mosaic_virus
3.655682253303885,7.640605239697648,2.34358201482705,0.019329803233419596,2.323137549904584,6.322283873439222,groundnut_nutrition_deficiency
1.7924345529252363,1.48213338707675,3.0662496107907997,6.88418246192882,0.0,5.619455576600492,cauliflower_downy_mildew
8.569465714829555,3.8826438669694663,2.3352890555069017,2.7407663899060175,0.7251985707947026,5.499910239805002,radish_black_leaf_spot
3.913248808342617,1.8105669388505348,2.1217689481703235,6.509096391401106,1.4271861698673987,3.284051567219861,cauliflower_downy_mildew
0.05439245293039808,0.0,0.0,0.0,0.0,0.0,chilli_healthy
6.707917905278793,2.839931613466053,3.3362126951705084,3.3713881956239256,1.779213607876443,6.60664665228385,cauliflower_bacterial_spot_rot
5.716034616526464,0.11677238872976714,2.4353530325646995,0.0,9.149716635452862,2.556770765326159,chilli_leafcurl
8.016104582466152,4.984060293249176,1.8546736484508441,6.608298864163573,1.9517543185563453,6.397609647782555,banana_yb_sigatoka
4.385564582888864,2.686394764871221,0.9801488898591169,3.677580865804269,0.0,5.685176935007978,groundnut_early_rust
9.752252476234826,3.9414812177882617,0.8137651905609196,9.68911186744695,1.5717162000605498,5.816087335920834,banana_sigatoka
7.350442866077089,6.298538899092078,3.079906592283506,5.0741459242755775,2.9461987368212235,6.049297036913705,chilli_anthracnose
4.457619503673745,2.4169863009691026,4.054047563626216,0.11490433522251853,4.783237024188565,2.8579436933637536,radish_flea_beetle
8.59383297021887,3.667476011280792,2.547065326497929,7.598002813881301,0.22777812354382843,5.113408153697485,banana_cordana
0.09346352627724881,0.640989181188343,0.0,1.039578349233402,0.0,0.0,chilli_healthy
0.0,0.21293067460421622,0.0,0.0,0.0,0.0,radish_healthy
7.505587253912026,5.155376853980109,1.4823767578916542,3.795547076330508,1.8274558922933968,4.394687164668982,groundnut_rust
3.5658252480928248,4.0909415131176114,1.2234514661760048,4.967401275180088,3.3895759683642517,2.996437505617562,radish_downey_mildew
1.9718511649850363,2.63887764843584,5.771260583157781,4.86476707762872,2.092836476340916,7.067116109710771,cauliflower_bacterial_spot_rot
5.461811482960282,4.0779562454472575,2.4158397761830943,4.168246151405494,0.0,5.524103377216114,groundnut_early_leaf_spot
4.625914192423009,4.382656395682402,1.23215204414968,8.422353289049667,0.5879621770749124,4.7549024908168,cauliflower_downy_mildew
4.280617630947518,3.242532099700334,2.9967254174799702,3.709394985496337,6.889952771025849,1.9346765861537512,banana_insectpest
5.416068819490341,2.595568350382348,5.595498279494514,5.779399439663088,2.845747330926784,6.9714502659035285,cauliflower_bacterial_spot_rot
7.061291565358094,1.9761382582297446,2.197880363221476,10.0,3.222349412040573,7.033317586808008,chilli_anthracnose
5.027751775778544,2.9833654385948742,1.9617491353773038,7.078093615529876,1.3784392409401884,1.8571104616644845,cauliflower_downy_mildew
9.228512972164765,3.8156481559585043,0.2129068986813094,5.670680628490128,2.0873673546351275,5.1093128118964755,radish_black_leaf_spot
3.532379670875663,8.465187912118308,4.220906003770681,2.137895271645776,4.960301798890869,5.750345093774171,chilli_yellowish
5.603336175159734,3.7957128256084127,3.1637213336041894,5.257700397486263,1.6127112049652679,4.294986792010359,groundnut_early_leaf_spot
3.461996100016415,1.919126896167449,1.3188939740183012,3.292007478316995,0.0,6.213487511407441,groundnut_early_rust
1.9665374214300704,5.688307897985511,3.5345745714287524,0.942406562080799,3.7787284994495653,8.493747263319515,groundnut_nutrition_deficiency
5.609596083459616,3.1109053768070836,3.1623390102627815,6.26333866489045,1.6289073108407244,3.7104221155063257,cauliflower_downy_mildew
8.178524419099299,6.227174706167698,3.6371841952344024,9.858449035455399,2.3984709451389064,5.282662653545708,groundnut_late_leaf_spot
9.675425376548556,3.8347107275344876,2.93624206542329,5.590957245135824,0.5728780994956351,7.977453126940408,banana_sigatoka
2.1756091084990157,10.0,2.2410669695232257,2.223937791288283,3.2729055215252583,5.743770449849995,chilli_yellowish
5.145204751096131,4.804059606178629,4.182479653740059,4.0969852315369835,2.2117810203955433,5.541471219363318,banana_pestalotiopsis
6.707140119549116,2.3916615716884486,2.3542756893265193,2.904340979203922,1.4509385604217286,4.528060792832289,groundnut_early_leaf_spot
1.5820299259471928,2.230842712445013,2.2102694287406806,0.0,8.863683686838302,2.7868036479087914,chilli_leafcurl
3.9117274658035104,7.7542716162467595,2.96693287618132,0.8272582015484373,1.2619728984500354,6.649149576287577,chilli_yellowish
3.248517071173807,4.65394147561806,7.557272673162245,3.256570552729276,0.8984286744671168,7.077403558120759,banana_moko
2.339746787197333,1.9069985734547417,0.8355819807036795,1.2114408071353782,0.0,6.4556074268212855,groundnut_early_rust
2.951454280808599,5.229559254251389,4.908585313545333,4.909279988797255,5.778239641309217,6.651326899406535,radish_mosaic
2.577211078084056,5.268660829134958,1.0514306534656257,1.5657620285631948,8.25842939577004,8.614504055385973,banana_bract_mosaic_virus
0.0,0.0,0.0,0.0,0.6807691014240557,0.00810329974202583,chilli_healthy
3.924902149316088,2.8387338968071814,2.8975923497568634,0.0,2.819977971299936,4.681358683683279,radish_flea_beetle
5.327080509228771,1.323263014330108,3.0205393065496424,2.093771675563577,8.033963349397533,3.1668724783841014,banana_insectpest
0.0,3.3440679654797396,3.949384380437071,1.5481249332405511,4.996918140637085,5.540666539924322,chilli_leafcurl
1.5693593359611295,5.618965265376579,2.5605119814929544,3.418929957311537,4.924295540464036,3.051119678455382,radish_mosaic
8.232054501609552,3.869748002172883,2.3822849664981547,3.907973674378592,1.6181269222986083,4.668921926889348,groundnut_late_leaf_spot
0.0,0.4932570019021004,0.06018656447778038,0.10749226816637579,0.0,0.0,chilli_healthy
6.682582190427267,0.5953651627118961,2.7625016362510717,3.5128899261758333,1.071919156319594,4.33285232554983,banana_cordana
6.406616515729932,2.5237438261466547,4.24902424807579,4.114926831010625,0.44216958193637246,7.974785429375175,groundnut_rust
0.7790493926669697,0.0,0.31269400275288456,0.029283483840957757,0.0,0.0,radish_healthy
8.835548658146859,2.8225522226642847,2.2595070028083164,4.078321955082432,1.3267512243636963,4.752441644889609,radish_black_leaf_spot
0.0,0.579282746411161,0.41261220959081296,0.24095081602016932,0.6783642453560605,0.22614499628545903,cauliflower_healthy
2.879394898186094,5.4709214571078455,9.258179181260711,3.585329785301206,1.1189200136347546,4.830164435194583,banana_moko
4.548886105434372,3.3134214495355545,5.950094328810467,3.3137165802280912,1.2306660150166766,7.990643633346396,cauliflower_bacterial_spot_rot
7.137743557820128,4.266153379643789,2.097964445263456,3.796432811644136,3.0089558285992317,3.8500800607638643,radish_black_leaf_spot
1.5778145627336344,2.174076495151258,4.951810825862413,1.8535314414544672,6.450581936581013,2.808765321424912,banana_insectpest
8.686965694135683,5.781158814535329,2.8584226864711466,4.6116042532027635,1.1815102423714605,8.38281836675431,banana_yb_sigatoka
6.824521622438539,2.0378530704587394,2.434621186525633,3.370128921236218,4.0849795138218985,6.8836228171733085,chilli_leafspot
6.92423667469976,4.43551318596825,3.095936741648341,4.682022578251171,3.951870861372118,4.1052554393933915,chilli_leafspot
3.1885231098256552,5.1027278281002655,4.740912025303315,7.369685720623537,0.0,3.7529859563455337,radish_downey_mildew
6.263963679252117,2.031143932459066,4.8191341755530805,3.2882202120546022,0.0,4.616517667623141,chilli_anthracnose
7.669992295026066,3.0912064696948938,2.646507190935643,3.8951916883047604,1.2032329888432935,2.303542603714024,banana_cordana
5.017931694327616,1.636475772637492,1.9369540627313986,4.36121823024516,1.7248623415311064,8.244730456767785,groundnut_rust
2.7365413217385264,2.4875035792786027,3.709070071051287,0.0,2.575874298817503,5.477266982221142,radish_flea_beetle
9.03969129063837,3.676085232537663,2.124003994103908,6.064211191386303,1.4570908822291502,5.078991555991427,chilli_anthracnose
7.244935192583165,3.151951877952393,1.4482532995140356,6.100647002113121,0.7035112048657981,3.587100193700854,banana_pestalotiopsis
2.915063340119496,3.971400149444053,5.818651164497076,0.0,8.184286500419725,7.1199142850807124,radish_mosaic
7.517311461525088,2.162358709581712,1.9759027653451842,5.074843376245586,1.2373312431595356,6.935696940172144,radish_black_leaf_spot
7.981573114981092,2.4767533890962024,0.0,2.8824426874706597,1.10459311199384,5.646860394514477,radish_black_leaf_spot
8.153867375800848,2.3804736931456865,2.023994583447703,6.520207918856168,5.0528595028991745,6.81180897172797,banana_sigatoka
1.5545696584861683,0.8678362107102124,3.1735531605474527,2.0478031508579058,8.535536368519526,3.651540410019044,chilli_leafcurl
6.760851185993214,2.0440649164464255,5.024016566001933,4.904373137960156,2.940392569072049,6.5308035119714365,cauliflower_bacterial_spot_rot
6.715533312913319,1.7007721033324845,3.1490179391640853,1.9465766624833065,4.783291784682544,3.4070180051650074,radish_flea_beetle
4.409714160279646,7.539214468197194,2.2825740001170978,0.0,0.7057930937783372,6.177901161405581,cauliflower_Blackrot
5.136713552267508,3.2337305662690965,2.7838092400241234,4.518119643697289,0.010264094506043708,6.382535699614496,groundnut_rust
0.8720386050199203,7.571981248960669,10.0,2.8829695395052517,2.393373288288948,6.142973788343366,banana_moko
3.4618589658624677,2.072657384437052,1.5358846535220188,3.400883234593665,3.011171045281605,5.844595543647195,groundnut_early_rust
0.0,7.898540101564281,8.520641411432576,2.1550249679980524,0.924071248123701,5.208301630495241,banana_panama
6.720661361835524,2.165183107000182,5.635159920732403,5.62732805705239,1.3998167825423247,6.638426918727343,cauliflower_bacterial_spot_rot
8.300753878523963,4.97028520826814,2.68277300015584,5.07095541797652,1.2768508344625311,5.002139649325531,banana_pestalotiopsis
4.157223832219427,5.7690114335204115,1.3145852122606438,1.6870993376273904,7.6792265239032025,8.109560419495322,banana_bract_mosaic_virus
7.8617740054682255,3.580297381700282,4.120572511289996,6.603878861438996,4.7667642048406265,5.781302344419346,banana_yb_sigatoka
4.402249890439054,4.363049132417968,3.478596877445411,7.766770583989071,1.7735779421374653,4.51933213403926,radish_downey_mildew
6.553351868714737,4.306498343645023,4.261503567121531,6.851892233926627,0.41338069385647114,2.6564590800531866,banana_cordana
6.977549492264923,2.533777856293337,3.348935263983216,6.137031754547429,0.07254679861166913,4.488462744549442,banana_cordana
5.741113057935054,4.168635972365462,1.980809567052777,0.7711656909363447,6.664227589147592,1.8425546461077704,banana_insectpest
2.7906672788576614,4.103084896100954,2.4017042675306968,3.5695570310592126,1.6655664497581686,6.0512985889160396,cauliflower_Blackrot
3.393453682893937,3.9296925625442563,3.9545192481689195,1.0350093121217152,9.323740715279923,4.013912631190446,chilli_leafcurl
0.0,0.0016877532985804995,0.16391058642154263,0.4621350697689149,0.0,0.04284358070167952,banana_healthy
2.264043651383134,3.9897732008092337,3.1352382108563592,3.0570529652548437,7.291393712823455,7.004654230036354,radish_mosaic
1.9452967803734027,5.29200733918723,1.710516730572404,1.4224664758171561,4.498152690971467,8.73251752488791,banana_bract_mosaic_virus
5.204940977120249,1.2669943972661772,2.0614922139836245,2.8192939927096385,0.8361314689562375,5.97143555028512,groundnut_early_rust
6.603923905696652,0.2915808357392924,1.7777887221104098,2.940307597758328,6.185628326447076,2.6181149667088555,banana_insectpest
7.141470666624303,2.8014911373817277,3.406991011355083,3.398587435656358,2.9084672021833002,6.827928332275304,cauliflower_bacterial_spot_rot
2.667196461885733,8.629362443312214,4.01455263956924,0.0,3.877333007627369,6.233032938657952,chilli_yellowish
3.7425748595969095,4.039047106301211,2.5754511226292234,8.102407730953873,3.6913213088610917,4.023062622660724,cauliflower_downy_mildew
5.0024726391823595,3.568288244798746,3.4383230400709106,6.259106414637756,2.4294374676115273,3.8699876891284504,radish_downey_mildew
0.0,0.0,0.0,0.0,0.7389633680797678,0.907838727540158,chilli_healthy
9.02207721439982,0.5760885912692699,4.309233491029772,5.300177259242427,3.10877921494418,5.339414087678844,chilli_anthracnose
4.567537461277528,5.004861955413097,2.5227498554086227,3.6950695460819696,1.1975662377396858,4.5688503478739895,groundnut_early_leaf_spot
7.67392395215635,2.756322005654011,2.924036132662396,5.905693928502772,3.4380422832481514,7.017203706610912,banana_yb_sigatoka
7.13622579577353,3.289294771686976,0.9606845764709782,2.831285228521119,2.1729396353356183,6.947678549558409,chilli_anthracnose
5.035389433518235,3.8700329349657627,3.267689127884558,1.1280106432884205,1.7439908771578607,3.9678526364901074,radish_flea_beetle
5.23766831106218,0.5587729585387646,3.828289352322082,5.1704028818665115,2.538731261831597,8.09776268702914,cauliflower_bacterial_spot_rot
3.136817718898589,4.392567006416807,2.574916424512209,6.821589903897081,3.0587276516408908,4.6922250840710085,radish_downey_mildew
7.7947946084473125,4.152189622161954,1.5603899874346907,7.212114523900317,1.0268206659596388,4.816009166731067,banana_sigatoka
6.7510063890428516,3.5479698327695344,2.034474430965565,6.869743195422512,0.0,3.29629926581373,groundnut_early_leaf_spot
0.0,5.7420541943052585,9.462899961818033,2.843191998199167,1.2890521086404891,5.201167842127743,banana_panama
4.14724933891419,8.521204626933244,3.453910778781507,2.098286495124888,1.8220688826671303,9.907066689515133,chilli_yellowish
5.149349937367487,2.249124021680751,4.369211984081336,0.6853767333853253,5.943095092476724,5.158470022021574,banana_insectpest
6.7438685548837505,4.7888713642199425,2.1784009486425338,4.595496834658353,0.26391680375087234,3.637036376214246,banana_cordana
7.021857762317429,3.7309915340980697,0.939967519241478,5.2074047921211,1.813983885290516,6.803611467316153,groundnut_rust
6.265545995526465,2.236008904116086,2.077886618711343,3.378810757533377,1.2560916058225033,7.861573974046246,radish_black_leaf_spot
8.962142221194183,1.792430393288296,1.8062634401961595,3.915863027106363,4.471667932706303,5.24915287761909,chilli_leafspot
7.067979909876529,3.635631305228077,1.9154014663290906,5.583801972591442,1.0773692977721443,1.6294401203753544,banana_cordana
0.8708589693308824,4.7237087942328815,1.7036558475644674,0.478330280965493,6.642160348213943,5.496886463201712,radish_mosaic
0.5651829309446773,6.890186753268152,8.889637840556343,0.7017027575442405,0.5160546497068736,6.10143238054119,banana_panama
6.69061934585288,3.5982836292050715,2.246632397859752,5.290289568353582,1.0364544116955505,5.333651306787107,groundnut_early_leaf_spot
4.048324493051332,5.67958875951725,4.0504913105013145,3.6107259105823286,7.32882605300098,4.789812306669615,radish_mosaic
4.846073981325934,3.8495596168029897,2.9818636918968626,3.8943384685743556,4.210133307499774,3.977187421689332,chilli_whitefly
0.0,0.911679481018233,0.04035686336322333,1.1703613057628386,0.17600579554543216,0.0,chilli_healthy
7.8903424874864685,4.056577561096937,2.0377009681598603,4.198119461791871,2.530800670171634,4.486217296294503,chilli_leafspot
6.562056724548538,1.9929483991931924,0.7462289671747597,2.640372092748798,3.4674485559283865,2.67614996113398,banana_cordana
0.0,0.7851461491371932,0.0,0.0,0.0,0.0,radish_healthy
2.2996485934670465,5.144455667381973,3.954038152542042,3.3418032978742485,2.951706870369377,7.1007778929937055,chilli_yellowish
3.1041239772761067,3.5018580939194366,3.6807965723839553,9.193297304108286,1.8474127646519234,5.171797243327467,cauliflower_downy_mildew
2.1106047976382047,5.9692874671809815,5.896407724987563,3.0998811365332415,2.268912744536963,7.903021312203731,cauliflower_Blackrot
5.3736722012936875,3.397679650535978,2.8025569590383177,3.2520763355489137,1.2467855991156613,6.645875174196499,groundnut_early_rust
2.172868052217135,4.178004619848329,3.341048222812507,1.2866027330879333,0.0,6.650959883663626,cauliflower_Blackrot
7.335606261657447,1.904443960433541,3.2679478370245763,7.224545911206916,2.370543631791675,5.469219001812301,radish_black_leaf_spot
2.770546146640901,7.007501408300571,4.055618438365587,0.925475920228855,1.6554649691106815,5.182612650358903,groundnut_nutrition_deficiency
1.6861434153758723,9.26567228949499,3.7793145033465714,1.994650177907837,5.317809281672135,7.167170091083122,groundnut_nutrition_deficiency
2.341915582483723,4.750144547607909,3.003676364928809,0.7478006058862909,6.377845741587788,5.0212599938178455,chilli_whitefly
5.326640531196102,4.773231447638583,1.6570823407563726,2.6604517956386333,3.329916937284105,5.245334204627809,chilli_leafspot
0.0,0.0,0.5853393943532501,0.0,0.0,0.2882805602544973,cauliflower_healthy
1.2376863385296692,1.1003996588649034,2.5991363015317854,0.0,10.0,5.783381590172013,chilli_leafcurl
2.3371902412820393,4.252760576215287,1.7502532995712698,0.4083988784094006,5.292762291666946,8.01952251642523,banana_bract_mosaic_virus
6.122419783129678,1.9505351079582591,4.552405446671594,3.1561043235140858,0.23138293077282357,6.503849547350121,groundnut_early_rust
7.576759045995671,3.9944885444226896,1.29074513512779,2.7386036723797673,1.0862089741190153,6.575268883127194,chilli_leafspot
6.62615024989099,1.4220651424285276,2.592473396169791,4.69667400841052,3.3355464058528037,7.1680516860542705,groundnut_rust
2.7712673118410525,6.594983036158918,2.235825403641764,1.8508045091062146,5.892317166855328,8.728140658539367,banana_bract_mosaic_virus
5.1593438210009985,1.9535174706390293,4.687113484167674,5.853463127219438,1.8482126516929367,9.04866542194463,groundnut_rust
9.3042987413468,1.8826105798120785,0.5635339942083073,7.248025529170601,4.275086406880035,5.707243528723486,chilli_leafspot
3.358113479379382,4.610042412066341,3.0741250456518547,1.9265651106705155,6.731093806702932,4.875467783613812,chilli_whitefly
5.0278495197474955,5.601308011170526,4.823203621308773,6.1399941014034045,0.7626727360468841,6.3842473043628605,banana_yb_sigatoka
0.15872663062508757,0.0,0.0,0.0,0.0,0.16079660566961929,banana_healthy
2.314595980275367,2.4607640528675603,3.3476928322968416,0.8117899537154591,4.833266778961598,5.117966224951733,chilli_whitefly
6.977984945755518,1.9476785017505684,0.9173622956324683,5.1430177103150765,1.4598353814500893,4.910066455613372,groundnut_early_leaf_spot
1.1493071300112931,5.969367704625257,5.840511722026394,2.2695724384817613,3.4617180261252263,5.663570181894074,groundnut_nutrition_deficiency
0.7988374983524914,0.4286610959530886,0.0,0.0,0.28308869538508624,0.4834417083778717,chilli_healthy
3.8738857287670387,3.829418591677817,4.071681392384127,2.17718220864494,6.460555905387334,1.1733536340889752,chilli_whitefly
3.655829299264216,4.114316877252058,2.8990445002209166,0.11269951317021332,4.016322372273368,3.723042438704239,chilli_whitefly
0.0,0.05470423591648503,0.6643204141241156,0.15659223693249,0.0,0.22795209758535134,banana_healthy
2.8858501469358364,3.3055092724212436,4.198589876959768,3.159367593033258,0.0,9.526979997018511,cauliflower_Blackrot
8.246546824443563,3.069272074477131,2.0395975126016355,5.401215292825066,4.093833687948193,7.885805050704768,banana_pestalotiopsis
10.0,5.167538755659118,2.8955340679224726,2.847264188304609,4.071667112053244,4.713659565787274,chilli_leafspot
2.7280053555312005,5.778977265284505,3.4560885688635494,4.0621275387232565,0.0,9.504481743463682,cauliflower_Blackrot
9.26265338714847,4.116920932356764,2.727669040634491,6.4800000067362795,4.746548793056347,2.884115961315818,banana_pestalotiopsis
1.8433341728190715,6.501072546430149,2.749954927977135,1.3845397165258544,6.645962030935893,5.288392378900773,radish_mosaic
3.1220419133097663,4.268528822186939,4.0591699978242675,2.922607611162676,6.270128191066289,3.4357387532934283,banana_insectpest
1.856851633165113,5.11473735419833,3.106167665037746,3.4222788548595124,1.1899895257431636,6.698380864429969,groundnut_nutrition_deficiency
8.089134173256122,2.010933072759056,3.9523671531961235,3.9529864680732363,1.226590757749194,6.909938863341505,chilli_anthracnose
0.24400674318800492,0.010402011886272116,0.15507691305075352,0.06821345903364005,0.0,0.0,chilli_healthy
2.833059234775594,3.5592800979343244,4.091144876032432,9.126285280471928,2.908343283353384,3.8397691174570143,cauliflower_downy_mildew
4.579613805023423,1.5096071066233958,2.53269966551419,0.9012412443698483,0.01634197255913228,8.403515541423074,cauliflower_Blackrot
2.965231676603583,2.2956501480284586,4.552581228977671,7.069420821578704,2.1498411322345747,3.060950456408266,cauliflower_downy_mildew
2.928654981409739,2.6163373570773154,4.041656498503074,0.0,7.785970701066027,3.9729583747100516,banana_insectpest
2.5676095459608863,8.349461055980541,7.3336200753788034,3.4382884050395024,4.120010765048703,6.576442923109355,chilli_yellowish
4.335785915133132,3.3183460137405696,1.2848082348311223,9.543502503745831,2.145418582280814,3.756816084613421,cauliflower_downy_mildew
4.280773153936404,4.4825181309081605,5.114033462326487,6.0739952566796,2.496505043536865,6.2909402167629835,cauliflower_bacterial_spot_rot
6.066678772717861,3.8398454927998635,3.266526443090748,8.679905726876433,1.5211579962132764,3.931307678758055,radish_downey_mildew
3.291538617555278,4.858333980098749,0.3688531382958027,4.980625083705568,0.7933574025048874,5.37020505427323,groundnut_early_rust
9.339318398927064,3.3412539504626695,4.4189718797396225,6.728775096801954,0.14296276941327757,5.636454430205346,groundnut_late_leaf_spot
3.2406308809333813,4.6874788311150635,3.5307625873624087,5.853145814904414,1.1023886160793581,1.8580737605534745,cauliflower_downy_mildew
2.350942921194374,2.684591400645128,6.413704842274609,2.651000818285679,2.8402518170225184,4.859816963937753,cauliflower_bacterial_spot_rot
7.728912282971887,4.128443626347957,3.140957065822594,5.805055480822276,3.4318907301697177,5.6625450452540536,cauliflower_bacterial_spot_rot
4.183614990645219,3.302938265944396,2.058597349770092,2.87989447994768,2.8824183026096293,4.728296452344457,groundnut_early_leaf_spot
7.356799083186122,3.3342240425559497,4.488397010520506,2.5557431632705074,1.1229143968936104,6.632825696102836,groundnut_early_rust
7.461565180856619,4.281111117348119,3.718795610021117,7.0240187728081755,1.4069719723197047,5.340613480763285,banana_pestalotiopsis
7.414468903902746,3.585141210280557,1.1173632009109018,5.196905125749221,0.7498088427756645,3.6030117727309547,groundnut_early_leaf_spot
3.2979148070152817,0.49813623248604655,3.9323560319903246,4.899019744500361,5.0517945401824615,5.2370505552872695,radish_flea_beetle
0.0,8.673333393872765,2.7308894502726173,2.8031030769513943,2.919875018747105,7.863020057139145,chilli_yellowish
0.530414343492942,0.036133954884448934,0.0,0.0,0.0,0.45911544023887046,groundnut_healthy
5.494705884376096,1.9327194553283442,1.8651142555533378,8.514526628162649,1.5574789456337843,4.313959077542763,radish_downey_mildew
1.7650499586319337,8.528688093498968,0.8214217040168257,2.8351535063643256,4.984128130591012,6.235366339288532,chilli_yellowish
7.215427961844954,5.2187263422742305,3.4852897848857007,2.104939018496227,3.2672499277502656,4.188538053036054,chilli_anthracnose
9.082540595973843,1.843595649062933,3.9377271626746713,4.817932096515176,5.434493471747377,4.168261487804459,radish_black_leaf_spot
1.658595074418309,6.23590765247343,4.105553870341531,0.6207043007154619,4.35856043094837,5.945598285794029,groundnut_nutrition_deficiency
6.867816585422716,5.292804264734044,2.0514855427806387,7.4876334360770915,1.9839842422760225,2.6020559881547154,groundnut_late_leaf_spot
6.82740819399487,4.9634175612685185,5.193582382109403,3.1124451418376946,0.0,4.671035720894008,groundnut_early_leaf_spot
1.476876428151081,5.103053215250146,8.663397535906059,0.31656061135057434,0.8702332115302999,7.334520743065606,banana_panama
5.785993935006338,3.302142294810599,2.5066969985100247,3.920632537544232,3.112052518161829,4.078202009299842,groundnut_early_leaf_spot
2.641695220586321,6.151081666073951,10.0,3.468627102251112,1.4055466649740302,5.289310986224622,banana_panama
5.3006170445067164,2.2042893914095347,5.5434491921538696,3.68054445951221,3.111159355822676,4.443402844361134,cauliflower_bacterial_spot_rot
0.7035435961214695,4.646295509040355,2.56632191949077,1.020685042003685,2.1295834449522655,8.075936307790178,groundnut_nutrition_deficiency
0.0,0.018968917723801014,0.3416644964055347,0.0,0.5364890238830059,1.1819362473096804,banana_healthy
2.7923956273391206,2.358636388989935,0.5050806030636525,4.086133391485232,0.6092544602200047,3.273187344691386,groundnut_early_leaf_spot
7.782931454088698,3.7093118091261927,4.784939265982229,6.823093343602761,1.6105079122584272,7.516414293456337,groundnut_late_leaf_spot
10.0,3.0754902410345455,3.3720338362469935,7.221830384872438,1.302633825081144,3.635629702378319,banana_sigatoka
0.30180415860041343,3.6498844075723653,3.3031106913322597,1.9958229817121578,0.825959570165893,7.853973577175276,cauliflower_Blackrot
3.7721044758187134,8.134053370524763,3.080003706496542,0.0,1.221785398702446,7.18902099679936,chilli_yellowish
2.2158972434557,8.005396642275377,7.877606340036881,1.9890808438484084,2.901047335281598,5.7853172325267455,banana_moko
3.7295279468793385,3.276965418584673,3.3957965025859513,1.0122796732235044,4.822189618742459,7.554524169115925,banana_bract_mosaic_virus
5.699181336787641,2.2346483135517783,3.403533467097075,5.115564766616764,3.2680698935365022,6.160168525100653,banana_pestalotiopsis
8.05526544313135,5.054765624925119,4.3729748847084355,2.2586752162399137,1.5126183001114357,4.8636206812591825,cauliflower_bacterial_spot_rot
3.050699525312202,3.515015313151213,3.0438074668626243,0.0,3.142752318510575,3.4195566500035532,chilli_whitefly
3.370611192040047,2.746569168440767,2.662852631611213,2.658036589454174,1.530333260570054,5.465004622829357,groundnut_early_rust
9.315048145972192,3.401469161445456,1.7485659421795334,3.2919688370910145,3.9879539932263968,6.513142022577113,chilli_leafspot
8.666991233090153,4.728167033140594,2.483486761439141,8.41016761317804,0.2331751261870667,7.880740574037086,banana_yb_sigatoka
4.745689572185215,3.3515583526357116,3.3700219449193907,3.977840579553652,2.186822308349154,5.878062595038427,groundnut_rust
5.285651211700184,1.9877726269681317,1.6150641278462938,8.552210954262902,3.9137405557840963,4.899993646349382,radish_downey_mildew
3.146510515741302,5.448431816113223,4.899142852480861,2.101757160695714,4.621923668481001,3.079414598238124,chilli_whitefly
6.211196702552874,3.024001586581109,4.262802542066366,1.7956202065298257,0.0,2.7025738263532104,groundnut_early_leaf_spot
3.0016540990066587,1.2340607281658071,3.0215492460206548,0.72051808172093,9.549725683620354,4.597606874386083,banana_insectpest
3.0189530461889618,2.92437571404184,1.972582368583933,8.129577066939783,3.196325264962156,2.590026049273202,radish_downey_mildew
6.554609098540951,2.8853441075479003,3.880374616843991,6.764023257986727,2.7177436249454265,7.110800337489433,groundnut_early_rust
2.9015610005454837,5.512622564613371,3.246826700851331,1.3504885115226666,7.240335405175765,6.956319077566864,radish_mosaic
6.394984202790794,2.9021727922780247,2.417211780246004,4.415325723063737,0.1891503050060659,4.04098290098563,banana_cordana
7.1502694031774885,2.4847133506496966,2.1467570036387404,5.651957634843665,1.0586320843908452,4.048710029444659,banana_cordana
6.975412294994747,3.2281799895675634,3.8387436860609054,5.245154566555667,1.858814082077403,5.018033300344516,banana_pestalotiopsis
8.231587570127516,7.011745954297595,1.1220313278698648,5.278935388975425,2.9872189118889727,7.40238070767677,banana_yb_sigatoka
0.0,0.0,0.0,0.0,0.13414558358170622,0.0,radish_healthy
7.577375068918224,3.3447558872989047,2.2718095898563213,4.6867958127779845,3.104475393505382,7.281428012753279,chilli_anthracnose
3.2233116250511222,6.555508051697602,4.268228515049844,0.21922512863909893,2.742311958777666,6.862963110833466,cauliflower_Blackrot
1.2636948735646467,7.235489128800064,8.654944056238827,0.39411431428746324,1.9902641580658997,5.189707070387821,banana_moko
0.8923178034748862,0.20135909463491083,0.31261423543655115,0.5822379235250029,0.0,0.0,chilli_healthy
3.3793399015490766,2.810780241357564,2.1302938941181124,7.5236784715745735,2.4237098927964147,2.8034161844558807,radish_downey_mildew
3.4826986282103993,3.822847231777781,1.4001653174500837,8.015582497831513,1.7468330064650752,4.045390273494045,radish_downey_mildew
7.609444961909096,5.495915577146384,3.5362321396752106,6.279192110369303,2.270674420522901,5.558285860657392,groundnut_late_leaf_spot
2.9601153346894042,3.4188147223536953,6.942868456418211,8.834199221141906,5.283152191260186,4.682523634407338,cauliflower_downy_mildew
3.4806713396939335,2.952582160572579,3.6431487049082723,1.7043399169825424,8.183651807087124,2.145632127289293,banana_insectpest
9.104869714704146,3.9807351529016968,5.1002883921998805,5.403728493230394,0.0,6.398852200223532,banana_sigatoka
5.99660622636019,0.8557703289960339,1.0675877237541154,2.171910487267758,3.314360561072757,6.609831527006285,groundnut_early_rust
0.4802806767416142,0.0,0.6574685226701479,0.0,0.003273945859186878,0.7676638666883064,groundnut_healthy
4.849585373761585,6.60079782305231,4.933282056697426,2.089623011164263,1.0270004658945275,8.916559726835912,cauliflower_Blackrot
1.8810553770120522,9.58019364235715,3.936474713502222,0.7694361867220876,5.20058967479997,7.599400956362684,chilli_yellowish
4.6868127987343895,1.0964937570771982,3.959942915659369,1.434556352264119,6.641108581085641,3.261476867876463,radish_flea_beetle
6.953312027101018,0.6444097108167344,2.2526849028007305,4.062973668604541,1.2556964751658657,3.8948517444949227,groundnut_early_leaf_spot
6.499318197714023,4.6449502005669325,3.0850379964661636,7.316789910867511,2.8855219115145863,5.22622927632782,chilli_anthracnose
0.0,0.0,0.5944214341029431,0.42320658057965155,1.1080932893564297,0.0016859961049304228,radish_healthy
5.548434691783165,0.7720364260158683,4.798837926578392,4.176701252666814,2.4290703748763125,4.7000899975370825,groundnut_rust
2.190843517678082,7.989919117207079,2.468650874486583,1.2434017829038964,1.827277366052392,6.877554159017842,chilli_yellowish
8.166362034236542,5.5977343947734495,3.6193956275117634,7.2785096683170964,1.070237386237365,6.360871891991804,banana_yb_sigatoka
0.0,0.0,0.5024108458789563,0.0,0.0,1.1388444630154655,cauliflower_healthy
0.5520875782718377,0.0,0.1030676898113019,0.0,0.0,0.0,cauliflower_healthy
0.910371109374547,3.3052355583976505,3.7587785227058648,0.7290684394161573,6.081033845625509,5.290302176543852,banana_bract_mosaic_virus
2.0025506505894994,7.560855483672146,3.6051280000670327,1.4619990270874228,2.475520215967662,8.468704241940301,groundnut_nutrition_deficiency
1.6375304113521223,0.8614372479953807,5.096684794211869,2.6668775829236027,4.859883054432434,2.199332115736022,chilli_whitefly
0.12479623803719168,0.0,0.009601710482773616,0.0,0.3336776422273391,0.09055614444471494,cauliflower_healthy
5.641679808547925,1.5341094112061724,5.647214954005218,3.736192886614693,3.055389813542852,6.076823078974474,groundnut_rust
2.469032568681378,5.231576992324336,1.8755156587688033,7.999567129571268,2.1909343593923665,3.124746712915785,radish_downey_mildew
7.405190835331862,3.1092063845481137,2.6323776696365035,7.00907221647296,2.1315263438766805,6.2175047380140605,banana_sigatoka
7.957233726881998,2.2269564020160733,2.1200583533332944,3.7567359646759955,1.5600053038876285,4.386562641726338,chilli_leafspot
2.6817254973303575,5.729678932386111,2.2625647929917596,3.273358108338559,3.34755177267553,1.5622099050299874,chilli_whitefly
6.826473397336834,4.265092530918958,0.6251775678123455,8.43218053925087,3.035305510343224,6.003915405844916,banana_yb_sigatoka
4.16545810271224,6.362248056865214,8.53641302946339,0.0,2.6677169607356266,4.385748395029677,banana_panama
1.502908812917655,6.372552623951267,4.42648304383344,1.9274658139263905,1.223679051721462,6.993356369000477,groundnut_nutrition_deficiency
0.44979936898970324,0.4575860753593114,0.0,0.0,0.12309197214798363,0.0,cauliflower_healthy
4.226070322512087,4.405088480126816,2.5162892522951883,2.1051501862039568,5.566516029266115,3.167068078156339,chilli_whitefly
6.193337352937114,4.506813030889321,2.3243205602458774,6.3465700807034295,2.569524707641713,6.062061461775825,chilli_anthracnose
3.892595561498549,4.816363470472571,3.102365418056945,0.5872147504762744,4.489701985124592,4.0054004130293315,chilli_whitefly
9.022893030368753,4.479274010481941,4.151409668427995,5.909280937051885,0.45179910265825174,6.7955924424631196,chilli_anthracnose
0.0,0.07651729853381142,0.009913576882683564,0.5845054629319076,0.0,0.21372770234847013,groundnut_healthy
0.0,0.21744648133866926,0.0,0.0,0.8983767327132457,0.2197429139978824,cauliflower_healthy
0.8626331538413645,6.177307088880154,8.085810394009382,2.2524405362490643,2.8364014772252935,5.066286257000743,banana_panama
7.50516733903776,2.980860327627876,2.813925546361826,6.426169959804229,1.214789754733876,6.7038181891416,chilli_anthracnose
4.994004961338149,3.233461208842062,3.6240557930326727,10.0,3.007331860587615,3.6218087713628218,radish_downey_mildew
0.3341240619706764,0.5470834178075655,0.9100174063837198,0.0,0.0,0.30676806459259415,chilli_healthy
2.4540308590437547,2.3512585785702242,4.174625437321889,1.2630529219900206,7.169179239534472,4.906352313652315,banana_insectpest
3.05631584672086,8.904519541216635,5.297885405974085,0.7010707474634772,1.5499776606052813,6.202862830630815,chilli_yellowish
1.1632044098030496,1.6389976556539614,2.2606222453288467,0.5287904157686988,7.761808139125878,2.9328974050348986,chilli_leafcurl
7.06423198911488,6.1903115718643456,0.7404198639939281,4.1716826271982,1.978238907790302,7.351941314805822,banana_yb_sigatoka
0.35176805410695744,7.109084628649157,3.266028534154107,0.6706815676330575,5.381972258994258,5.532683892131349,groundnut_nutrition_deficiency
9.120128489802257,3.612651758421535,2.9170397221343363,6.802366284613296,1.7930157389912775,4.640807632044939,groundnut_late_leaf_spot
2.1101129318426026,2.6149173024789287,1.7363937345949858,1.4285350858140957,7.773472853689819,6.378075738071623,banana_bract_mosaic_virus
0.9667722722140895,7.156962394961388,0.7631222099331456,3.5750112127453226,2.450652776569177,7.406289028097978,chilli_yellowish
9.428327463075567,3.0081598134719973,1.7719531579982066,4.571065492627487,0.7835299818851106,5.647418169611836,banana_cordana
5.582896576946552,5.5283282187158225,6.066136316430265,3.8936726723816686,2.003837588738346,5.3701686476106785,cauliflower_bacterial_spot_rot
9.67611221287819,5.533961978451411,3.0372761116787177,5.805879262601197,2.3970404340876215,7.899719954187022,banana_yb_sigatoka
5.678221579268176,3.8234202678056493,1.8929444058623006,2.0550916987230394,2.8482706077441295,7.198708605804963,groundnut_rust
7.1555156519300445,3.0166028678668737,1.135804515584217,4.084836425997807,2.543437756659199,5.201180186463987,chilli_leafspot
0.7916871668658272,7.05739038374162,7.3229645841674165,1.2071546480522992,3.5061749460498843,4.402792971885153,banana_moko
0.6523013516736627,0.6383470996698245,0.7246545614343377,0.0,0.5189034707635525,0.0,groundnut_healthy
8.584126749826593,2.697267444701244,3.6580636689573653,4.755139463451104,3.0252881361749178,3.706857242571008,radish_black_leaf_spot
3.878984712912936,9.745050499088096,4.739296522796241,1.7861371849185728,3.3589974806261744,6.638183626553566,chilli_yellowish
0.4118527567827721,0.0,0.22936822396073459,0.0,0.0,0.0,radish_healthy
0.09293894181113317,0.318090244342018,0.1287908746052184,0.0,0.7235023087925301,0.6359591517111831,chilli_healthy
2.6150997832262695,9.706827695570306,3.4768848394642147,2.6965063281154893,3.054886954803196,5.742560432813234,chilli_yellowish
10.0,1.530707738747914,1.5165513975171518,3.224941694666109,1.339266048335456,6.347417714059234,radish_black_leaf_spot
2.5707061231142987,4.903725170385334,7.353486995184685,2.694063635515693,2.3074047268331337,6.431973207112551,banana_moko
4.97987416933486,2.0329559202045733,3.157821959716949,6.938699388257878,0.0,3.289042889016527,banana_cordana
2.390643960813147,4.833577888367413,4.436115869976526,8.518544292780524,1.945147094425007,3.473770593274022,cauliflower_downy_mildew
6.073618518397484,2.308112317264657,1.685715088905633,4.403522472046176,2.088718820211088,5.229892934236845,groundnut_rust
8.05434285212039,4.788314879610506,3.7205994063918135,5.34724541287348,0.5879977889770609,7.370648871462669,banana_sigatoka
5.595657975834614,1.7046312965105457,3.7821001150410996,3.2808366536515297,2.473572900027999,6.429959777919322,cauliflower_bacterial_spot_rot
1.4148398948540446,5.2764953620862585,8.83270787982951,3.859907207711582,0.0,6.600662894600688,banana_moko
6.344506662097021,3.470164806483056,0.22530611747104556,5.220031903734987,0.9816281809924053,4.695149799521306,banana_cordana
0.0,0.0,0.22369314823671374,0.0,0.0,0.0,chilli_healthy
1.4724493404529833,4.892952721752164,2.767925038607161,3.243679626849304,3.5754081953705428,4.730244338487241,radish_mosaic
4.881839628632983,4.417865324973002,2.1355573741240153,0.26857549511919765,5.941432712570766,2.319365818781879,chilli_whitefly
0.44402642702262857,0.0,0.2002427626207238,0.0,0.31943334801442447,0.0,groundnut_healthy
6.206994344791049,1.368218212771708,1.8879394050358993,2.195207685872475,3.743241132128057,2.439131281153007,radish_flea_beetle
0.936752733936911,1.973138412203828,3.782209886376427,1.5554953353917358,8.189953186296638,5.436993419877236,chilli_leafcurl
5.135861633708169,3.985090225402929,3.0065494131375767,6.1669028703730895,3.4512430140017156,3.2004839363670508,cauliflower_downy_mildew
3.7330301238660817,4.456234634863469,3.190079177451337,1.516308813121963,9.38986396264568,2.001526434180172,banana_insectpest
6.159685950072518,2.3407798905584034,1.9776345059400309,8.355440532025806,2.8590924993545714,5.094100148766718,cauliflower_downy_mildew
5.699600999886288,3.0825883892455788,2.3284149830098055,4.783837274708178,2.5912585033536812,5.635121690321091,chilli_anthracnose
6.3430942967928665,5.178186333326325,1.5954770910029976,1.0792729131680212,7.734220779147199,2.7427332816278662,chilli_whitefly
7.480808583924089,5.470947222164624,1.88860408382015,4.54867760524913,3.491392271992193,7.872601586670521,banana_yb_sigatoka
3.178118584389913,4.610202339789653,0.0,3.74913108710889,4.332513039883684,5.02552150365173,banana_bract_mosaic_virus
0.4156942644665378,5.2693040460587,4.419538397234063,2.1601993028736457,0.0,6.4812362658922265,cauliflower_Blackrot
2.4405271299394657,3.7502564578702176,5.204039071274975,2.658155928248685,1.990497517387702,5.928543245650532,cauliflower_Blackrot
6.827892140249285,2.960812915511628,3.077153854305098,6.136233753975416,1.1033392298159077,4.984383610184809,chilli_anthracnose
4.1580979749977836,0.9766785649160834,3.0560641443179666,0.16051686570589374,7.149368526975333,5.062632846767146,chilli_leafcurl
7.7686551486080955,2.997483219140466,0.5248183750249951,3.749659316034552,0.0,3.197384448557468,groundnut_early_leaf_spot
8.987087505440577,3.426147240755599,3.188815881207693,7.171807906875797,0.0,6.75408103091007,banana_yb_sigatoka
1.6008309771834468,5.123228620098304,4.2974155382821895,0.715615341617795,1.8241929945434063,7.522007584542046,cauliflower_Blackrot
7.637767423375379,2.1397423732488194,0.0,4.144434159162929,0.7216979141691782,6.0838879853505885,groundnut_early_rust
8.40774956510397,3.4435706306377125,1.8712374271949253,5.537260310972333,0.0,2.6478790373082335,banana_cordana
6.002253198280685,4.6113543785060465,1.6600484486987455,5.549596874877952,1.5222005073340805,6.299149905202652,chilli_leafspot
1.6731079800755753,8.480469134003432,7.03388578276339,3.2261709132217233,1.211972785247104,4.687629150474275,banana_moko
9.155003110343959,5.3987138741729535,2.929400575042173,5.734881930072465,2.2293490806036704,3.6203510325231134,banana_pestalotiopsis
3.129050284992116,5.383354755276088,1.4787878676892077,0.5660361256873794,3.9632446209747214,5.806718297071691,radish_mosaic
5.313039409666371,3.95986474764718,5.849213892832691,4.607841269663101,1.2098316856864928,6.208708214370183,cauliflower_bacterial_spot_rot
2.1318753322042947,0.16088242574538647,2.406608877741422,2.0451740781165793,4.836636981359631,5.376185221837671,chilli_whitefly
0.41586656917408854,0.0,0.0,0.7494792313337658,0.4664194461811186,0.03618019495419224,chilli_healthy
9.375438781789093,4.078885192056745,1.6779574410351432,7.097549710050977,1.5815096546071299,6.320970466677673,banana_sigatoka
5.997583536088291,5.574178953328065,0.5748818971645846,5.371784852272433,1.760532257118518,4.496558916941797,banana_cordana
3.9536139876541485,1.2476055731552065,1.7352829825737335,2.405768390429518,2.8556389213388336,1.9228931942917655,chilli_whitefly
10.0,3.294714436816122,0.2681590474570472,7.765824398618288,3.0931733376917334,6.796317442272915,banana_sigatoka
8.264756965168596,3.577494703055343,3.38970988744025,6.696681224442738,3.4510767766687254,4.970856205195969,banana_pestalotiopsis
4.172716044363747,5.2156344573274485,3.940640114412098,1.697865591288345,0.7484320078970053,8.730189978413694,cauliflower_Blackrot
6.112412891512567,2.736943369755868,4.1931585920251475,6.305677364856251,1.8453471455734958,4.389087433626116,banana_pestalotiopsis
5.126285847814701,2.618157050607069,2.4024029329275978,8.472350497570227,3.9355656679273654,5.024262289887787,radish_downey_mildew
0.0,0.0,0.0,0.06496369602690694,0.11603258390777992,1.122203368946105,radish_healthy
1.6110691004010766,5.909835958838333,4.861234204223964,0.8930224146155908,3.998451655115545,7.423523850213617,groundnut_nutrition_deficiency
3.642937241209701,1.5270102841687114,1.0594179426719479,0.3676538277220097,9.33297508960496,5.2449600034780515,chilli_leafcurl
2.4099922783431516,6.674422026318043,6.5401030350371485,1.6541638230899671,2.8512230173463804,5.02334990662266,banana_moko
3.191693241034384,3.175457755653071,4.274337360037427,4.755470039279003,0.9376082813383275,5.07283573241628,cauliflower_bacterial_spot_rot
8.302404513442314,5.718901022353787,4.24440638924299,5.669421221785173,2.2187362682454435,5.422960564452269,banana_yb_sigatoka
1.0254114433591193,2.2531113943567163,3.1380306796113686,2.2105150085597622,10.0,3.9615774346155153,chilli_leafcurl
4.437190943225565,6.765298240391992,3.2672681708792624,5.267886696954991,0.9341271992604563,4.342664889829188,banana_cordana
3.17484299056102,1.228215203358666,1.5281273041176415,0.777033267880266,8.927177480157695,2.9096172617014497,chilli_leafcurl
7.708324373290386,2.877280379738889,1.4527414930759286,5.881773612212501,0.6863695471671545,6.0259519567122775,chilli_anthracnose
6.210260213109692,2.6355287654680026,0.38495489183214215,4.016890568334203,0.4285349517464092,5.049267016855273,banana_cordana
0.27953716855467314,6.167584427478421,9.088004093733764,3.162523874817624,2.1606137469267397,6.592772858646773,banana_panama
3.332596734909892,7.476417280678438,2.4240518770979707,0.9678094648863178,4.181612033789455,8.590627083224872,chilli_yellowish
7.900888909578452,4.923962477602267,2.0700446111232185,7.641713084177877,4.360300355009905,4.953027167637989,banana_pestalotiopsis
0.9917545053933841,6.114732894691788,4.066710575862097,0.5860455190076015,2.623990908783439,6.202175215477006,groundnut_nutrition_deficiency
4.1933217778864735,1.8020014361130345,3.9853467115302075,5.18965654622194,2.8716032890872487,5.885060074237962,groundnut_rust
5.107267660866858,2.173623356630044,3.6914313003941066,2.6798841294034697,10.0,4.612878479363072,chilli_leafcurl
7.052322935646944,5.034061248516903,1.2528207659186577,5.233528946284691,0.10903529716234217,2.415972986535153,banana_cordana
1.3459390347004576,5.749518611762673,2.312856803697193,2.8502028938089286,2.186226544329725,4.3230788162231235,groundnut_nutrition_deficiency
9.413903417057602,4.489763095334028,1.3492390934563658,5.43162545081857,5.531658002322345,5.869389272458073,banana_pestalotiopsis
3.3139047496527265,2.399129012389037,5.119753686809283,1.7327351590680715,8.278206358857265,4.743140094583415,banana_insectpest
3.9742202321459836,6.103512416229597,5.130705639616764,2.794262628084841,5.919616213386342,5.364424901517819,radish_mosaic
3.97396125620154,4.701156752532346,2.69186835566692,1.3735001854522433,9.694656970146285,8.343489893721491,banana_bract_mosaic_virus
0.0,8.0720991480272,4.253750734062097,1.9324471196419668,0.0,6.943477950527745,groundnut_nutrition_deficiency
4.005991323978334,10.0,2.0590047093680166,0.0,3.356127008501082,7.958281752098119,chilli_yellowish
1.5674177279513546,4.678680294859372,5.218991373681217,2.20954708216241,0.6252717914438088,6.158920454550319,groundnut_nutrition_deficiency
1.3520697023367898,9.03271740916137,2.6806751337045394,0.20809648276208215,1.7960094510551619,7.849461417294677,chilli_yellowish
1.9228500290259545,5.070680951983807,4.878199017804063,0.0983188004325084,7.617876053310157,4.804675996332385,radish_mosaic
5.236847126527592,3.136509220176333,5.278007221034073,4.086814260783018,0.472144671303923,4.418640297469231,cauliflower_bacterial_spot_rot
4.3133522062629535,2.529360627183268,2.576150525376658,3.062452388620211,3.6237919777267082,2.303859044584785,radish_flea_beetle
0.022722175064411543,7.801011636336454,10.0,1.440111114556668,0.24559570356296756,2.8582401615692645,banana_panama
0.7595097862654905,0.005584004753163841,0.21229254802357247,0.0,0.0,0.48371470957702895,chilli_healthy
2.332028959196023,5.992619898843229,2.0156022702534884,2.7442408925887802,5.682411800114453,10.0,banana_bract_mosaic_virus
6.026970986547594,1.4909065693024606,1.7191761690716223,5.559630049335602,2.184801419906922,3.9088587716289727,banana_cordana
4.200403506034886,3.880017608613817,4.640096084033276,8.375771627760239,0.9311646976852672,4.066756148518946,cauliflower_downy_mildew
0.466783704302797,0.0,0.810912900773127,0.6336800907857754,0.0,0.3408300626439215,radish_healthy
3.114377872140999,3.724690770731451,4.007472774664707,7.65500139257152,2.6709658254552098,5.134596700265374,radish_downey_mildew
2.2600197427571436,6.635979919027439,7.7373604979172494,3.9194915700486113,0.7517675362209226,7.33423408913232,banana_moko
0.0,0.0,0.39518594802585566,0.17002564728444522,0.2853064986097655,0.48409233026643056,banana_healthy
4.126004877893911,3.9218329537270176,3.8954134547125063,5.020043674227484,2.249423885765175,5.945946625853816,cauliflower_bacterial_spot_rot
2.509473618189422,7.167481446015813,2.642288352444049,2.4939782781955335,4.010163780005118,4.677075276817844,radish_mosaic
0.02675732628983363,0.4650429023956825,0.11600654420401417,0.6571409215147622,0.0,0.0,groundnut_healthy
3.725967048810833,3.277849282576567,4.375766252985483,8.948823452031009,2.9432207489770503,2.6209844773398636,cauliflower_downy_mildew
5.410257364360842,2.8973331801886677,4.3772594963373805,8.778545846996323,1.9101205083419115,6.510868346803959,radish_downey_mildew
7.283142726745829,5.132501656335344,4.436614237754295,5.074749411430554,3.2009845973220967,6.061993513183735,banana_yb_sigatoka
0.23548353489258106,0.3674824078759924,0.8667206696921315,0.11709707574910268,0.03202442250885094,0.0,chilli_healthy
8.169337396046712,3.1700180718271285,2.8394647529745125,4.9674738383198,2.8331916573791585,10.0,banana_yb_sigatoka
7.522492387031091,2.7398546185255683,2.0310581146328555,4.434254944210158,2.2957479523386417,4.896133421178844,radish_black_leaf_spot
4.176413000335436,4.364470632054626,1.9064639317164498,7.753648974045783,3.781320846128274,3.1883923410837456,cauliflower_downy_mildew
3.780737845822807,5.013220909079771,4.11317463816396,7.243465771048184,2.4473529902350473,4.2012176001390875,cauliflower_downy_mildew
2.953602270384926,4.439257278557351,1.1421232010508988,2.5196800237759645,5.238806927645909,7.567304244297977,radish_mosaic
3.058741107512975,5.490712809077816,3.2063014911191723,3.1450823383821986,5.909421176206676,7.215024761772372,radish_mosaic
1.505025185734476,6.113563002004525,6.047594094959901,5.427108276683377,3.5030488772350767,4.065176694176017,banana_moko
4.9968981517038245,7.055207664083609,7.230662887730427,6.389196709203656,0.4172378020369871,5.024127760242918,banana_moko
3.7168156572456033,6.42056505989322,4.042004273144866,0.10530612146410157,5.590343067540574,6.338198980865786,radish_mosaic
0.0,6.07013937684678,10.0,2.5060603196037166,0.92841482560937,3.9580009700551004,banana_panama
2.1014221709783927,6.143698396111389,5.815087666637581,2.153071820285562,0.3296499428579225,7.044922493670941,banana_moko
0.7947816664312887,0.6927188908281912,0.0,0.0,0.0,0.0,cauliflower_healthy
3.671280942506032,6.573005047115784,3.0313697631569028,1.3939204545485802,1.7492277207753009,5.6353065653424474,groundnut_nutrition_deficiency
1.0890408061355625,5.180472543771449,2.410107170932591,3.251405007059063,7.1405086058232605,6.307715613205116,banana_bract_mosaic_virus
6.076491304170813,3.6361586964057495,2.8303881534303548,4.580975973326842,1.8563531203511614,5.177594731448033,groundnut_late_leaf_spot
4.519465488628271,1.9103016561169244,3.0499811041928533,0.5709168702475345,2.6608844621529197,3.278546458570105,radish_flea_beetle
4.383121024954793,4.085626083544309,3.1811296250432917,8.744016289585945,2.5008540345721424,4.3053473736241905,radish_downey_mildew
0.42747232552807474,0.26723426753425555,0.16341610474176013,0.432679354525035,0.04468036929811975,0.49228492297859927,cauliflower_healthy
3.2545670005592875,7.135215215498883,4.148866501406247,2.53760802903317,3.1336301948377177,6.126187783844069,groundnut_nutrition_deficiency
2.4036280849647373,6.886101087294422,4.228120146677412,3.0887284217500497,3.605737633098085,6.188945962777226,chilli_yellowish
8.97203268620734,3.1301666994399375,3.064861995415201,6.150658303981378,0.8527297379799266,7.7811641464086545,banana_pestalotiopsis
6.976781101014572,2.4036442404953986,2.898040083734223,6.401449081668023,1.0285198374925133,6.282295778395001,cauliflower_downy_mildew
0.0,0.0,1.5825708712851396,1.9799496919146744,8.238236779839136,4.553150370228763,chilli_leafcurl
5.732527783771392,2.957511073145579,4.558330061427583,3.510892786408365,1.2661810375539746,6.945051989192239,cauliflower_bacterial_spot_rot
4.607158664147038,1.1260733571120642,6.598067281367923,3.428658313212315,7.255088836758658,4.2323835159836785,banana_insectpest
3.2015913617595104,1.8923293084066657,2.516798146515922,0.3915660846507717,8.837045231691583,3.9418049661414085,chilli_leafcurl
2.861494319713275,7.058743791119059,8.086094561956536,1.6327832547711094,1.1745126608869112,5.15554752080228,banana_panama
0.0,0.6740280938243658,0.08290947133197765,0.0,0.4916258033303211,0.17084254994441636,radish_healthy
0.30215213985079264,0.0,0.0,0.0047631886099011094,0.1169574581866948,0.0,groundnut_healthy
6.807294884989528,6.383495907445772,5.280778850066504,6.471954165799777,3.327748582753573,6.70498201906722,banana_yb_sigatoka
1.7469855887290313,8.176334789331253,2.505197356791991,1.207454753121502,2.242320695674999,6.51556825664124,groundnut_nutrition_deficiency
3.0112774156336006,1.137068658260977,6.459774514943112,2.000819382748979,7.9385560018377515,2.050920741998936,banana_insectpest
0.4736971986647327,7.25367588096479,9.275188748945032,2.549239601081357,3.621336907984058,6.551294347421848,banana_moko
6.6020935400531595,2.2364635803297555,2.413099807445344,4.537605469216129,4.261215300195984,7.828986777624843,groundnut_rust
4.128875626748741,2.619880229260558,1.4514156365324071,9.850756373653546,3.39119551799684,3.875212973323741,radish_downey_mildew
5.6437368207692415,5.814365476166194,2.5692692781872686,3.392563028028859,1.9631497120941737,3.318287738090769,groundnut_early_leaf_spot
1.8715635680545306,3.757709213096751,1.3356208335833815,0.0,8.357670159499667,7.042316262366074,banana_bract_mosaic_virus
5.150062983810451,2.0619931722212956,4.274889625846843,3.2891816152586735,7.269207588133699,4.0848210657135775,banana_insectpest
6.085409844368536,0.22895517430938161,3.118588854019718,4.054690090855473,1.059389913098379,5.57438356808309,chilli_anthracnose
3.063005829180408,2.882441121483893,1.8321455832731453,4.586393844712573,0.3722275042701684,3.074756423030773,groundnut_early_leaf_spot
0.24146497258879338,0.31601161180851073,0.23652263641900056,0.050663588430234156,0.3484653174813788,0.0,cauliflower_healthy
4.496753375699916,2.16384914190886,2.148103323429673,1.7426819718965605,4.010527330225773,3.094101237547989,radish_flea_beetle
0.0,4.3926362700506925,9.162228409184863,1.6085195546703686,0.0,5.662603149042531,banana_panama
8.765518352066346,1.1321556789580502,1.297651362420356,3.61062981100429,2.0022255925182115,5.514808217619665,chilli_leafspot
4.338338648570861,4.89576834888186,3.2862793513704913,10.0,0.9224696172317235,3.9763830948060765,cauliflower_downy_mildew
3.763896734114684,5.934923482936421,6.123656161539946,3.768872273487033,1.0725995229332435,5.863204136592448,cauliflower_bacterial_spot_rot
7.120964644551729,4.985601979040048,3.2643879500291018,4.535498906630073,3.8472278271208324,6.524421146488103,chilli_anthracnose
8.74226762837351,7.382811693217807,3.1482350422093117,5.7399218530122464,1.688933824395089,7.149261720289257,banana_yb_sigatoka
5.115652547736843,3.657047784202864,3.6459783949870666,5.51624681295581,3.717906686256933,5.132663693466608,cauliflower_bacterial_spot_rot
6.839588902414226,2.989100647085176,1.9392121212935984,4.735748564439107,0.0,6.373246878441694,chilli_anthracnose
7.2859367524509215,4.051700490642544,2.222581856939333,6.353638032990753,1.3178365983506972,4.369468410278973,groundnut_late_leaf_spot
4.477849054892674,1.874787939930155,3.869587535631865,5.609777711139036,3.0645231944556235,8.641396512611871,groundnut_rust
5.523241906148157,4.3938394814539645,0.04725765333272269,4.539524545658084,0.0,7.286275207515331,groundnut_rust
5.801779254850508,4.475399502709767,3.1992082617854356,1.9916463849967265,3.2205134946320615,2.6924712761280216,radish_flea_beetle
2.390798580948352,3.670907789828264,2.463347116146538,1.6658423435379381,5.507881763021752,0.638955497557053,chilli_whitefly
3.062612346242663,1.688239831078985,5.91824573451561,2.9625541503417434,8.034668214264371,1.3005275330488255,banana_insectpest
7.131939305137423,3.9037879330634393,1.475898313784818,5.026515789079266,1.1749960578346657,4.821232779528697,radish_downey_mildew
4.872361038151743,4.51430580085679,0.9131212389648573,4.215480393621416,0.2852064471478095,5.64932571180498,banana_cordana
9.097934315033973,3.307400660233574,0.5568220818366274,7.583190908434268,2.7794463673898817,5.9328921389092235,radish_black_leaf_spot
6.911907865609569,1.7176943164278422,0.5515069618219672,5.211516578204597,2.4246200019060566,6.784738232419543,groundnut_rust
6.6141406083341465,2.2777234068808636,5.8509372675599405,4.1946678602785985,0.037651675914136984,4.897660249772361,cauliflower_bacterial_spot_rot
4.583477976137713,3.771059813616709,0.9599220636984374,5.22108569671722,4.1187112325906,7.816660645382899,groundnut_rust
0.0,4.175655849311268,9.541155161731773,3.2080760854724777,0.0,7.297816903559689,banana_panama
4.141599127332654,1.7068259457456905,2.2044120464747428,1.2935541997318762,3.990654358927529,5.090307038272726,chilli_whitefly
3.5071543406310792,2.5834102924627067,4.141996262677843,0.660722988713726,1.2054245724947954,6.628468944340142,cauliflower_Blackrot
2.3610110135014732,1.8212368282792437,4.6033413122742335,4.155632987512356,7.847294696578158,2.70878246782556,banana_insectpest
7.1724831846561194,2.608764820131037,1.2130088663086687,5.496598086180699,2.2422742592771012,5.371188198464262,radish_black_leaf_spot
3.3689443889257555,2.2133001275216375,4.480577663807594,2.1572782234590187,6.907067847128808,1.5656474836809064,banana_insectpest
9.292918132202864,4.328693304216615,0.17219304299138272,6.36230631863389,0.7683015111920648,7.260383462731626,banana_sigatoka
5.499405880847391,0.4006671230244203,3.5806728073396528,1.0729175014925112,7.454983742471349,4.476266610780945,banana_insectpest
0.0,0.0,0.0,0.0,0.0,0.0,groundnut_healthy
0.29751473291778235,0.0,0.0,0.0,0.0,0.0,banana_healthy
8.14124890215315,1.9938864720061997,6.252397973201871,6.623845221722294,2.2520099696271068,5.738196781134296,banana_pestalotiopsis
7.548074307270163,3.8951179483705864,4.275152996865587,7.106913300741972,2.2217994660309115,6.428646781247345,groundnut_late_leaf_spot
0.0,0.0,0.0,0.0,0.0,1.225812685918152,groundnut_healthy
6.4279036592572005,3.1242790331649273,2.645701743573967,1.12956023352731,0.41423473112988884,6.983305448646325,groundnut_early_rust
7.742452314239021,2.723146927029876,2.5073216134514285,4.565163252923182,0.8567040848372831,9.080769338160595,groundnut_rust
0.037977633958043704,0.3713412091798612,0.2411244763403286,0.0,0.4345780321946366,0.44364541863337104,banana_healthy
0.45769513778008086,0.0,0.0,0.0,0.8694256759266656,0.0,banana_healthy
6.035295586912695,4.4598338790594445,1.999503311137061,4.610024666886408,1.6220475050543062,5.575258334791478,chilli_anthracnose
0.0,0.03874025925943127,0.12887627007137534,0.0,0.16708820862244872,0.0,banana_healthy
1.8237342753176107,7.574649964062943,3.012566301090234,2.5521122499555395,1.8310111898663513,6.235329162344917,groundnut_nutrition_deficiency
5.8177233299426945,2.9235080191989526,4.9644506571843285,4.642261210845847,2.2400134879333606,8.10234112646769,groundnut_rust
0.0,0.0,0.0,0.0,0.14609636416318658,0.0,banana_healthy
3.62545894942647,2.4988020543886393,3.330123685122659,2.7353903860031856,0.49422040340036466,9.526638265100116,cauliflower_Blackrot
0.0,0.0,0.12366665084126191,0.0,0.0,0.15785971114826203,cauliflower_healthy
9.692830784505073,4.628347025832113,2.310615953500469,7.046043102718576,2.611416276715623,6.775203628214439,banana_yb_sigatoka
7.549511064219246,3.941404196879556,3.282546954133337,1.5739616502858675,1.0308193307038822,4.5301160271727525,banana_pestalotiopsis
4.340749077671927,3.491830422973827,0.32842205878977127,2.2299587634929794,2.4529092875411087,6.593011547308504,groundnut_early_rust
0.0,0.588859017695299,0.4094788780140291,0.9646766720039812,0.0,0.0,radish_healthy
2.7186952628546903,7.216892673913863,2.244486151130784,1.6083466424841921,3.3416958726644928,5.260301858973456,groundnut_nutrition_deficiency
1.6448869517494837,7.4872270608136136,3.775297125165275,2.579984814351067,3.8348636410140915,6.078315573442758,chilli_yellowish
5.107704750940155,3.540924500623519,2.500421691187167,7.840021032178273,1.61712449625836,2.902415517609124,cauliflower_downy_mildew
4.79139031715082,1.861058846064014,1.1840768662899017,2.6474408995817877,0.0,2.751543818987307,groundnut_early_leaf_spot
4.199606639140787,4.483445973911516,5.483937286883615,9.025243184419306,4.235311623656338,3.2447509465522533,cauliflower_downy_mildew
7.382162405115461,5.374381545058204,2.943344657117895,6.157053813623184,2.443443276420145,5.4860355253330315,chilli_leafspot
1.5887425801678767,4.037267276934058,1.806457146000789,1.4848610281774461,8.263423081452636,7.209493375398207,banana_bract_mosaic_virus
7.761852272547157,0.8050867032945397,0.0,5.17012857194657,2.121140705285904,3.91100434311681,chilli_leafspot
8.528424792653496,3.374837738522685,1.7394748454928393,7.01534216315512,1.8758446521836918,4.412515223563194,banana_pestalotiopsis
0.0,0.0,0.0,0.22884329302677603,0.0,0.0,banana_healthy
2.1536060028687993,6.3626306214458515,2.2219723556129987,0.0,6.032220944261692,2.8622195524218887,chilli_whitefly
2.529995268595161,2.7409750982390437,4.590404864923552,0.6427176440780344,0.0,8.000268737594945,cauliflower_Blackrot
5.923047616997057,1.4497368078425619,1.7943407908715907,2.710729279401615,2.396645254653174,5.691479258627297,groundnut_early_rust
3.8758790809003876,1.966677523590378,2.7914887488879887,5.235474663736618,1.3635890279988747,7.209037682986248,groundnut_early_rust
1.7226042945924567,4.790881634562982,2.108705314683506,0.7603653859580675,5.856482263593632,3.3935644685666793,chilli_whitefly
9.315003469022201,3.0590033699682007,1.4350938810502618,8.345425771083885,2.9201174161845738,7.833997876183495,banana_sigatoka
2.5806900592371513,6.083669800084319,4.26096817961707,3.089422861891844,0.6226674516428448,9.590600263665507,cauliflower_Blackrot
1.774086397896432,8.431735535021234,9.225818471338236,4.1026978255899955,1.4484118732724038,3.7041890626622154,banana_moko
2.369362122670471,2.9477979288120495,0.38217749347314434,1.891916912827258,6.2050385257535305,6.779219996376785,banana_bract_mosaic_virus
2.727909033851434,5.893330574399338,4.621367904372572,3.3133969275605586,4.175972448431194,8.669721190180779,groundnut_nutrition_deficiency
4.150068393995832,0.8757989133709374,3.8899884992439113,1.7533569060049545,4.487063758503638,0.2938251346497669,radish_flea_beetle
0.0,0.42979394348990096,0.0,0.0,0.01269421027120509,0.0,banana_healthy
2.7913414893363337,6.035261902327023,8.368814740049563,2.702697098112349,3.5844968117406006,3.9506772219920983,banana_moko
0.2302447678618782,5.961324608324305,4.014810340765909,0.0,2.544329052809455,5.602229730567677,groundnut_nutrition_deficiency
3.208260294418695,7.745139271245206,1.8589855986491164,1.612085288735012,3.8213916296362753,5.487990522817293,chilli_yellowish
2.9004148971118964,0.9956951554444642,3.831549929313596,2.3691352018270355,6.370519583479539,4.622643214640573,banana_insectpest
4.74131846789726,3.3218003397863685,5.327973499502197,2.5548042073852475,4.467902984849115,5.434980203853259,cauliflower_bacterial_spot_rot
5.772668666968586,2.6758078720653913,1.234324388820644,5.5542354122809225,1.0151354012226912,2.4769341635761357,groundnut_early_leaf_spot
0.0,0.0,0.7846829728443132,0.0,0.0,0.0,radish_healthy
8.766610218162269,4.7990533884476685,2.226357297881576,8.929680696607274,0.0,7.05727067046892,banana_sigatoka
2.609702369764081,3.03084151877796,2.7588975965148865,0.5097058076982313,7.077236534331078,5.530191918361675,radish_mosaic
0.24007275434767283,5.8838878761757325,10.0,6.2348662250845805,0.0,6.539792656471812,banana_panama
7.502730573036738,3.3054487756794475,3.602414428084451,3.7811095591168975,1.8448614759604651,1.8849674663859837,groundnut_early_leaf_spot
7.01900727054225,4.977688030982325,2.597859518647252,6.857584776576345,1.5574449621246067,5.423967727792844,groundnut_late_leaf_spot
8.731086597067703,4.601762165813625,3.389737912932137,6.575927689377934,0.791366014967626,7.201876649420433,banana_yb_sigatoka
6.530735271970455,3.9286720312686194,5.080850345307143,6.461051065979355,2.1293120665430516,6.700127517025544,banana_yb_sigatoka
4.555075284007389,2.9131830298191943,5.062424780527544,4.152608703033143,2.669878528253964,5.792848376389826,cauliflower_bacterial_spot_rot
0.5093041597409249,5.649295463161637,6.684535610157722,2.918554341960622,2.517957955565117,5.8876105617414005,banana_moko
0.0,0.0,0.0,0.0,0.0,0.002571570270924699,chilli_healthy
0.15963725099236603,4.091430905738466,4.072167473311188,1.3760697950933514,6.225990473837525,3.071585478008501,chilli_whitefly
0.6318533388273343,0.0,0.2717396893350465,0.09990521685935674,0.132010040666835,0.6361767500533839,banana_healthy
1.4378046639676212,6.08948169047755,9.621022796838806,2.215585031235097,1.0323476850583404,5.090833928006112,banana_moko
5.152093839380978,1.1279075084401056,3.32574335313193,1.2630488381281055,5.200000031292692,4.8752219406851225,radish_flea_beetle
5.115984700024928,3.1899363926490527,4.062699881056121,2.245257610484333,4.079658220030845,3.1554560462641157,radish_flea_beetle
0.08591966989676561,0.27662560999239183,0.0,0.0,0.2986141091266924,0.0,banana_healthy
5.8251631203341345,1.793123339582422,2.887666983784913,1.3842625696428978,0.4848709325521863,5.089973249454209,groundnut_early_leaf_spot
2.791816091143257,5.7365617581338135,3.8081506508726672,3.1496423223545955,5.056544326173109,1.3207523446253986,chilli_whitefly
3.1884634839336234,9.126600899755536,4.670394837735204,2.9966603483961607,5.042576788202612,8.392252921728513,chilli_yellowish
0.3976129534933941,0.7489002157594087,2.3413753684412963,0.4162088613454177,9.797130245108551,4.266865376961636,chilli_leafcurl
3.5158269476216395,10.0,2.5695525110806,1.3997970831513156,2.8123857918009767,7.046287890371504,chilli_yellowish
3.8256350136683945,2.287257068891406,3.5058163765877546,1.4018744225920718,5.110956452119563,1.637108528525915,radish_flea_beetle
0.8066857738402493,7.299457827517692,6.580332578318734,2.6966840938845777,3.2352957211463913,5.9560423124848905,banana_moko
2.463659184617673,8.005317065855907,7.184923216168454,0.0,2.62786782288444,3.535615172067229,banana_moko
5.406435336437166,5.579040451785422,3.792411665475218,6.897055350943751,1.525943777396519,7.3708562020288415,banana_yb_sigatoka
1.2119007893080582,3.2149788090876057,0.6010946245226307,3.8703518203553777,4.722140607265645,5.6002608417795745,chilli_whitefly
3.4742555606866192,1.8536835037016024,1.8666647431127406,2.6218100324216715,1.4619651775836364,4.791562962176969,groundnut_early_rust
6.181511473874957,3.948806782428874,5.944731551747497,4.551490585973278,4.421330975810077,6.052689962252588,cauliflower_bacterial_spot_rot
4.133409006173965,3.3614459972096897,4.22531708061997,1.1603981056758839,0.0,4.940785413407284,groundnut_early_rust
5.216936515256871,2.7361452422900108,2.59107762069113,5.090440688048315,5.005180162540171,7.036973338236776,groundnut_rust
6.65310822005009,4.787577410749898,1.0179180675288535,4.569678541721831,1.7167162044619597,7.890730279848418,groundnut_rust
0.9202612296286529,5.5703046645848175,10.0,0.547807396422938,1.5262951491052066,4.355968047162685,banana_panama
0.7562491337544367,0.603367597869802,0.4608997057764503,0.3945928678814502,1.150758838535209,0.5383087943332161,radish_healthy
4.848902851820126,4.368221174246092,3.4782463679533397,2.9787130935153954,0.0,6.543843967816493,cauliflower_Blackrot
5.034687911990953,3.5743913484705168,1.2243587955848372,3.0695795359066196,0.0,7.081037328658793,groundnut_early_rust
0.007565538674278259,0.28519582760053797,0.0,0.0,0.9210610539441959,0.23961377583497742,radish_healthy
5.089038760951237,4.308293140389678,2.197083887834744,8.964783795068604,4.362141547232348,3.1736201096358796,cauliflower_downy_mildew
2.396203777144372,3.7836729891746375,3.2444869217634427,0.5208931229973017,1.5145734165196068,6.25274420798428,cauliflower_Blackrot
7.607590804817713,3.4118866479204524,3.801424695945387,5.262021895907242,1.7393008058982826,5.974921880988706,groundnut_late_leaf_spot
3.6373832956208543,0.0,3.5664273256392516,1.922979006453417,5.787282136085304,2.381737927430109,banana_insectpest
0.024358339696903646,0.5709482684840049,0.5642728887655932,0.055440251446418676,1.004454709548064,0.0,chilli_healthy
8.993511057457443,2.4514844920964736,1.2773455275658634,5.562529107290029,0.0,4.362150279783359,banana_cordana
6.503256459444536,0.7822886081769775,3.566244679967217,2.499735245721743,6.935314181193113,1.8212357035472226,banana_insectpest
4.540025492745847,4.875694526423523,2.96864833186238,2.815247804688945,0.6343985994932128,8.744601078918995,cauliflower_Blackrot
0.38410360831586865,0.10769825272814397,0.2541343198372948,1.9631188532181634,0.0,0.8623483248805542,banana_healthy
5.037546910463799,3.0553948461336247,1.6032126430470262,8.728738903609036,1.5077957717227068,2.707191596432186,radish_downey_mildew
5.836234238636021,2.797912594762089,2.89052306274628,0.08288099648548153,6.607579218868275,2.743851864779474,banana_insectpest
1.1378669344970769,4.743863417945783,2.3730890787176055,2.7704274603394623,7.029191547842423,6.808073764043887,banana_bract_mosaic_virus
1.6617041563478232,4.666027692948108,3.553522809602409,2.337069351921406,0.3366508989457839,7.285633162767221,cauliflower_Blackrot
6.875728365846015,2.8579931804707086,0.8613694314762648,4.437781141537384,2.8445913842476793,6.18712885428106,radish_black_leaf_spot
2.8490167781420004,3.7122904059648616,2.9813144123554425,0.4295790428130333,0.8157991653162594,6.960262676057122,cauliflower_Blackrot
2.414379433490457,5.84682512698332,2.812946339428744,1.178592074837961,4.088949482865154,8.967304658207684,groundnut_nutrition_deficiency
6.614691259712112,4.035079801496856,2.658927805849758,4.5895673597023325,3.6366018562437246,5.482814178109457,radish_black_leaf_spot
2.479067747126335,5.7766351276432895,1.4201762452407514,2.8887841159480394,4.52908120439719,5.242750143748216,banana_bract_mosaic_virus
0.8650583846044196,0.0,0.13799292471026986,1.0436360808968137,0.06436434036982416,0.0,chilli_healthy
0.21613147531707774,0.23502209368410107,0.0,0.0,0.0,0.0,banana_healthy
2.392692850569734,3.6403491831470456,3.7303841180441557,3.2900254574130914,0.9948844748273487,9.031297105711344,cauliflower_Blackrot
5.000647235154655,3.3635547689984775,4.874538333717768,2.3268426997546987,2.6162256431056825,8.306669472323343,cauliflower_bacterial_spot_rot
0.27864813679738376,7.399099824306267,6.999883911852963,0.20629262426042705,1.1639168747065027,6.030462333566726,banana_panama
7.189311451917648,1.8767609843421833,0.6716995363816936,3.9482601458634976,1.3627246155454202,3.362996313142381,groundnut_early_leaf_spot
7.8004195280843796,4.290346482785214,4.041815127663864,5.049156882983221,0.0,5.815499779262776,groundnut_late_leaf_spot
3.763056127672387,9.933010400719077,1.7410455241345757,1.3382806251243176,3.2714715377095307,5.000572914368071,chilli_yellowish
6.622151249633948,5.206505401094537,3.926828129385012,2.9496117188907456,3.0873621532347713,7.052970252937179,chilli_leafspot
3.2644593836904487,4.548240167501764,2.7258511882935967,1.80889723182342,5.0404629434676735,5.950506204764622,radish_mosaic
0.0,0.9429456402143197,0.04985992305877341,0.0,0.47668916940083855,0.0,radish_healthy
2.5554867426363956,2.9897387796575883,2.578071086061758,2.2907097879443437,5.099645839775964,3.5065417378853545,chilli_whitefly
6.473909334355952,2.937020781227143,3.763482994116389,5.41683608421935,5.1774610562685055,6.544723066084529,chilli_anthracnose
6.560954809885228,5.537235519674014,3.653351843432955,4.686606766998125,1.8316692973394861,6.597381001560321,banana_yb_sigatoka
0.0,7.118612210067408,5.024884300854344,1.3352986415243588,4.125731230764718,9.357792329991899,groundnut_nutrition_deficiency
8.003511160015325,5.213490069693985,1.7151979543000837,5.366815468585996,2.00429912219934,6.766403565970384,banana_yb_sigatoka
0.0,9.56079735557478,2.2030647424443437,0.9311982401051588,1.491536310427869,6.669612966295415,chilli_yellowish
7.706055700448801,3.303429895078022,0.9447238121435615,7.149027216135105,1.960047190242196,6.543716555673781,radish_black_leaf_spot
9.58573128828241,2.8146794958706396,4.0136893333481005,7.622450842398165,2.0577866650634107,6.161133639346638,groundnut_late_leaf_spot
4.966287829485288,2.9562632156903548,2.2956348167754443,8.398356714279865,2.6121184774487274,3.312896742248167,cauliflower_downy_mildew
6.891757560718197,2.477220907294602,0.9333683623571905,6.808301802410096,0.0,6.406771072401914,banana_sigatoka
1.573509313303433,8.284699203610916,3.7981398734760905,1.3273800787334094,4.304122757444634,8.070795584076604,groundnut_nutrition_deficiency
3.4250043780499793,0.5765332861867487,2.4322282212382658,0.9623086224965225,1.738527101549463,3.4380937310867865,groundnut_early_rust
0.0,0.3939019963919183,0.27800785712902293,1.4679832962467179,0.0,0.0,radish_healthy
0.027365644214048412,7.0283706443793434,8.917864208800301,2.0345306768971985,0.7778828206945376,7.454555045080183,banana_panama
2.156987061006374,5.633466357069982,6.924980532595896,4.343500858987413,0.9266829903929582,5.101440244775936,banana_panama
9.055593196842725,4.896291984707587,1.9174003661942876,7.210663364120115,2.597375319695971,7.2679743732827085,groundnut_late_leaf_spot
4.60670709020305,3.7869357299939477,6.7257396945073555,1.5147230921792465,7.58971534326424,3.6837124286383762,banana_insectpest
5.018367889814612,3.3066926151982865,1.2674092084735598,1.3520108642870143,1.3502335756175845,5.933070794784224,groundnut_early_rust
4.592876702770623,0.0,2.9717777618466408,0.6487352469067398,6.692391185953009,2.354342689811834,banana_insectpest
2.432370641784239,4.235205973269101,1.426647660322297,1.27869252075033,5.663371903081137,6.413662737020305,radish_mosaic
6.327495822199244,1.1909639685702644,3.9631096373017978,5.139515212897008,2.232991514833996,5.898936497989678,groundnut_rust
7.250270466180066,3.1254168432909855,5.717806580401754,2.8293604772624414,2.9215251962198447,5.368330961867187,cauliflower_bacterial_spot_rot
0.10838778188131455,0.0,0.0,0.0,0.0,0.0,banana_healthy
4.774758072951156,1.7535186790047959,5.008820809903639,2.700591365357988,0.0,6.872546977782592,cauliflower_bacterial_spot_rot
5.880461835792375,2.2466940158910127,2.5791919276096844,4.414833111801704,1.2101896710354754,8.518609476422927,chilli_anthracnose
2.87581164213798,1.7848063665523621,3.2421421288451437,0.5227116589053616,8.29860094125366,5.6058995569144905,chilli_leafcurl
1.8457444480976517,6.217989853412301,5.366741036215971,4.919365128136548,2.843771050664005,5.639848781479175,banana_moko
1.9014185859289174,6.340754997905753,2.411270415653245,1.5481038629845407,6.683720736278644,7.537250272020778,banana_bract_mosaic_virus
5.30263058083771,0.9698100797054474,2.3781091318588445,4.485252835379601,0.5990401133879664,6.183083098489121,groundnut_early_rust
5.589118663999646,2.950178436878314,2.515116659697032,5.8260164444456235,2.7981272618257753,7.3209597665072605,chilli_anthracnose
9.077296457149547,4.233794773763366,2.2872307188411765,5.889297998588289,3.253854491184767,4.178987763440823,radish_black_leaf_spot
1.3467407305697807,5.133107107651839,0.6188077070932367,1.4508376220148063,5.279233572097434,6.649967500248068,banana_bract_mosaic_virus
5.667434183728584,4.108509913558507,3.623411865729963,5.8913505123019485,3.3118674764850473,3.3553265189550374,groundnut_late_leaf_spot
1.8277538752855895,10.0,4.255203947404185,2.138998075228431,2.266724742521919,8.943176775556818,groundnut_nutrition_deficiency
9.79454989429155,3.658449394895585,0.6334931680274183,6.345634041966587,0.2672893435114918,5.533824245068986,banana_pestalotiopsis
8.34423661138322,4.590316323752866,2.069147315791515,3.704135670908812,3.6954974975817647,3.954921415438479,chilli_leafspot
3.6479011198621842,4.911000554526539,3.2326313058457914,3.828316300522955,4.443681797398502,7.087145412144639,radish_mosaic
7.637483550770473,6.904880722898644,3.4799958635323276,6.1990308321584076,3.0043893855604082,7.442197104206847,banana_yb_sigatoka
9.791181414600805,2.232904639859537,2.045072560903774,4.478210454710508,1.805812688856402,3.8282795969735233,radish_black_leaf_spot
4.441207834514489,5.263875951501237,3.602644261449614,2.9028720573522717,6.133093288091526,6.66756914813799,radish_mosaic
4.841320724995767,0.0,2.215319091486544,3.7269398410387597,4.293050313864502,3.858478341704055,radish_flea_beetle
0.41388760718595885,0.4011663889422329,0.050367904060672465,1.0887770943403863,0.0,0.0,cauliflower_healthy
4.184754719518763,4.806608578259036,2.892282135271383,8.10331324615503,2.0662548243204633,3.181186688928328,radish_downey_mildew
1.485382489272712,7.499004203543272,8.720255558893133,4.1495184662588205,4.169130209323116,5.6073891865528545,banana_moko
0.8815874646863346,0.238763955555592,0.0,0.0,0.5281292267239756,0.0,groundnut_healthy
10.0,3.794205279534113,1.1183946875877688,8.147122986796914,2.4202589230979257,4.602403981785127,banana_sigatoka
0.0,0.29798165441554564,0.24164524821451155,0.4936628677265372,0.0,0.0,groundnut_healthy
2.962124665085893,4.530296415506367,1.5769772049133561,8.998510422048735,2.9847289710904055,2.8309990861933336,cauliflower_downy_mildew
4.238929413373707,5.568599505094145,0.5704358033568218,1.7878643303605957,4.8303819957272145,7.944501524490942,banana_bract_mosaic_virus
5.143375007648384,3.3568230513930635,1.3611731956805904,5.162348542847004,0.0,4.81225938418386,groundnut_early_leaf_spot
9.069612681926296,3.754773128025222,2.651470221586621,6.532974205304709,2.9789053839824833,5.722968123538836,banana_pestalotiopsis
2.4626325522101356,8.675985615058558,3.972650398736326,4.375200342060653,5.628942617052841,7.116448752693387,chilli_yellowish
0.0,1.001473542038143,0.0,0.0,0.0,0.5218884782008776,cauliflower_healthy
1.4212237148764366,8.318780028930357,10.0,3.540735659317666,2.0993274845425107,5.044139399809081,banana_moko
0.400819858451846,0.3218670005960549,0.0,0.32608394255784307,0.0,0.0,chilli_healthy
4.339238101814492,0.7831701270099971,3.440553982864035,1.414726377152887,4.036388646219966,3.3807299283169083,radish_flea_beetle
5.525014745290658,3.393151460794098,4.046508234640541,7.800509513215004,5.215554432680003,3.274583367328246,cauliflower_downy_mildew
7.647684854704079,3.197958850322506,3.279410940883967,6.002199600713378,3.2042058348996987,1.8457746315224512,groundnut_late_leaf_spot
1.4260009177585327,3.7192939711165316,3.4906250227460154,2.647930196425595,8.493933571685243,6.355541435170951,radish_mosaic
1.0269272765597004,7.440176851942531,7.11141187240141,4.0377893261892135,2.181683657542079,5.3581421767777275,banana_moko
4.119220331546401,7.001634126253867,3.265692716746229,1.6327804887324016,6.595393957066571,2.883078580537499,radish_mosaic
3.4414567065967336,4.510309552374139,0.0,0.0,3.755049694768973,6.578183819150429,banana_bract_mosaic_virus
0.6518515914087053,5.267693860704682,1.8712300844270788,0.0449860485718383,0.4909742432242621,8.294595944488135,groundnut_nutrition_deficiency
6.109228841631206,3.680661486520647,4.404552949110191,4.056323558098273,1.3326025166936004,6.1785128800028355,cauliflower_bacterial_spot_rot
8.62260145433719,4.092589630758004,1.9428607080029334,8.414436033086217,2.9949521259459178,5.66326369357984,groundnut_late_leaf_spot
7.010482632453481,0.0,1.9967173326906638,3.5264806399130633,1.4760468298167,3.7676100636474517,groundnut_early_leaf_spot
7.3111731872604,4.09777264361964,1.4047117170091012,4.5639750858704495,1.6539832786908024,4.211173590006425,radish_black_leaf_spot
9.331245883351142,1.6329814508835006,1.6311556163633223,5.49273030995935,3.393611661580086,5.407435937916392,chilli_leafspot
7.705921895548087,1.6774896532889292,2.1724849253850285,3.4986117774287426,3.710294287493506,4.977016291518391,chilli_leafspot
0.0,0.0,0.24560383270599814,0.0,0.0,0.3698265758623357,banana_healthy
9.14218646366194,2.9121819569507967,2.831278850556463,5.0368236234571215,2.3349421097008873,4.8947262604416535,radish_black_leaf_spot
1.7195920499300914,10.0,4.272485053294384,0.02171888046454762,2.1681199959396635,6.135806776513793,chilli_yellowish
2.0858505804528553,4.54941871977423,4.085321220811809,1.9706047825792905,4.88330303404251,7.12848007920935,radish_mosaic
10.0,4.177384886843832,1.3004773687912712,5.228668340520063,1.4493477859700037,3.7788982673439495,banana_pestalotiopsis
4.748640141150886,3.2375665501834447,2.800732658620052,9.427825044593723,3.603223624109978,2.6063414232949067,radish_downey_mildew
8.260649525034081,3.442279331305927,1.5873282990585476,6.562248193855283,4.139486720078173,4.703191535569812,banana_pestalotiopsis
0.40315384240288865,4.386438721366375,7.160702551852055,3.1940382320457035,2.1234302935188007,5.179210293271857,banana_moko
6.61519884933137,5.1542536270947865,2.2760849110296824,5.597291706909673,1.7991091024653536,4.505903932737347,banana_cordana
3.303980400815578,0.612301019907372,5.020095198901064,2.501216902687281,7.128933249209071,3.4648457767595877,banana_insectpest
4.176863295314304,2.3293794891541055,2.050161740102615,2.5086383297063333,0.9813542095161754,8.115782537579975,groundnut_early_rust
0.0,0.0,0.9170002091402036,0.8949421577754273,0.24326665138968231,0.0,groundnut_healthy
0.6614490676793066,7.476843485981364,7.861256606677586,0.9117165503335269,0.0,8.007441842278237,banana_panama
1.1133233471062445,4.63104691998183,4.467934719260124,2.089865101245869,0.0,6.042718849766025,cauliflower_Blackrot
1.2935689703696096,2.474853838900344,2.1264601590308243,0.5740943755609197,10.0,1.7854913382345572,chilli_leafcurl
1.0830549380050531,3.911281161691708,1.9426163251844883,2.337627845046044,4.928468185533759,5.336186354815338,chilli_whitefly
4.563411095169575,2.1665917794351897,2.948493613966814,3.6140189597808003,2.203423709283931,6.766674247317226,groundnut_rust
0.0,10.0,3.8209007745313395,1.0787958148342294,2.965960194684486,5.620979959115601,chilli_yellowish
6.582554067509482,1.7574097656444831,2.580385074256329,3.440138102033502,1.794994369260224,7.180141560831787,groundnut_rust
6.089660386344047,6.411112473612551,2.6656983314919422,8.423647098098002,2.116900811677175,3.6883757638707175,cauliflower_downy_mildew
1.7705977657193173,6.2460393470001945,7.171492579149165,2.2458093720330816,4.267046569627271,9.642658173618607,groundnut_nutrition_deficiency
2.2805411556038706,4.833240050052947,3.079116073398643,1.4480026464439264,4.367266030087899,6.339408260425458,groundnut_nutrition_deficiency
6.134596765591274,2.9047243423374076,5.342041690519234,3.6323254874961766,3.0784721288163728,5.270628023964411,cauliflower_bacterial_spot_rot
0.4258365070881829,6.0970556011799655,0.7494537134322496,0.11301257102320039,4.782395058850025,5.882959255477441,radish_mosaic
3.2104502468013862,1.4269055915134083,0.9095352698738037,9.290124144570727,1.590434582407929,3.6955483179203217,cauliflower_downy_mildew
10.0,2.049409275760201,2.3318654725879604,6.039166604029045,3.364857317154697,5.479363247122622,banana_pestalotiopsis
4.907968264147361,3.473965538028559,1.6793455715664252,3.1600229197559546,1.9448501658687918,3.0676105459677467,groundnut_early_leaf_spot
3.2188082769370894,3.356998187794713,3.533402032236518,1.917372450194455,3.8819298074703736,4.23393896532593,radish_flea_beetle
7.275034055898059,1.811488365552701,3.397357631014655,3.810172744213361,3.6222154003231863,5.493105192658125,chilli_leafspot
0.2749438409510084,0.0,0.0,0.152701340946713,0.0,0.0,groundnut_healthy
4.986703368638835,3.203542179002492,2.807384577490094,2.9486393962133333,4.560853332215258,1.9459931517828315,radish_flea_beetle
8.928257138128421,3.7388706005732475,2.591591420540516,5.729132842065438,2.5467762921063137,6.048134563351558,banana_yb_sigatoka
7.7054021462389475,3.7020842429500465,3.1658702838022084,6.839573897037301,3.046392158512236,5.271507370349161,chilli_anthracnose
4.984266750220893,2.8343613630376474,4.543085904798347,7.135338310724137,0.0,7.036293793209579,groundnut_rust
6.35664347041273,7.117791060550083,2.0708760931151344,5.731600113835867,2.396735913308487,6.321580056998687,banana_yb_sigatoka
0.3193300843215512,0.5290591625435751,0.18380992010485545,0.0740447098991381,0.0,0.0,banana_healthy
2.146480327713252,4.382700782247298,2.9020387679865074,7.560076916193507,2.2224759877613134,4.758280406989376,cauliflower_downy_mildew
2.63634981486351,3.3453354635061676,5.246057549179005,2.4255083343256194,5.659701465974102,3.195138748298721,chilli_whitefly
5.720364309538217,2.919649331621705,3.333029621371554,4.688386443790965,2.465429052098715,6.984692174002737,chilli_anthracnose
7.352269518599956,1.372101834451914,2.5597159789202317,4.9572302212430195,0.0,5.397687225348606,banana_cordana
0.0,5.006246314273936,3.4484736414910238,0.7240895761624664,0.33611079779224073,7.311556226848818,cauliflower_Blackrot
0.19316165890578,0.0,0.877737849157745,0.7865098626074282,0.0,0.0,banana_healthy
5.488845337743954,3.481269969232359,2.1270411525195936,3.535502947026698,1.485677315661548,7.282445976161541,chilli_anthracnose
1.6713607511626565,4.66924268039853,3.0065646936064483,2.1036783640989363,7.500003861422049,4.852453304802769,radish_mosaic
4.023618225892197,4.6662561627604,1.7154887132264878,1.4205467368506381,1.0524524763903806,9.46736950656009,cauliflower_Blackrot
2.675957355037577,6.0140779928314245,3.58181235667699,0.6022642484699664,4.472953310735445,7.243890248654131,groundnut_nutrition_deficiency
5.634342076416889,3.4531697268428707,2.2175491029752927,0.0,4.668157191176563,3.877289643679149,radish_mosaic
4.646387984246413,1.0579588679449743,1.9840300923886343,3.5298002687408148,3.1418445142488776,2.5828742614226816,radish_flea_beetle
3.7115218291739067,3.9214124336017337,2.7664984043523986,8.040644659322293,1.4317719421349633,3.78202583331252,cauliflower_downy_mildew
8.192733562586202,2.9781997423134547,5.525825680586924,3.200056867006333,2.189146163809569,5.832916096174109,chilli_leafspot
7.134312093472965,3.1855679503516168,1.1331996513797549,4.529264935378774,1.584381649190636,4.808733268420371,groundnut_early_leaf_spot
6.04985448934097,4.099494223806448,2.5021004662556074,7.8023435582263145,3.69362823409475,5.942414723612339,banana_pestalotiopsis
5.517540580263558,1.5910291530226626,4.8508388733458006,3.9054965365064316,3.566699258972628,5.144026919663746,cauliflower_bacterial_spot_rot
6.940955529023411,3.566083141988178,4.863757444247227,8.127374068945308,1.3094078778886264,5.693343956758207,groundnut_late_leaf_spot
10.0,1.9528490861311179,1.247488610273245,6.950898957765917,0.8242231951262063,7.207693248031866,banana_sigatoka
3.3199288841309063,0.1769917293841594,1.7171704969747241,2.8961176865122837,1.602021104214915,3.9957286213732246,radish_flea_beetle
7.691548368705754,4.669862807713939,0.0,5.788173228770907,2.586045334696829,4.19052013129814,radish_black_leaf_spot
3.3978589686261618,0.35304134253907904,4.3875694043412015,1.9267952337735397,7.6002885633238835,2.3596796322729996,banana_insectpest
6.166624483781711,1.5718642049131346,1.2401860983049329,2.025305162759212,2.1928792059918587,3.9496899689820744,radish_flea_beetle
2.803447405169206,4.374264165928974,3.409770319145814,2.1547172528460665,5.399813429451252,6.56543499963882,radish_mosaic
2.893336867438342,2.9703628282980095,3.419697378297578,5.03520406054472,3.2637457430285632,3.406602431422027,cauliflower_downy_mildew
0.0,0.5882758166640346,0.27606813207089237,0.0,0.0,0.3083720116992529,radish_healthy
5.17315581184717,6.88950362931481,4.303776147468458,6.534911821460554,4.288988807063921,5.827163059019547,banana_yb_sigatoka
1.1332397744556892,1.3056187350554538,2.0877692139109216,0.0,9.83219498472552,2.5834018156028336,chilli_leafcurl
2.0584206618818524,2.5561524267994606,3.4678171792529033,0.5641009812966036,10.0,3.7331270187044128,chilli_leafcurl
9.9667526331198,5.0896271950434295,2.1510725462253744,8.651826798898156,2.392393415924117,3.997850595233318,banana_pestalotiopsis
4.515393531261141,1.4255643427904654,1.6156087782881177,0.8876544171152663,10.0,4.020897098797877,chilli_leafcurl
5.003976537839058,2.7063342152394148,5.0953263841407885,2.3643701604873177,2.371915620749151,2.775488984484931,radish_flea_beetle
4.791848928808076,3.719073156797267,1.11209152578139,4.30614770574814,1.3171616968911461,6.842072161882447,groundnut_early_leaf_spot
5.870353620484103,0.367622488489352,3.553473913798558,7.381478162382338,4.1076535851535905,5.855678424627795,cauliflower_downy_mildew
7.638537027136181,2.5932868423810285,2.169871120274953,4.843787579703541,2.5587173000688406,5.474837007929605,chilli_leafspot
1.8519871231446674,7.370856931639184,7.213174736646268,2.7171465061719977,0.8726441096168209,6.343093901076915,banana_moko
2.3472199039527797,5.512851254564957,2.337567377866607,2.711664860339625,0.5337915194573768,8.990668489843479,cauliflower_Blackrot
5.139513485637385,1.928701782473007,6.226603977753116,2.26908169344235,6.58428819279172,1.0661191690766065,banana_insectpest
0.3993241035955717,0.4609683006426779,0.46151671861786464,0.27562796116735494,0.0,0.8504857597082499,cauliflower_healthy
0.7045783759826048,7.132753721636544,4.580609350031754,1.9492017252077447,2.0882009756475117,6.257798305797878,cauliflower_Blackrot
0.0,0.0,0.32872831334458186,0.0,0.16935192997018533,0.0,radish_healthy
6.846941055546959,4.8133859162968164,0.25858917193812947,4.985493262584734,0.0,4.436358259149961,banana_cordana
3.3398616604761533,1.8235694918829801,5.00888137855546,2.249363008823976,5.448849583417285,2.3613977242473725,banana_insectpest
7.791746698926335,5.498963270864534,2.2490723475218686,6.275909214501525,2.933357157053258,6.121240540315494,banana_yb_sigatoka
5.293007473283205,2.9127509247164545,3.9415534955500187,4.999496955265169,2.074324425821181,6.730167563340616,groundnut_rust
0.08698078432951939,2.036322405330343,1.5435453612320997,2.036326608263545,9.629837990070154,3.794907935830308,chilli_leafcurl
3.819110117640872,2.5997250273553965,1.1318869606593298,9.321153138035156,3.071387739868351,4.034486129688162,radish_downey_mildew
4.059296182839576,2.507168404962942,4.727682895249743,6.068703027899044,3.6390445196778174,2.947188965562468,radish_downey_mildew
0.18745384315038788,0.0,0.0,0.5691407224447896,0.15470809257102516,0.0,cauliflower_healthy
2.1841291437104,3.838818102389285,2.999993112949296,1.8935596559187966,3.785601870086315,5.858016611659346,groundnut_nutrition_deficiency
2.331733689815845,2.1893137271525234,2.68315801723472,0.22769008696171844,6.112754311049157,4.430279201296288,banana_insectpest
7.946376318271772,2.533505647594198,1.4359457778141578,4.3846076951183655,0.8152086081608356,4.725091875940215,chilli_leafspot
3.242323862995603,6.041769048599798,8.037360710357785,0.6234085867859462,2.3078859509089966,5.314579231098977,banana_panama
8.241591161145937,3.540817182026179,1.7370696880626932,6.184834716878965,3.4489352527555255,5.532633476876496,groundnut_late_leaf_spot
6.1187837844483015,2.871072294195648,1.211752061247927,5.673206862465626,2.1403351401859356,4.386456645190831,groundnut_early_leaf_spot
7.5261708865716725,3.0235399892327877,2.807433483160184,5.710176960489654,0.5751511468707715,3.311677872523719,banana_cordana
3.9062691878646527,2.36716399473587,4.851465726646942,6.522825803833689,2.014083643666323,4.632926382231996,cauliflower_downy_mildew
9.904411135851294,2.904426342589542,1.6274522445415207,5.897439042471179,4.587769001129824,5.486827432469706,radish_black_leaf_spot
0.0,0.0,0.0,0.8159444241851104,0.14814768275183382,0.047369237916453304,chilli_healthy
3.2477147475257384,1.5900578398756207,3.5595859790199507,2.7067102102915923,9.263844170848735,3.8644354288611185,chilli_leafcurl
1.7169001648254514,6.511737706594751,7.358291994986812,3.353965746850586,0.20329082578562652,6.537127492000073,banana_moko
9.462329809201396,2.579770763575198,0.0,4.0842230229072936,1.7834475108363324,4.131793869125591,chilli_leafspot
1.9047338907131566,6.639440861535156,6.793278349172641,3.4321970207349204,1.35482509066422,5.786484595820284,banana_moko
1.7768906228614751,5.0807262853668265,10.0,1.5185856018931247,0.7616404593833848,4.47168895473632,banana_moko
0.11292091701865364,0.0,0.0,0.8364948514224764,0.0,0.0,chilli_healthy
3.4663766952399726,4.677654051274323,2.6936381883291536,5.361647587561974,0.41539938036502655,5.338869103817583,cauliflower_Blackrot
9.722685191796348,1.8059129429896443,0.5179491414827613,6.107274334717936,1.4688928486710127,5.009273471810822,banana_pestalotiopsis
6.465771782366378,4.378817635262879,3.2036221090293013,8.240473741851622,3.7338203447117695,4.695493416536617,cauliflower_downy_mildew
0.0,0.5614846857928678,0.32798027607068675,0.0,0.0,0.0,chilli_healthy
3.910637496845816,7.412091171877743,1.2961709584980328,0.5711486816658069,3.161264930255377,3.629530489170804,chilli_yellowish
8.789771643203077,3.5256597423805833,4.9115569152328575,7.758252604177657,0.9301478121745943,5.0836451233151365,banana_pestalotiopsis
2.3889996229861303,4.843828334758778,2.1163951579912617,1.7141884305242963,5.018135180119833,9.510864730822552,banana_bract_mosaic_virus
4.039402970921568,4.842757174573238,5.139737423991007,8.089288006311376,4.96632052691823,3.962390616796333,cauliflower_downy_mildew
7.363318604374657,2.5346977025686455,3.9394129678097904,5.692011573847161,3.1830790795390933,3.9126645523731303,radish_black_leaf_spot
6.561971010745454,3.2615498107648846,1.5711348024041214,4.7734392247756565,2.9586943106786388,3.644834195336562,groundnut_early_leaf_spot
4.723027756903077,5.341480148569431,3.3267389775732785,1.698999593826523,2.974425942724894,7.717802146098683,cauliflower_Blackrot
3.0070605334204483,4.154803309616541,0.4793828205194406,2.783456445766746,4.6520013387836485,5.319555810562241,chilli_whitefly
2.5928020007636214,5.980040059990839,3.5416524549660062,1.9009722866219285,2.4050133158022584,8.17059947111477,groundnut_nutrition_deficiency
4.715764559816902,3.7623764174468644,1.913657973508019,0.0,5.800308389215032,2.429574284010898,radish_flea_beetle
8.843904593715136,2.8714698413569777,0.0,6.340545633405696,0.2902812155342127,6.745057956744333,banana_yb_sigatoka
0.2116267734150108,8.036988534740864,4.225200010170325,2.468152167419375,3.3868741141523273,6.991938800754036,groundnut_nutrition_deficiency
6.79004829196551,2.0931058086085863,2.6438118122844845,3.9218384218507554,1.0338173888429538,3.9890572040269556,banana_cordana
8.113713291034395,3.4717636602266704,2.1060404985243815,4.207909120279227,1.013810649646675,3.3166204561140953,radish_black_leaf_spot
0.3029660471622944,0.0,0.07107400626502026,0.0,0.0,0.7766395938462465,groundnut_healthy
2.6775865469700517,5.417208250693999,1.3842536063317055,1.9317957773516603,0.0,6.550035781208801,cauliflower_Blackrot
2.781919754860913,3.870342216632882,1.7265026194332367,1.8079535917047866,1.390582134789541,9.319501357193204,cauliflower_Blackrot
3.9620796734330233,8.574032139127194,6.689430087885521,2.6955887069491427,1.5858023534602443,5.587105442091593,banana_moko
6.303371860234333,3.7062940853047315,4.003885405221688,5.473605835787577,0.0,4.533523201864169,banana_cordana
6.9743592467818765,2.103345985022612,0.0,6.06085447563326,1.88421267651092,3.6624069314581438,banana_cordana
3.0534917573036022,7.521361840424275,3.300314085174567,0.874493008876299,0.9736893592471119,7.9414434850358,chilli_yellowish
5.584789623213114,1.5560774524271443,1.719683677209221,4.753354802099398,1.7077492995552193,4.540692666118926,radish_black_leaf_spot
2.369711181691031,0.704316414468982,1.5738416320456632,1.8784631375581606,6.281874903302744,1.8400945308176218,banana_insectpest
2.879467773235896,6.761060513861176,4.837137369658968,0.735068075678644,4.327687579669387,6.713103153254436,groundnut_nutrition_deficiency
0.10642613358134206,0.13880967009126424,0.12193814933516194,0.479754929880522,0.4326823501085606,0.0,radish_healthy
2.8588810894050085,9.873234280698941,10.0,2.1759415883960456,3.948661991373383,5.45980182771068,banana_moko
0.25820746157964714,7.078214045461877,8.009000672114343,4.2156751047190975,3.3200316972572286,6.308100958394145,banana_panama
3.7322820068327953,5.56969052580787,4.453065679405492,1.781551482697213,3.196892589797514,8.591834826187855,cauliflower_Blackrot
4.685665992290775,0.19671647397448444,7.081715351748293,2.7154381083759147,2.39229303708701,5.878310604333763,cauliflower_bacterial_spot_rot
7.228378008746432,2.3167665694909583,2.477768001362648,6.950268530894759,3.533451825250366,3.552669046642296,cauliflower_downy_mildew
6.77765480934675,2.8442151603198886,2.0525737663749317,4.823597598045813,2.1566549401538913,6.6526276019096215,banana_cordana
1.5519578899962987,6.399762619484805,7.796177170786724,4.964087954196767,1.7800391485685632,4.9762467865751505,banana_moko
4.634072529349574,4.042425140602312,2.4705165059129577,2.8526124256787577,4.613010375354245,2.4526190313839744,radish_flea_beetle
